"Address","Content Type","Status Code","Status","Indexability","Indexability Status","Title 1","Title 1 Length","Title 1 Pixel Width","Meta Description 1","Meta Description 1 Length","Meta Description 1 Pixel Width","Meta Keywords 1","Meta Keywords 1 Length","H1-1","H1-1 Length","H1-2","H1-2 Length","H2-1","H2-1 Length","H2-2","H2-2 Length","Meta Robots 1","X-Robots-Tag 1","Meta Refresh 1","Canonical Link Element 1","rel=""next"" 1","rel=""prev"" 1","HTTP rel=""next"" 1","HTTP rel=""prev"" 1","amphtml Link Element","Size (Bytes)","Transferred (Bytes)","Total Transferred (Bytes)","CO2 (mg)","Carbon Rating","Word Count","Sentence Count","Average Words Per Sentence","Flesch Reading Ease Score","Readability","Text Ratio","Crawl Depth","Folder Depth","Link Score","Inlinks","Unique Inlinks","Unique JS Inlinks","% of Total","Outlinks","Unique Outlinks","Unique JS Outlinks","External Outlinks","Unique External Outlinks","Unique External JS Outlinks","Closest Near Duplicate Match","No. Near Duplicates","Spelling Errors","Grammar Errors","Hash","Response Time","Last Modified","Redirect URL","Redirect Type","Cookies","Language","HTTP Version","Mobile Alternate Link","Closest Semantically Similar Address","Semantic Similarity Score","No. Semantically Similar","Semantic Relevance Score","URL Encoded Address","Crawl Timestamp"
"https://www.unityverseacademy.com/","text/html; charset=utf-8","200","OK","Non-Indexable","Canonicalised","En İyi Staj Garantili Yazılım, Oyun ve Tasarım Kursları","55","471","En iyi Staj garantili yazılım, oyun, uygulama geliştirme, grafik tasarım, siber güvenlik eğitimleri,  E-devlet ve uluslararası sertifikalarla meslek kursları","157","892","staj garantili eğitim, yazılım kursu, oyun geliştirme, grafik tasarım, siber güvenlik, 3D modelleme, mobil uygulama geliştirme, yapay zeka, e-devlet sertifikası, meslek kursları","177","En çok tercih edilen eğitimler","30","Eğitmenlerimiz","14","'","1","","0","","","","https://unityverseacademy.com/","","","","","","233255","40755","40755","6,040","","2242","503","4,457","13,716","Very Hard","8,068","0","0","","850","210","0","93,330","265","77","0","7","7","0","","","","","23e73854ac725f024029cb73092ce40c","0,429","","","","","tr","1.1","","","","","","https://www.unityverseacademy.com/","2026-07-27 17:45:29"
"https://www.unityverseacademy.com/public/tema10/js/themejs/application.js?v=5.4.94","application/javascript; charset=UTF-8","200","OK","Indexable","","","0","0","","0","0","","0","","0","","0","","0","","0","","","","","","","","","","0","0","0","0,000","","0","","","","","0,000","1","4","","0","0","0","0,000","0","0","0","0","0","0","","","","","","0,304","Wed, 17 Jun 2026 19:04:45 GMT","","","","","1.1","","","","","","https://www.unityverseacademy.com/public/tema10/js/themejs/application.js?v=5.4.94","2026-07-27 17:45:30"
"https://www.unityverseacademy.com/public/tema10/css/mfb.css?v=5.4.94","text/css; charset=UTF-8","200","OK","Indexable","","","0","0","","0","0","","0","","0","","0","","0","","0","","","","","","","","","","0","0","0","0,000","","0","","","","","0,000","1","3","","0","0","0","0,000","0","0","0","0","0","0","","","","","","0,420","Wed, 17 Jun 2026 19:04:45 GMT","","","","","1.1","","","","","","https://www.unityverseacademy.com/public/tema10/css/mfb.css?v=5.4.94","2026-07-27 17:45:30"
"https://www.unityverseacademy.com/kategori/3d-modelleme-egitimleri-247/","text/html; charset=utf-8","200","OK","Non-Indexable","Canonicalised","3B Modelleme Eğitimleri","23","218","3d eğitim, blender, modelleme, modelling, substance 3d, maya, autodesk, maya kursu, maya eğitimi, maya","102","648","3d eğitim, blender, modelleme, modelling, substance 3d, maya, autodesk, maya kursu, maya eğitimi, maya","102","3D Modelleme Eğitimleri","23","","0","","0","","0","","","","https://unityverseacademy.com/kategori/3d-modelleme-egitimleri-247/","","","","","","188455","31344","31344","4,645","","1147","318","3,607","65,395","Normal","4,442","1","2","","467","210","0","93,330","172","72","0","7","7","0","","","","","a16af15f671d7687da7e099615d2955f","0,398","","","","","tr","1.1","","","","","","https://www.unityverseacademy.com/kategori/3d-modelleme-egitimleri-247/","2026-07-27 17:45:30"
"https://www.unityverseacademy.com/urun/2b-oyun-karakter-tasarimi-ve-animasyon-canli-online-egitimi-553/","text/html; charset=utf-8","200","OK","Non-Indexable","Canonicalised","2B Oyun Karakter Tasarımı ve Animasyon Canlı (Online) Eğitimi","61","562","2026 Python bootcamp sıfırdan ileri seviye online kursu. Yapay zeka, veri bilimi ve otomasyon için Python öğrenin!","114","698","Python bootcamp online, sıfırdan Python 2026, yapay zeka Python kursu, online Python eğitimi","92","2B Oyun Karakter Tasarımı ve Animasyon Canlı (Online) Eğitimi","61","","0","2B Oyun Karakter Tasarımı ve Animasyon Eğitimi Eğitmen: Nevin Eryılmaz (CV için tıklayınız.) Nevin Eryılmaz, geleneksel ve dijital tasarım alanlarındaki 20 yılı aşkın sektör deneyimi yanı sıra, İstinye Üniversitesi'nde Bilgisayar Destekli Tasarım ve Animasyon önlisans ve Dijital Oyun Tasarımı lisans programlarının kurucusudur. Üniversitenin Dijital Oyun Tasarımı bölümündeki tasarım ve yazılım merkezli eğitim anlayışının öncüsü olmakla beraber, 2021 yılında aynı üniversitede Türkiye'nin ilk YÖK onaylı Dijital Oyun Araştırma Merkezi olan Dijital Oyun Geliştirme ve Animasyon Araştırma Uygulama Merkezi'ni kurmuştur ve iki sene boyunca Merkez Müdürü olarak görev almıştır. Merkez'de üniversitenin Animasyon ve Dijital Oyun Tasarımı programlarındaki öğrencilerin kendi oyunlarını geliştirerek oyun marketlerinde yayınlaması ve ticarileşmeleri desteklenmiştir. Eryılmaz'ın sektör ve akademi deneyimli kadrosunun etkisi ile, İstinye Üniversitesi Dijital Oyun Tasarımı bölümü iki senede Türkiye'nin ilk tercih edilen 3 üniversitesi arasına yerleşmiştir. Eryılmaz'ın Milli Eğitim Bakanlığı ve çeşitli dijital oyun şirketleri ortaklığında gerçekleşen proje ve çalışmaları devam etmektedir.","1186","Öğr. Gör. Nevin Eryılmaz'ın katıldığı programlardan bir kaçı:","61","","","","https://unityverseacademy.com/urun/2026-python-bootcamp-sifirdan-python-canli-online-egitimi-8/","","","","","","169660","55139","55139","8,172","","1896","414","4,580","9,070","Very Hard","9,569","1","2","","54","7","0","3,110","111","46","0","11","11","0","","","","","daf9d28eb197256580a6018b2e848ea7","0,246","","","","","tr","1.1","","","","","","https://www.unityverseacademy.com/urun/2b-oyun-karakter-tasarimi-ve-animasyon-canli-online-egitimi-553/","2026-07-27 17:45:30"
"https://www.unityverseacademy.com/uploads/p/cd/DHpznJYyvjk7.webp","image/webp","200","OK","Indexable","","","0","0","","0","0","","0","","0","","0","","0","","0","","","","","","","","","","70938","70938","70938","10,513","","0","","","","","0,000","1","3","","0","0","0","0,000","0","0","0","0","0","0","","","","","","0,146","Thu, 18 Jun 2026 12:21:14 GMT","","","","","1.1","","","","","","https://www.unityverseacademy.com/uploads/p/cd/DHpznJYyvjk7.webp","2026-07-27 17:45:30"
"https://www.unityverseacademy.com/uploads/p/cd/w2oWBxc7O6gy.png","image/png","200","OK","Indexable","","","0","0","","0","0","","0","","0","","0","","0","","0","","","","","","","","","","5509","5509","5509","0,816","","0","","","","","0,000","1","3","","0","0","0","0,000","0","0","0","0","0","0","","","","","","0,334","Thu, 18 Jun 2026 12:21:14 GMT","","","","","1.1","","","","","","https://www.unityverseacademy.com/uploads/p/cd/w2oWBxc7O6gy.png","2026-07-27 17:45:30"
"https://www.unityverseacademy.com/kategori/staj-garantili-egitimler-266/","text/html; charset=utf-8","200","OK","Non-Indexable","Canonicalised","Staj Garantili Eğitimler, Yazılım Eğitimleri","44","366","Staj Garantili Eğitimler, Yazılım Eğitimleri","44","247","","0","Staj Garantili Eğitimler","24","","0","","0","","0","","","","https://unityverseacademy.com/kategori/staj-garantili-egitimler-266/","","","","","","138241","28953","28953","4,291","","614","195","3,149","67,094","Normal","3,610","1","2","","226","210","0","93,330","109","50","0","7","7","0","","","","","d44e99adb63b9774e4614d900911206d","0,203","","","","","tr","1.1","","","","","","https://www.unityverseacademy.com/kategori/staj-garantili-egitimler-266/","2026-07-27 17:45:30"
"https://www.unityverseacademy.com/public/tema10/css/themecss/lib.css?v=5.4.94","text/css; charset=UTF-8","200","OK","Indexable","","","0","0","","0","0","","0","","0","","0","","0","","0","","","","","","","","","","0","0","0","0,000","","0","","","","","0,000","1","4","","0","0","0","0,000","0","0","0","0","0","0","","","","","","0,539","Wed, 17 Jun 2026 19:04:45 GMT","","","","","1.1","","","","","","https://www.unityverseacademy.com/public/tema10/css/themecss/lib.css?v=5.4.94","2026-07-27 17:45:30"
"https://www.unityverseacademy.com/kategori/oyun-gelistirme-egitimleri-244/","text/html; charset=utf-8","200","OK","Non-Indexable","Canonicalised","Oyun Geliştirme Eğitimleri","26","233","Oyun sektörü hızla büyüyor. Eğer sende bu büyümeye ayak uydurmak istiyorsan bizimle hemen iletişime geç.","104","666","","0","Oyun Geliştirme Eğitimleri","26","","0","","0","","0","","","","https://unityverseacademy.com/kategori/oyun-gelistirme-egitimleri-244/","","","","","","174998","30593","30593","4,534","","971","274","3,544","62,441","Normal","4,126","1","2","","467","210","0","93,330","154","66","0","7","7","0","","","","","494348262b09a9c415c4fbca25bfb14c","0,258","","","","","tr","1.1","","","","","","https://www.unityverseacademy.com/kategori/oyun-gelistirme-egitimleri-244/","2026-07-27 17:45:31"
"https://www.unityverseacademy.com/uploads/p/cd/w9pfIhHMitlV.webp","image/webp","200","OK","Indexable","","","0","0","","0","0","","0","","0","","0","","0","","0","","","","","","","","","","49030","49030","49030","7,266","","0","","","","","0,000","1","3","","0","0","0","0,000","0","0","0","0","0","0","","","","","","0,655","Wed, 17 Jun 2026 19:04:47 GMT","","","","","1.1","","","","","","https://www.unityverseacademy.com/uploads/p/cd/w9pfIhHMitlV.webp","2026-07-27 17:45:30"
"https://www.unityverseacademy.com/uploads/f/pblcookie.js","application/javascript; charset=UTF-8","200","OK","Indexable","","","0","0","","0","0","","0","","0","","0","","0","","0","","","","","","","","","","0","0","0","0,000","","0","","","","","0,000","1","2","","0","0","0","0,000","0","0","0","0","0","0","","","","","","0,411","Wed, 17 Jun 2026 19:04:45 GMT","","","","","1.1","","","","","","https://www.unityverseacademy.com/uploads/f/pblcookie.js","2026-07-27 17:45:31"
"https://www.unityverseacademy.com/urun/grafik-tasarim-ve-video-efekt-uzmanligi-yuz-yuze-egitimi-staj-garantili-613/","text/html; charset=utf-8","200","OK","Non-Indexable","Canonicalised","Grafik Tasarım Kursu & Video Efekt Uzmanlığı – Yüz Yüze (Staj Garantili)","72","648","2026 Python bootcamp sıfırdan ileri seviye online kursu. Yapay zeka, veri bilimi ve otomasyon için Python öğrenin!","114","698","Python bootcamp online, sıfırdan Python 2026, yapay zeka Python kursu, online Python eğitimi","92","Grafik Tasarım Kursu & Video Efekt Uzmanlığı – Yüz Yüze (Staj Garantili)","72","","0","Grafik Tasarım ve Video Efekt Uzmanlığı Eğitimi","47","","0","","","","https://unityverseacademy.com/urun/2026-python-bootcamp-sifirdan-python-canli-online-egitimi-8/","","","","","","171988","42338","42338","6,274","","3225","755","4,272","14,989","Very Hard","15,625","1","2","","48","6","0","2,670","98","48","0","10","10","0","","","","","befe3519c7f415905d9afedc824370d8","0,336","","","","","tr","1.1","","","","","","https://www.unityverseacademy.com/urun/grafik-tasarim-ve-video-efekt-uzmanligi-yuz-yuze-egitimi-staj-garantili-613/","2026-07-27 17:45:31"
"https://www.unityverseacademy.com/urun/c-programlama-canli-online-egitimi-10/","text/html; charset=utf-8","200","OK","Non-Indexable","Canonicalised","C# (C Sharp) Programlama Kursu – Canlı Online Eğitim","52","491","2026 Python bootcamp sıfırdan ileri seviye online kursu. Yapay zeka, veri bilimi ve otomasyon için Python öğrenin!","114","698","Python bootcamp online, sıfırdan Python 2026, yapay zeka Python kursu, online Python eğitimi","92","C# (C Sharp) Programlama Kursu – Canlı Online Eğitim","52","","0","C# Programlama Eğitimi","22","C# Kursu | Ne Öğreneceğim?","26","","","","https://unityverseacademy.com/urun/2026-python-bootcamp-sifirdan-python-canli-online-egitimi-8/","","","","","","149448","38956","38956","5,773","","2467","517","4,772","9,507","Very Hard","14,216","1","2","","19","6","0","2,670","79","47","0","13","12","0","","","","","db5ac08f1c8a0d10c76c3857a1ef33b4","0,856","","","","","tr","1.1","","","","","","https://www.unityverseacademy.com/urun/c-programlama-canli-online-egitimi-10/","2026-07-27 17:45:30"
"https://www.unityverseacademy.com/blog-detay/suat-erizin-ayes-celikteki-yazilim-gelistirici-ve-kalite-kontrol-gorevi-97/","text/html; charset=utf-8","200","OK","Non-Indexable","Canonicalised","Suat Eriz'in AYES Çelik'teki Yazılım Geliştirici ve Kalite Kontrol Görevi","73","612","Suat Eriz","9","55","unreal engine,","14","Suat Eriz'in AYES Çelik'teki Yazılım Geliştirici ve Kalite Kontrol Görevi","73","","0","","0","","0","","","","https://unityverseacademy.com/blog-detay/suat-erizin-ayes-celikteki-yazilim-gelistirici-ve-kalite-kontrol-gorevi-97/","","","","","","97866","24903","24903","3,691","","592","137","4,321","36,536","Hard","5,359","1","2","","17","4","0","1,780","76","52","0","9","9","0","","","","","461de0d389c6cf4a7259195b2973bf66","0,130","","","","","tr","1.1","","","","","","https://www.unityverseacademy.com/blog-detay/suat-erizin-ayes-celikteki-yazilim-gelistirici-ve-kalite-kontrol-gorevi-97/","2026-07-27 17:45:31"
"https://www.unityverseacademy.com/urun/blender-3b-oyun-modelleme-canli-online-egitim-2/","text/html; charset=utf-8","200","OK","Non-Indexable","Canonicalised","Blender 3D Oyun Modelleme Kursu – Online Canlı (Karakter & Çevre Asset)","71","665","2026 Python bootcamp sıfırdan ileri seviye online kursu. Yapay zeka, veri bilimi ve otomasyon için Python öğrenin!","114","698","Python bootcamp online, sıfırdan Python 2026, yapay zeka Python kursu, online Python eğitimi","92","Blender 3D Oyun Modelleme Kursu – Online Canlı (Karakter & Çevre Asset)","71","","0","Blender ile 3D Modelleme Eğitimi","32","Ne Öğreneceğim?","15","","","","https://unityverseacademy.com/urun/2026-python-bootcamp-sifirdan-python-canli-online-egitimi-8/","","","","","","156950","37982","37982","5,629","","2140","451","4,745","11,076","Very Hard","11,564","1","2","","26","8","0","3,560","84","48","0","11","11","0","","","","","748b630a9286fe26ec7e408077db83ed","0,226","","","","","tr","1.1","","","","","","https://www.unityverseacademy.com/urun/blender-3b-oyun-modelleme-canli-online-egitim-2/","2026-07-27 17:45:31"
"https://www.unityverseacademy.com/os/KARIYER-14/","text/html; charset=utf-8","200","OK","Non-Indexable","Canonicalised","KARIYER iŞ","10","100","KARIYER","7","56","KARIYER iŞ","10","","0","","0","","0","","0","","","","https://unityverseacademy.com/os/kariyer-is-14/","","","","","","97751","24136","24136","3,577","","251","83","3,024","55,463","Fairly Hard","2,683","1","2","","212","210","0","93,330","63","41","0","7","7","0","","","","","a1d6af077979255fe4badb7532505804","0,655","","","","","tr","1.1","","","","","","https://www.unityverseacademy.com/os/KARIYER-14/","2026-07-27 17:45:31"
"https://www.unityverseacademy.com/kategori/animasyon-egitimleri-248/","text/html; charset=utf-8","200","OK","Non-Indexable","Canonicalised","Animasyon Eğitimleri","20","189","Animasyon Eğitimleri","20","130","","0","Animasyon Eğitimleri","20","","0","","0","","0","","","","https://unityverseacademy.com/kategori/animasyon-egitimleri-248/","","","","","","141941","29016","29016","4,300","","630","203","3,103","63,222","Normal","3,613","1","2","","467","210","0","93,330","112","52","0","7","7","0","","","","","740f0ca46cd272a6ccdd9f5327a06255","0,235","","","","","tr","1.1","","","","","","https://www.unityverseacademy.com/kategori/animasyon-egitimleri-248/","2026-07-27 17:45:31"
"https://www.unityverseacademy.com/uploads/p/p/s/yazilim-test-otomasyonu-canli-online-egitimi-staj-garantili_1.jpg?v=1761897326","image/jpeg","200","OK","Indexable","","","0","0","","0","0","","0","","0","","0","","0","","0","","","","","","","","","","47905","47905","47905","7,100","","0","","","","","0,000","1","4","","0","0","0","0,000","0","0","0","0","0","0","","","","","","0,199","Wed, 17 Jun 2026 19:04:47 GMT","","","","","1.1","","","","","","https://www.unityverseacademy.com/uploads/p/p/s/yazilim-test-otomasyonu-canli-online-egitimi-staj-garantili_1.jpg?v=1761897326","2026-07-27 17:45:32"
"https://www.unityverseacademy.com/kategori/senaryo-sinema-ve-yonetmenlik-egitimleri-252/","text/html; charset=utf-8","200","OK","Non-Indexable","Canonicalised","Senaryo, Sinema ve Yönetmenlik Eğitimleri","41","382","Senaryo, Sinema ve Yönetmenlik Eğitimleri","41","259","","0","Senaryo, Sinema ve Yönetmenlik Eğitimleri","41","","0","","0","","0","","","","https://unityverseacademy.com/kategori/senaryo-sinema-ve-yonetmenlik-egitimleri-252/","","","","","","135099","28703","28703","4,254","","593","189","3,138","59,274","Fairly Hard","3,655","1","2","","467","210","0","93,330","103","49","0","7","7","0","","","","","62cc385e03e0653989f9db84b2a86485","0,871","","","","","tr","1.1","","","","","","https://www.unityverseacademy.com/kategori/senaryo-sinema-ve-yonetmenlik-egitimleri-252/","2026-07-27 17:45:31"
"https://www.unityverseacademy.com/uploads/p/p/s/unity-ile-oyun-gelistirme-canli-online-egitimi-staj-garantili_1.jpeg?v=1781632188","image/jpeg","200","OK","Indexable","","","0","0","","0","0","","0","","0","","0","","0","","0","","","","","","","","","","49870","49870","49870","7,391","","0","","","","","0,000","1","4","","0","0","0","0,000","0","0","0","0","0","0","","","","","","0,384","Thu, 18 Jun 2026 12:21:14 GMT","","","","","1.1","","","","","","https://www.unityverseacademy.com/uploads/p/p/s/unity-ile-oyun-gelistirme-canli-online-egitimi-staj-garantili_1.jpeg?v=1781632188","2026-07-27 17:45:32"
"https://www.unityverseacademy.com/uploads/p/p/s/autodesk-fusion-360-endustriyel-urun-tasarimi-uzmanligi-canli-online-egitimi_1.jpg?v=1762940099","image/jpeg","200","OK","Indexable","","","0","0","","0","0","","0","","0","","0","","0","","0","","","","","","","","","","36817","36817","36817","5,456","","0","","","","","0,000","1","4","","0","0","0","0,000","0","0","0","0","0","0","","","","","","0,391","Wed, 17 Jun 2026 19:04:47 GMT","","","","","1.1","","","","","","https://www.unityverseacademy.com/uploads/p/p/s/autodesk-fusion-360-endustriyel-urun-tasarimi-uzmanligi-canli-online-egitimi_1.jpg?v=1762940099","2026-07-27 17:45:32"
"https://www.unityverseacademy.com/urun/2b-cizgi-film-ve-animasyon-uzmanligi-canli-online-egitimi-565/","text/html; charset=utf-8","200","OK","Non-Indexable","Canonicalised","2B Çizgi Film ve Animasyon Uzmanlığı Canlı (Online) Eğitimi","59","533","2026 Python bootcamp sıfırdan ileri seviye online kursu. Yapay zeka, veri bilimi ve otomasyon için Python öğrenin!","114","698","Python bootcamp online, sıfırdan Python 2026, yapay zeka Python kursu, online Python eğitimi","92","2B Çizgi Film ve Animasyon Uzmanlığı Canlı (Online) Eğitimi","59","","0","2B Çizgi Film ve Animasyon Uzmanlığı Eğitimi Eğitmen: Nevin Eryılmaz (CV için tıklayınız.) Nevin Eryılmaz, geleneksel ve dijital tasarım alanlarındaki 20 yılı aşkın sektör deneyimi yanı sıra, İstinye Üniversitesi'nde Bilgisayar Destekli Tasarım ve Animasyon önlisans ve Dijital Oyun Tasarımı lisans programlarının kurucusudur. Üniversitenin Dijital Oyun Tasarımı bölümündeki tasarım ve yazılım merkezli eğitim anlayışının öncüsü olmakla beraber, 2021 yılında aynı üniversitede Türkiye'nin ilk YÖK onaylı Dijital Oyun Araştırma Merkezi olan Dijital Oyun Geliştirme ve Animasyon Araştırma Uygulama Merkezi'ni kurmuştur ve iki sene boyunca Merkez Müdürü olarak görev almıştır. Merkez'de üniversitenin Animasyon ve Dijital Oyun Tasarımı programlarındaki öğrencilerin kendi oyunlarını geliştirerek oyun marketlerinde yayınlaması ve ticarileşmeleri desteklenmiştir. Eryılmaz'ın sektör ve akademi deneyimli kadrosunun etkisi ile, İstinye Üniversitesi Dijital Oyun Tasarımı bölümü iki senede Türkiye'nin ilk tercih edilen 3 üniversitesi arasına yerleşmiştir. Eryılmaz'ın Milli Eğitim Bakanlığı ve çeşitli dijital oyun şirketleri ortaklığında gerçekleşen proje ve çalışmaları devam etmektedir.","1184","Öğr. Gör. Nevin Eryılmaz'ın katıldığı programlardan bir kaçı:","61","","","","https://unityverseacademy.com/urun/2026-python-bootcamp-sifirdan-python-canli-online-egitimi-8/","","","","","","170081","56189","56189","8,327","","1885","414","4,553","9,092","Very Hard","9,498","1","2","","54","7","0","3,110","111","46","0","11","11","0","","","","","523e133058a35ad45ba89aa6f9a2c28f","0,281","","","","","tr","1.1","","","","","","https://www.unityverseacademy.com/urun/2b-cizgi-film-ve-animasyon-uzmanligi-canli-online-egitimi-565/","2026-07-27 17:45:32"
"https://www.unityverseacademy.com/uploads/p/p/s/2024-python-bootcamp-sifirdan-python-canli-online-egitimi_2.jpeg?v=1713608100","image/jpeg","200","OK","Indexable","","","0","0","","0","0","","0","","0","","0","","0","","0","","","","","","","","","","54639","54639","54639","8,097","","0","","","","","0,000","1","4","","0","0","0","0,000","0","0","0","0","0","0","","","","","","0,126","Wed, 17 Jun 2026 19:04:47 GMT","","","","","1.1","","","","","","https://www.unityverseacademy.com/uploads/p/p/s/2024-python-bootcamp-sifirdan-python-canli-online-egitimi_2.jpeg?v=1713608100","2026-07-27 17:45:32"
"https://www.unityverseacademy.com/sayfa/kisisel-verilerin-korunmasi-hakkinda-aydinlatma-bildirimi-29/","text/html; charset=utf-8","200","OK","Non-Indexable","Canonicalised","Kişisel Verilerin Korunması Hakkında Aydınlatma Bildirimi","57","513","Kişisel Verilerin Korunması Hakkında Aydınlatma Bildirimi","57","351","Kişisel Verilerin Korunması Hakkında Aydınlatma Bildirimi","57","Kişisel Verilerin Korunması Hakkında Aydınlatma Bildirimi","57","","0","","0","","0","","","","https://unityverseacademy.com/sayfa/kisisel-verilerin-korunmasi-hakkinda-aydinlatma-bildirimi-29/","","","","","","113885","28033","28033","4,154","","2534","461","5,497","0,000","Very Hard","19,860","1","2","","212","210","0","93,330","64","40","0","7","7","0","","","","","e680af4a43205ae91144e53c6f20d140","0,997","","","","","tr","1.1","","","","","","https://www.unityverseacademy.com/sayfa/kisisel-verilerin-korunmasi-hakkinda-aydinlatma-bildirimi-29/","2026-07-27 17:45:32"
"https://www.unityverseacademy.com/uploads/p/cd/9svlyhQm8Piz.png","image/png","200","OK","Indexable","","","0","0","","0","0","","0","","0","","0","","0","","0","","","","","","","","","","2865","2865","2865","0,425","","0","","","","","0,000","1","3","","0","0","0","0,000","0","0","0","0","0","0","","","","","","0,721","Thu, 18 Jun 2026 12:21:14 GMT","","","","","1.1","","","","","","https://www.unityverseacademy.com/uploads/p/cd/9svlyhQm8Piz.png","2026-07-27 17:45:32"
"https://www.unityverseacademy.com/uploads/p/cd/yNjxbAfrewsU.webp","image/webp","200","OK","Indexable","","","0","0","","0","0","","0","","0","","0","","0","","0","","","","","","","","","","32142","32142","32142","4,763","","0","","","","","0,000","1","3","","0","0","0","0,000","0","0","0","0","0","0","","","","","","0,954","Thu, 18 Jun 2026 12:21:14 GMT","","","","","1.1","","","","","","https://www.unityverseacademy.com/uploads/p/cd/yNjxbAfrewsU.webp","2026-07-27 17:45:32"
"https://www.unityverseacademy.com/uploads/p/p/s/blender-3b-oyun-modelleme-canli-online-egitim_1.jpg?v=1762940609","image/jpeg","200","OK","Indexable","","","0","0","","0","0","","0","","0","","0","","0","","0","","","","","","","","","","42457","42457","42457","6,292","","0","","","","","0,000","1","4","","0","0","0","0,000","0","0","0","0","0","0","","","","","","0,822","Wed, 17 Jun 2026 19:04:47 GMT","","","","","1.1","","","","","","https://www.unityverseacademy.com/uploads/p/p/s/blender-3b-oyun-modelleme-canli-online-egitim_1.jpg?v=1762940609","2026-07-27 17:45:33"
"https://www.unityverseacademy.com/uploads/p/o/yfTW41vdMOxS.jpg?v=1701783131","image/jpeg","200","OK","Indexable","","","0","0","","0","0","","0","","0","","0","","0","","0","","","","","","","","","","3327","3327","3327","0,493","","0","","","","","0,000","1","3","","0","0","0","0,000","0","0","0","0","0","0","","","","","","0,702","Wed, 17 Jun 2026 19:04:47 GMT","","","","","1.1","","","","","","https://www.unityverseacademy.com/uploads/p/o/yfTW41vdMOxS.jpg?v=1701783131","2026-07-27 17:45:33"
"https://www.unityverseacademy.com/siparis-takip/","text/html; charset=utf-8","200","OK","Non-Indexable","Canonicalised","Sipariş Takip","13","115","Sipariş Takip","13","79","Sipariş Takip","13","","0","","0","Sipariş Takip","13","","0","","","","https://unityverseacademy.com/siparis-takip/","","","","","","91373","22630","22630","3,354","","235","80","2,938","66,693","Normal","2,675","1","1","","422","210","0","93,330","64","40","0","7","7","0","","","","","3a770e3e95b05f706557d503e5a0b93c","0,538","","","","","tr","1.1","","","","","","https://www.unityverseacademy.com/siparis-takip/","2026-07-27 17:45:33"
"https://www.unityverseacademy.com/public/tema10/js/dcjqaccordion/jquery.dcjqaccordion.2.8.min.js?v=5.4.94","application/javascript; charset=UTF-8","200","OK","Indexable","","","0","0","","0","0","","0","","0","","0","","0","","0","","","","","","","","","","0","0","0","0,000","","0","","","","","0,000","1","4","","0","0","0","0,000","0","0","0","0","0","0","","","","","","0,464","Wed, 17 Jun 2026 19:04:45 GMT","","","","","1.1","","","","","","https://www.unityverseacademy.com/public/tema10/js/dcjqaccordion/jquery.dcjqaccordion.2.8.min.js?v=5.4.94","2026-07-27 17:45:33"
"https://www.unityverseacademy.com/kategori/oyun-gelistirme-ozel-ders-272/","text/html; charset=utf-8","200","OK","Non-Indexable","Canonicalised","Oyun Geliştirme Özel Ders","25","234","Oyun Geliştirme Özel Ders, Özel Dersler","39","238","","0","Oyun Geliştirme Özel Ders","25","","0","","0","","0","","","","https://unityverseacademy.com/kategori/oyun-gelistirme-ozel-ders-272/","","","","","","123807","28168","28168","4,174","","497","164","3,030","73,710","Fairly Easy","3,376","1","2","","226","210","0","93,330","91","44","0","7","7","0","","","","","845894543b51468a1a91de2b857b5999","0,960","","","","","tr","1.1","","","","","","https://www.unityverseacademy.com/kategori/oyun-gelistirme-ozel-ders-272/","2026-07-27 17:45:32"
"https://www.unityverseacademy.com/blog-detay/oguzhan-durakin-grafik-tasarim-ve-video-kurgu-alanindaki-yolculugu-100/","text/html; charset=utf-8","200","OK","Non-Indexable","Canonicalised","Oğuzhan Durak'ın Grafik Tasarım ve Video Kurgu Alanındaki Yolculuğu","67","623","Oğuzhan Durak","13","97","unreal engine,","14","Oğuzhan Durak'ın Grafik Tasarım ve Video Kurgu Alanındaki Yolculuğu","67","","0","","0","","0","","","","https://unityverseacademy.com/blog-detay/oguzhan-durakin-grafik-tasarim-ve-video-kurgu-alanindaki-yolculugu-100/","","","","","","98409","25108","25108","3,721","","683","150","4,553","35,491","Hard","5,939","1","2","","17","4","0","1,780","76","52","0","8","8","0","","","","","f49be47314b4d176d2780fd2d198e86c","0,289","","","","","tr","1.1","","","","","","https://www.unityverseacademy.com/blog-detay/oguzhan-durakin-grafik-tasarim-ve-video-kurgu-alanindaki-yolculugu-100/","2026-07-27 17:45:34"
"https://www.unityverseacademy.com/public/tema10/font-awesome/css/font-awesome.min.css?v=5.4.94","text/css; charset=UTF-8","200","OK","Indexable","","","0","0","","0","0","","0","","0","","0","","0","","0","","","","","","","","","","0","0","0","0,000","","0","","","","","0,000","1","4","","0","0","0","0,000","0","0","0","0","0","0","","","","","","0,092","Wed, 17 Jun 2026 19:04:45 GMT","","","","","1.1","","","","","","https://www.unityverseacademy.com/public/tema10/font-awesome/css/font-awesome.min.css?v=5.4.94","2026-07-27 17:45:34"
"https://www.unityverseacademy.com/uploads/p/p/s/grafik-tasarim-ve-video-efekt-uzmanligi-canli-online-egitimi-staj-garantili_1.jpg?v=1759585838","image/jpeg","200","OK","Indexable","","","0","0","","0","0","","0","","0","","0","","0","","0","","","","","","","","","","131725","131725","131725","19,522","","0","","","","","0,000","1","4","","0","0","0","0,000","0","0","0","0","0","0","","","","","","0,529","Wed, 17 Jun 2026 19:04:47 GMT","","","","","1.1","","","","","","https://www.unityverseacademy.com/uploads/p/p/s/grafik-tasarim-ve-video-efekt-uzmanligi-canli-online-egitimi-staj-garantili_1.jpg?v=1759585838","2026-07-27 17:45:34"
"https://www.unityverseacademy.com/urun/dijital-oyun-muzigi-teknikleri-canli-online-egitimi-650/","text/html; charset=utf-8","200","OK","Non-Indexable","Canonicalised","Dijital Oyun Müziği Teknikleri Canlı (Online) Eğitimi","53","450","2026 Python bootcamp sıfırdan ileri seviye online kursu. Yapay zeka, veri bilimi ve otomasyon için Python öğrenin!","114","698","Python bootcamp online, sıfırdan Python 2026, yapay zeka Python kursu, online Python eğitimi","92","Dijital Oyun Müziği Teknikleri Canlı (Online) Eğitimi","53","","0","Eğitimimizden kareler:","22","IMG_50372.jpg","13","","","","https://unityverseacademy.com/urun/2026-python-bootcamp-sifirdan-python-canli-online-egitimi-8/","","","","","","151745","53937","53937","7,993","","373","110","3,391","55,967","Fairly Hard","2,270","1","2","","16","7","0","3,110","70","44","0","10","10","0","","","","","fb86c4635d30fbe4a151efafa2dc19d5","0,145","","","","","tr","1.1","","","","","","https://www.unityverseacademy.com/urun/dijital-oyun-muzigi-teknikleri-canli-online-egitimi-650/","2026-07-27 17:45:34"
"https://www.unityverseacademy.com/uploads/p/cd/z6dJwPINVK1U.png","image/png","200","OK","Indexable","","","0","0","","0","0","","0","","0","","0","","0","","0","","","","","","","","","","3402","3402","3402","0,504","","0","","","","","0,000","1","3","","0","0","0","0,000","0","0","0","0","0","0","","","","","","0,273","Thu, 18 Jun 2026 12:21:14 GMT","","","","","1.1","","","","","","https://www.unityverseacademy.com/uploads/p/cd/z6dJwPINVK1U.png","2026-07-27 17:45:34"
"https://www.unityverseacademy.com/kategori/ses-tasarim-egitimleri-251/","text/html; charset=utf-8","200","OK","Non-Indexable","Canonicalised","Ses Tasarımı Yüz Yüze Kursları","30","278","Ses Tasarım Eğitimleri","22","136","","0","Ses Tasarım Eğitimleri","22","","0","","0","","0","","","","https://unityverseacademy.com/kategori/ses-tasarim-egitimleri-251/","","","","","","134242","28618","28618","4,241","","548","186","2,946","63,359","Normal","3,431","1","2","","467","210","0","93,330","103","49","0","7","7","0","","","","","efc59a6505483fd721285c6742c8da3a","0,751","","","","","tr","1.1","","","","","","https://www.unityverseacademy.com/kategori/ses-tasarim-egitimleri-251/","2026-07-27 17:45:34"
"https://www.unityverseacademy.com/uploads/p/cd/Vqa2u5oRBlv1.png","image/png","200","OK","Indexable","","","0","0","","0","0","","0","","0","","0","","0","","0","","","","","","","","","","3117","3117","3117","0,462","","0","","","","","0,000","1","3","","0","0","0","0,000","0","0","0","0","0","0","","","","","","0,116","Thu, 18 Jun 2026 12:21:14 GMT","","","","","1.1","","","","","","https://www.unityverseacademy.com/uploads/p/cd/Vqa2u5oRBlv1.png","2026-07-27 17:45:34"
"https://www.unityverseacademy.com/uploads/p/cd/ZCaVcYBFG9jR.png","image/png","200","OK","Indexable","","","0","0","","0","0","","0","","0","","0","","0","","0","","","","","","","","","","1541","1541","1541","0,228","","0","","","","","0,000","1","3","","0","0","0","0,000","0","0","0","0","0","0","","","","","","1,202","Thu, 18 Jun 2026 12:21:14 GMT","","","","","1.1","","","","","","https://www.unityverseacademy.com/uploads/p/cd/ZCaVcYBFG9jR.png","2026-07-27 17:45:33"
"https://www.unityverseacademy.com/kategori/ozel-dersler-256/","text/html; charset=utf-8","200","OK","Non-Indexable","Canonicalised","Özel Dersler","12","109","Özel Dersler","12","73","","0","Özel Dersler","12","","0","","0","","0","","","","https://unityverseacademy.com/kategori/ozel-dersler-256/","","","","","","158550","29896","29896","4,431","","750","253","2,964","59,781","Fairly Hard","3,758","1","2","","474","210","0","93,330","136","60","0","7","7","0","","","","","eb3954c5870acdff9826b06105a58dfa","0,179","","","","","tr","1.1","","","","","","https://www.unityverseacademy.com/kategori/ozel-dersler-256/","2026-07-27 17:45:34"
"https://www.unityverseacademy.com/public/tema10/css/jquery-ui.min.css?v=5.4.94","text/css; charset=UTF-8","200","OK","Indexable","","","0","0","","0","0","","0","","0","","0","","0","","0","","","","","","","","","","0","0","0","0,000","","0","","","","","0,000","1","3","","0","0","0","0,000","0","0","0","0","0","0","","","","","","0,388","Wed, 17 Jun 2026 19:04:45 GMT","","","","","1.1","","","","","","https://www.unityverseacademy.com/public/tema10/css/jquery-ui.min.css?v=5.4.94","2026-07-27 17:45:34"
"https://www.unityverseacademy.com/kategori/mimarlik-egitimleri-259/","text/html; charset=utf-8","200","OK","Non-Indexable","Canonicalised","Mimarlık Eğitimleri","19","168","Mimarlık Eğitimleri","19","113","","0","Mimarlık Eğitimleri","19","","0","","0","","0","","","","https://unityverseacademy.com/kategori/mimarlik-egitimleri-259/","","","","","","173307","30425","30425","4,509","","859","273","3,147","60,245","Normal","3,842","1","2","","468","210","0","93,330","154","66","0","7","7","0","","","","","c2fecbcf67fab87053554c7d18ddbe2c","0,251","","","","","tr","1.1","","","","","","https://www.unityverseacademy.com/kategori/mimarlik-egitimleri-259/","2026-07-27 17:45:35"
"https://www.unityverseacademy.com/uploads/p/cd/wtZkNKoFClWI.png","image/png","200","OK","Indexable","","","0","0","","0","0","","0","","0","","0","","0","","0","","","","","","","","","","3030","3030","3030","0,449","","0","","","","","0,000","1","3","","0","0","0","0,000","0","0","0","0","0","0","","","","","","0,530","Thu, 18 Jun 2026 12:21:14 GMT","","","","","1.1","","","","","","https://www.unityverseacademy.com/uploads/p/cd/wtZkNKoFClWI.png","2026-07-27 17:45:35"
"https://www.unityverseacademy.com/public/tema10/js/unveil/jquery.unveil.js?v=5.4.94","application/javascript; charset=UTF-8","200","OK","Indexable","","","0","0","","0","0","","0","","0","","0","","0","","0","","","","","","","","","","0","0","0","0,000","","0","","","","","0,000","1","4","","0","0","0","0,000","0","0","0","0","0","0","","","","","","0,160","Wed, 17 Jun 2026 19:04:45 GMT","","","","","1.1","","","","","","https://www.unityverseacademy.com/public/tema10/js/unveil/jquery.unveil.js?v=5.4.94","2026-07-27 17:45:35"
"https://www.unityverseacademy.com/uploads/p/cd/cMZ1zkyvfF2P.png","image/png","200","OK","Indexable","","","0","0","","0","0","","0","","0","","0","","0","","0","","","","","","","","","","2004","2004","2004","0,297","","0","","","","","0,000","1","3","","0","0","0","0,000","0","0","0","0","0","0","","","","","","0,532","Thu, 18 Jun 2026 12:21:14 GMT","","","","","1.1","","","","","","https://www.unityverseacademy.com/uploads/p/cd/cMZ1zkyvfF2P.png","2026-07-27 17:45:35"
"https://www.unityverseacademy.com/sayfa/iletisim-5/","text/html; charset=utf-8","200","OK","Non-Indexable","Canonicalised","İLETİŞİM BİLGİLERİ","18","169","İLETİŞİM BİLGİLERİ","18","123","İLETİŞİM BİLGİLERİ","18","İLETİŞİM BİLGİLERİ","18","","0","","0","","0","","","","https://unityverseacademy.com/sayfa/iletisim-bilgileri-5/","","","","","","94360","23243","23243","3,445","","327","114","2,868","56,973","Fairly Hard","3,351","1","2","","212","210","0","93,330","64","40","0","7","7","0","","","","","ec1ea336d52ed77bfa316d25dfd46987","0,703","","","","","tr","1.1","","","","","","https://www.unityverseacademy.com/sayfa/iletisim-5/","2026-07-27 17:45:35"
"https://www.unityverseacademy.com/public/tema10/js/themejs/homepage.js?v=5.4.94","application/javascript; charset=UTF-8","200","OK","Indexable","","","0","0","","0","0","","0","","0","","0","","0","","0","","","","","","","","","","0","0","0","0,000","","0","","","","","0,000","1","4","","0","0","0","0,000","0","0","0","0","0","0","","","","","","0,381","Wed, 17 Jun 2026 19:04:45 GMT","","","","","1.1","","","","","","https://www.unityverseacademy.com/public/tema10/js/themejs/homepage.js?v=5.4.94","2026-07-27 17:45:35"
"https://www.unityverseacademy.com/public/tema10/js/cookieconsent.umd.js?v=5.4.94","application/javascript; charset=UTF-8","200","OK","Indexable","","","0","0","","0","0","","0","","0","","0","","0","","0","","","","","","","","","","0","0","0","0,000","","0","","","","","0,000","1","3","","0","0","0","0,000","0","0","0","0","0","0","","","","","","0,362","Wed, 17 Jun 2026 19:04:45 GMT","","","","","1.1","","","","","","https://www.unityverseacademy.com/public/tema10/js/cookieconsent.umd.js?v=5.4.94","2026-07-27 17:45:35"
"https://www.unityverseacademy.com/blog-detay/basari-hikâyesi-melike-cetinin-lc-waikikideki-doku-kaplama-ve-desen-tasarimi-yolculugu-105/","text/html; charset=utf-8","200","OK","Non-Indexable","Canonicalised","Başarı Hikâyesi: Melike Çetin'in LC Waikiki'deki Doku Kaplama ve Desen Tasarımı Yolculuğu","89","812","Başarı Hikâyesi: Melike Çetin","29","175","unreal engine,","14","Başarı Hikâyesi: Melike Çetin'in LC Waikiki'deki Doku Kaplama ve Desen Tasarımı Yolculuğu","89","","0","","0","","0","","","","https://unityverseacademy.com/blog-detay/basari-hikâyesi-melike-cetinin-lc-waikikideki-doku-kaplama-ve-desen-tasarimi-yolculugu-105/","","","","","","97738","24814","24814","3,677","","570","137","4,161","34,006","Hard","5,133","1","2","","17","4","0","1,780","77","53","0","8","8","0","","","","","d27f90e1c4c74a2de6b30c750eb2205f","0,121","","","","","tr","1.1","","","","","","https://www.unityverseacademy.com/blog-detay/basari-hik%C3%A2yesi-melike-cetinin-lc-waikikideki-doku-kaplama-ve-desen-tasarimi-yolculugu-105/","2026-07-27 17:45:35"
"https://www.unityverseacademy.com/public/tema10/js/modernizr/modernizr-2.6.2.min.js?v=5.4.94","application/javascript; charset=UTF-8","200","OK","Indexable","","","0","0","","0","0","","0","","0","","0","","0","","0","","","","","","","","","","0","0","0","0,000","","0","","","","","0,000","1","4","","0","0","0","0,000","0","0","0","0","0","0","","","","","","0,338","Wed, 17 Jun 2026 19:04:45 GMT","","","","","1.1","","","","","","https://www.unityverseacademy.com/public/tema10/js/modernizr/modernizr-2.6.2.min.js?v=5.4.94","2026-07-27 17:45:35"
"https://www.unityverseacademy.com/kategori/grafik-tasarim-ozel-ders-269/","text/html; charset=utf-8","200","OK","Non-Indexable","Canonicalised","Grafik Tasarım Özel Ders","24","224","Grafik Tasarım Özel Ders, Özel Dersler","38","232","","0","Grafik Tasarım Özel Ders","24","","0","","0","","0","","","","https://unityverseacademy.com/kategori/grafik-tasarim-ozel-ders-269/","","","","","","123327","28097","28097","4,164","","497","164","3,030","74,902","Fairly Easy","3,380","1","2","","218","210","0","93,330","91","44","0","7","7","0","","","","","42288e19269c30923f4aec693581934","0,116","","","","","tr","1.1","","","","","","https://www.unityverseacademy.com/kategori/grafik-tasarim-ozel-ders-269/","2026-07-27 17:45:36"
"https://www.unityverseacademy.com/public/tema10/css/responsive.css?v=5.4.94","text/css; charset=UTF-8","200","OK","Indexable","","","0","0","","0","0","","0","","0","","0","","0","","0","","","","","","","","","","0","0","0","0,000","","0","","","","","0,000","1","3","","0","0","0","0,000","0","0","0","0","0","0","","","","","","0,337","Wed, 17 Jun 2026 19:04:45 GMT","","","","","1.1","","","","","","https://www.unityverseacademy.com/public/tema10/css/responsive.css?v=5.4.94","2026-07-27 17:45:35"
"https://www.unityverseacademy.com/public/tema10/js/member-header.js?v=1","application/javascript; charset=UTF-8","200","OK","Indexable","","","0","0","","0","0","","0","","0","","0","","0","","0","","","","","","","","","","0","0","0","0,000","","0","","","","","0,000","1","3","","0","0","0","0,000","0","0","0","0","0","0","","","","","","0,269","Mon, 13 Jul 2026 13:01:47 GMT","","","","","1.1","","","","","","https://www.unityverseacademy.com/public/tema10/js/member-header.js?v=1","2026-07-27 17:45:35"
"https://www.unityverseacademy.com/public/tema10/js/themejs/libs.js?v=5.4.94","application/javascript; charset=UTF-8","200","OK","Indexable","","","0","0","","0","0","","0","","0","","0","","0","","0","","","","","","","","","","0","0","0","0,000","","0","","","","","0,000","1","4","","0","0","0","0,000","0","0","0","0","0","0","","","","","","0,083","Wed, 17 Jun 2026 19:04:45 GMT","","","","","1.1","","","","","","https://www.unityverseacademy.com/public/tema10/js/themejs/libs.js?v=5.4.94","2026-07-27 17:45:36"
"https://www.unityverseacademy.com/uploads/p/p/s/2b-cizgi-film-ve-animasyon-uzmanligi-canli-online-egitimi_2.jpg?v=1759405086","image/jpeg","200","OK","Indexable","","","0","0","","0","0","","0","","0","","0","","0","","0","","","","","","","","","","48705","48705","48705","7,218","","0","","","","","0,000","1","4","","0","0","0","0,000","0","0","0","0","0","0","","","","","","0,507","Wed, 17 Jun 2026 19:04:47 GMT","","","","","1.1","","","","","","https://www.unityverseacademy.com/uploads/p/p/s/2b-cizgi-film-ve-animasyon-uzmanligi-canli-online-egitimi_2.jpg?v=1759405086","2026-07-27 17:45:36"
"https://www.unityverseacademy.com/uploads/p/cd/xL8INMf1WJvz.webp","image/webp","200","OK","Indexable","","","0","0","","0","0","","0","","0","","0","","0","","0","","","","","","","","","","35706","35706","35706","5,292","","0","","","","","0,000","1","3","","0","0","0","0,000","0","0","0","0","0","0","","","","","","0,516","Wed, 17 Jun 2026 19:04:47 GMT","","","","","1.1","","","","","","https://www.unityverseacademy.com/uploads/p/cd/xL8INMf1WJvz.webp","2026-07-27 17:45:36"
"https://www.unityverseacademy.com/blog-detay/osman-derebasinin-grafik-tasarim-ve-video-kurgu-alanindaki-yolculugu-101/","text/html; charset=utf-8","200","OK","Non-Indexable","Canonicalised","Osman Derebaşı'nın Grafik Tasarım ve Video Kurgu Alanındaki Yolculuğu","69","646","Osman Derebaşı","14","102","unreal engine,","14","Osman Derebaşı'nın Grafik Tasarım ve Video Kurgu Alanındaki Yolculuğu","69","","0","","0","","0","","","","https://unityverseacademy.com/blog-detay/osman-derebasinin-grafik-tasarim-ve-video-kurgu-alanindaki-yolculugu-101/","","","","","","98361","25074","25074","3,716","","684","149","4,591","34,212","Hard","5,990","1","2","","17","4","0","1,780","76","52","0","7","7","0","","","","","ab11e080317d8881c42ff5c63abf4489","0,714","","","","","tr","1.1","","","","","","https://www.unityverseacademy.com/blog-detay/osman-derebasinin-grafik-tasarim-ve-video-kurgu-alanindaki-yolculugu-101/","2026-07-27 17:45:36"
"https://www.unityverseacademy.com/uploads/p/cd/lE0itIZcqLCW.webp","image/webp","200","OK","Indexable","","","0","0","","0","0","","0","","0","","0","","0","","0","","","","","","","","","","49030","49030","49030","7,266","","0","","","","","0,000","1","3","","0","0","0","0,000","0","0","0","0","0","0","","","","","","0,630","Thu, 18 Jun 2026 12:21:14 GMT","","","","","1.1","","","","","","https://www.unityverseacademy.com/uploads/p/cd/lE0itIZcqLCW.webp","2026-07-27 17:45:36"
"https://www.unityverseacademy.com/public/tema10/js/jquery.lazy.min.js?v=5.4.94","application/javascript; charset=UTF-8","200","OK","Indexable","","","0","0","","0","0","","0","","0","","0","","0","","0","","","","","","","","","","0","0","0","0,000","","0","","","","","0,000","1","3","","0","0","0","0,000","0","0","0","0","0","0","","","","","","0,121","Wed, 17 Jun 2026 19:04:45 GMT","","","","","1.1","","","","","","https://www.unityverseacademy.com/public/tema10/js/jquery.lazy.min.js?v=5.4.94","2026-07-27 17:45:36"
"https://www.unityverseacademy.com/blog-detay/fatih-yilmazin-yazilim-yolculugu-ve-lufthansadaki-basarisi-91/","text/html; charset=utf-8","200","OK","Non-Indexable","Canonicalised","Fatih Yılmaz’ın Yazılım Yolculuğu ve Lufthansa’daki Başarısı","60","532","Fatih Yılmaz’ın Yazılım Yolculuğu ve Lufthansa’daki Başarısı","60","368","unreal engine,","14","Fatih Yılmaz’ın Yazılım Yolculuğu ve Lufthansa’daki Başarısı","60","","0","","0","","0","","","","https://unityverseacademy.com/blog-detay/fatih-yilmazin-yazilim-yolculugu-ve-lufthansadaki-basarisi-91/","","","","","","100108","25572","25572","3,790","","832","173","4,809","33,364","Hard","7,018","1","2","","14","3","0","1,330","76","52","0","7","7","0","","","","","e90e63630cf252e4d386398ebb5ceea","0,505","","","","","tr","1.1","","","","","","https://www.unityverseacademy.com/blog-detay/fatih-yilmazin-yazilim-yolculugu-ve-lufthansadaki-basarisi-91/","2026-07-27 17:45:36"
"https://www.unityverseacademy.com/urun/autodesk-fusion-360-endustriyel-urun-tasarimi-uzmanligi-canli-online-egitimi-584/","text/html; charset=utf-8","200","OK","Non-Indexable","Canonicalised","Autodesk Fusion 360 Endüstriyel Ürün Tasarımı Uzmanlığı Canlı (Online) Eğitimi","78","707","2026 Python bootcamp sıfırdan ileri seviye online kursu. Yapay zeka, veri bilimi ve otomasyon için Python öğrenin!","114","698","Python bootcamp online, sıfırdan Python 2026, yapay zeka Python kursu, online Python eğitimi","92","Autodesk Fusion 360 Endüstriyel Ürün Tasarımı Uzmanlığı Canlı (Online) Eğitimi","78","","0","Autodesk Fusion 360 Endüstriyel Ürün Tasarımı","45","Ne Öğreneceğim?","15","","","","https://unityverseacademy.com/urun/2026-python-bootcamp-sifirdan-python-canli-online-egitimi-8/","","","","","","170604","56232","56232","8,334","","2218","468","4,739","7,803","Very Hard","11,245","1","2","","12","5","0","2,220","75","48","0","11","11","0","","","","","c3208a9b04acac3a78882f73204287fd","0,684","","","","","tr","1.1","","","","","","https://www.unityverseacademy.com/urun/autodesk-fusion-360-endustriyel-urun-tasarimi-uzmanligi-canli-online-egitimi-584/","2026-07-27 17:45:36"
"https://www.unityverseacademy.com/public/tema10/js/datetimepicker/bootstrap-datetimepicker.min.js?v=5.4.94","application/javascript; charset=UTF-8","200","OK","Indexable","","","0","0","","0","0","","0","","0","","0","","0","","0","","","","","","","","","","0","0","0","0,000","","0","","","","","0,000","1","4","","0","0","0","0,000","0","0","0","0","0","0","","","","","","0,135","Wed, 17 Jun 2026 19:04:45 GMT","","","","","1.1","","","","","","https://www.unityverseacademy.com/public/tema10/js/datetimepicker/bootstrap-datetimepicker.min.js?v=5.4.94","2026-07-27 17:45:37"
"https://www.unityverseacademy.com/uploads/p/cd/JPNuanLj73k0.webp","image/webp","200","OK","Indexable","","","0","0","","0","0","","0","","0","","0","","0","","0","","","","","","","","","","20938","20938","20938","3,103","","0","","","","","0,000","1","3","","0","0","0","0,000","0","0","0","0","0","0","","","","","","0,447","Wed, 17 Jun 2026 19:04:47 GMT","","","","","1.1","","","","","","https://www.unityverseacademy.com/uploads/p/cd/JPNuanLj73k0.webp","2026-07-27 17:45:36"
"https://www.unityverseacademy.com/kategori/endustriyel-urun-tasarim-egitimleri-253/","text/html; charset=utf-8","200","OK","Non-Indexable","Canonicalised","Endüstriyel Ürün Tasarım Eğitimleri","35","314","Endüstriyel Ürün Tasarım Eğitimleri","35","216","","0","Endüstriyel Ürün Tasarım Eğitimleri","35","","0","","0","","0","","","","https://unityverseacademy.com/kategori/endustriyel-urun-tasarim-egitimleri-253/","","","","","","135354","28688","28688","4,252","","588","186","3,161","68,381","Normal","3,629","1","2","","461","210","0","93,330","103","49","0","7","7","0","","","","","b250a887db53d8660f78f923b0cad3da","0,126","","","","","tr","1.1","","","","","","https://www.unityverseacademy.com/kategori/endustriyel-urun-tasarim-egitimleri-253/","2026-07-27 17:45:37"
"https://www.unityverseacademy.com/uploads/p/p/s/unity-ile-oyun-gelistirme-canli-online-egitimi_1.jpeg?v=1714312907","image/jpeg","200","OK","Indexable","","","0","0","","0","0","","0","","0","","0","","0","","0","","","","","","","","","","49870","49870","49870","7,391","","0","","","","","0,000","1","4","","0","0","0","0,000","0","0","0","0","0","0","","","","","","0,405","Wed, 17 Jun 2026 19:04:47 GMT","","","","","1.1","","","","","","https://www.unityverseacademy.com/uploads/p/p/s/unity-ile-oyun-gelistirme-canli-online-egitimi_1.jpeg?v=1714312907","2026-07-27 17:45:36"
"https://www.unityverseacademy.com/urun/desinatorluk-canli-online-egitimi-563/","text/html; charset=utf-8","200","OK","Non-Indexable","Canonicalised","Desinatörlük & Tekstil Desen Tasarım Kursu – Online Canlı","57","521","2026 Python bootcamp sıfırdan ileri seviye online kursu. Yapay zeka, veri bilimi ve otomasyon için Python öğrenin!","114","698","Python bootcamp online, sıfırdan Python 2026, yapay zeka Python kursu, online Python eğitimi","92","Desinatörlük & Tekstil Desen Tasarım Kursu – Online Canlı","57","","0","DESİNATÖRLÜK EĞİTİMİ Eğitmen: Nevin Eryılmaz (CV için tıklayınız.) Nevin Eryılmaz, geleneksel ve dijital tasarım alanlarındaki 20 yılı aşkın sektör deneyimi yanı sıra, İstinye Üniversitesi'nde Bilgisayar Destekli Tasarım ve Animasyon önlisans ve Dijital Oyun Tasarımı lisans programlarının kurucusudur. Üniversitenin Dijital Oyun Tasarımı bölümündeki tasarım ve yazılım merkezli eğitim anlayışının öncüsü olmakla beraber, 2021 yılında aynı üniversitede Türkiye'nin ilk YÖK onaylı Dijital Oyun Araştırma Merkezi olan Dijital Oyun Geliştirme ve Animasyon Araştırma Uygulama Merkezi'ni kurmuştur ve iki sene boyunca Merkez Müdürü olarak görev almıştır. Merkez'de üniversitenin Animasyon ve Dijital Oyun Tasarımı programlarındaki öğrencilerin kendi oyunlarını geliştirerek oyun marketlerinde yayınlaması ve ticarileşmeleri desteklenmiştir. Eryılmaz'ın sektör ve akademi deneyimli kadrosunun etkisi ile, İstinye Üniversitesi Dijital Oyun Tasarımı bölümü iki senede Türkiye'nin ilk tercih edilen 3 üniversitesi arasına yerleşmiştir. Eryılmaz'ın Milli Eğitim Bakanlığı ve çeşitli dijital oyun şirketleri ortaklığında gerçekleşen proje ve çalışmaları devam etmektedir.","1160","Öğr. Gör. Nevin Eryılmaz'ın katıldığı programlardan bir kaçı:","61","","","","https://unityverseacademy.com/urun/2026-python-bootcamp-sifirdan-python-canli-online-egitimi-8/","","","","","","154149","40024","40024","5,932","","2720","629","4,324","14,677","Very Hard","14,830","1","2","","14","6","0","2,670","74","47","0","10","10","0","","","","","69c6bb58d1b3d1f7e4e9ed15ccc4fe53","0,185","","","","","tr","1.1","","","","","","https://www.unityverseacademy.com/urun/desinatorluk-canli-online-egitimi-563/","2026-07-27 17:45:37"
"https://www.unityverseacademy.com/kategori/dijital-pazarlama-egitimleri-255/","text/html; charset=utf-8","200","OK","Non-Indexable","Canonicalised","Dijital Pazarlama Eğitimleri","28","243","Dijital Pazarlama Eğitimleri","28","165","","0","Dijital Pazarlama Eğitimleri","28","","0","","0","","0","","","","https://unityverseacademy.com/kategori/dijital-pazarlama-egitimleri-255/","","","","","","127796","28419","28419","4,212","","522","172","3,035","63,403","Normal","3,470","1","2","","461","210","0","93,330","94","46","0","7","7","0","","","","","c1443ae2346f14b7a0648e979b8f541","0,535","","","","","tr","1.1","","","","","","https://www.unityverseacademy.com/kategori/dijital-pazarlama-egitimleri-255/","2026-07-27 17:45:36"
"https://www.unityverseacademy.com/uploads/p/cd/Zb0gaClUFmEk.webp","image/webp","200","OK","Indexable","","","0","0","","0","0","","0","","0","","0","","0","","0","","","","","","","","","","147910","147910","147910","21,920","","0","","","","","0,000","1","3","","0","0","0","0,000","0","0","0","0","0","0","","","","","","0,135","Thu, 18 Jun 2026 12:21:14 GMT","","","","","1.1","","","","","","https://www.unityverseacademy.com/uploads/p/cd/Zb0gaClUFmEk.webp","2026-07-27 17:45:37"
"https://www.unityverseacademy.com/kategori/muhasebe-ve-ofis-egitimleri-258/","text/html; charset=utf-8","200","OK","Non-Indexable","Canonicalised","Muhasebe ve Ofis Eğitimleri","27","250","Muhasebe ve Ofis Eğitimleri","27","170","","0","Muhasebe ve Ofis Eğitimleri","27","","0","","0","","0","","","","https://unityverseacademy.com/kategori/muhasebe-ve-ofis-egitimleri-258/","","","","","","133828","28625","28625","4,242","","560","186","3,011","65,549","Normal","3,465","1","2","","461","210","0","93,330","103","49","0","7","7","0","","","","","114e49882da72ed7bcb858756d7868f8","0,145","","","","","tr","1.1","","","","","","https://www.unityverseacademy.com/kategori/muhasebe-ve-ofis-egitimleri-258/","2026-07-27 17:45:37"
"https://www.unityverseacademy.com/public/tema10/js/countdown/jquery.countdown.min.js?v=5.4.94","application/javascript; charset=UTF-8","200","OK","Indexable","","","0","0","","0","0","","0","","0","","0","","0","","0","","","","","","","","","","0","0","0","0,000","","0","","","","","0,000","1","4","","0","0","0","0,000","0","0","0","0","0","0","","","","","","0,386","Wed, 17 Jun 2026 19:04:45 GMT","","","","","1.1","","","","","","https://www.unityverseacademy.com/public/tema10/js/countdown/jquery.countdown.min.js?v=5.4.94","2026-07-27 17:45:37"
"https://www.unityverseacademy.com/sayfa/mesafeli-satis-sozlesmesi-26/","text/html; charset=utf-8","200","OK","Non-Indexable","Canonicalised","Mesafeli Satış Sözleşmesi","25","235","Mesafeli Satış Sözleşmesi","25","158","Mesafeli Satış Sözleşmesi","25","Mesafeli Satış Sözleşmesi","25","","0","","0","","0","","","","https://unityverseacademy.com/sayfa/mesafeli-satis-sozlesmesi-26/","","","","","","123437","32611","32611","4,833","","3886","677","5,740","12,825","Very Hard","25,836","1","2","","212","210","0","93,330","68","40","0","7","7","0","","","","","6df8eb2d41b23f95da698cbfa94b509e","0,553","","","","","tr","1.1","","","","","","https://www.unityverseacademy.com/sayfa/mesafeli-satis-sozlesmesi-26/","2026-07-27 17:45:37"
"https://www.unityverseacademy.com/uploads/p/cd/jUF0TXSKhpxI.png","image/png","200","OK","Indexable","","","0","0","","0","0","","0","","0","","0","","0","","0","","","","","","","","","","3854","3854","3854","0,571","","0","","","","","0,000","1","3","","0","0","0","0,000","0","0","0","0","0","0","","","","","","0,152","Thu, 18 Jun 2026 12:21:14 GMT","","","","","1.1","","","","","","https://www.unityverseacademy.com/uploads/p/cd/jUF0TXSKhpxI.png","2026-07-27 17:45:37"
"https://www.unityverseacademy.com/blog-detay/enes-bugra-cengizin-full-stack-developer-yolculugu-93/","text/html; charset=utf-8","200","OK","Non-Indexable","Canonicalised","Enes Buğra Cengiz'in Full Stack Developer Yolculuğu","51","464","Enes Buğra Cengiz","17","116","unreal engine,","14","Enes Buğra Cengiz'in Full Stack Developer Yolculuğu","51","","0","","0","","0","","","","https://unityverseacademy.com/blog-detay/enes-bugra-cengizin-full-stack-developer-yolculugu-93/","","","","","","97585","24829","24829","3,680","","578","141","4,099","34,060","Hard","5,241","1","2","","14","3","0","1,330","76","52","0","9","9","0","","","","","b31df65b9f2bb9c6ddc2596b5a5bc715","0,674","","","","","tr","1.1","","","","","","https://www.unityverseacademy.com/blog-detay/enes-bugra-cengizin-full-stack-developer-yolculugu-93/","2026-07-27 17:45:37"
"https://www.unityverseacademy.com/sayfa/uyelik-sozlesmesi-ve-gizlilik-politikasi-27/","text/html; charset=utf-8","200","OK","Non-Indexable","Canonicalised","Üyelik Sözleşmesi ve Gizlilik Politikası","40","338","Üyelik Sözleşmesi ve Gizlilik Politikası","40","226","Üyelik Sözleşmesi ve Gizlilik Politikası","40","Üyelik Sözleşmesi ve Gizlilik Politikası","40","","0","Google ile Giriş Hakkında Bilgilendirme","39","","0","","","","https://unityverseacademy.com/sayfa/uyelik-sozlesmesi-ve-gizlilik-politikasi-27/","","","","","","128972","34767","34767","5,152","","4217","790","5,338","0,000","Very Hard","28,555","1","2","","213","210","0","93,330","65","40","0","8","8","0","","","","","563bf1db9e235d1ce9b4a4e65871954d","0,177","","","","","tr","1.1","","","","","","https://www.unityverseacademy.com/sayfa/uyelik-sozlesmesi-ve-gizlilik-politikasi-27/","2026-07-27 17:45:37"
"https://www.unityverseacademy.com/uploads/p/cd/8bxdytVDaPoT.webp","image/webp","200","OK","Indexable","","","0","0","","0","0","","0","","0","","0","","0","","0","","","","","","","","","","35706","35706","35706","5,292","","0","","","","","0,000","1","3","","0","0","0","0,000","0","0","0","0","0","0","","","","","","0,165","Thu, 18 Jun 2026 12:21:14 GMT","","","","","1.1","","","","","","https://www.unityverseacademy.com/uploads/p/cd/8bxdytVDaPoT.webp","2026-07-27 17:45:37"
"https://www.unityverseacademy.com/public/tema10/js/owl-carousel/owl.carousel.js?v=5.4.94","application/javascript; charset=UTF-8","200","OK","Indexable","","","0","0","","0","0","","0","","0","","0","","0","","0","","","","","","","","","","0","0","0","0,000","","0","","","","","0,000","1","4","","0","0","0","0,000","0","0","0","0","0","0","","","","","","0,210","Wed, 17 Jun 2026 19:04:45 GMT","","","","","1.1","","","","","","https://www.unityverseacademy.com/public/tema10/js/owl-carousel/owl.carousel.js?v=5.4.94","2026-07-27 17:45:37"
"https://www.unityverseacademy.com/uploads/p/cd/n0ucoJUlQf9Y.webp","image/webp","200","OK","Indexable","","","0","0","","0","0","","0","","0","","0","","0","","0","","","","","","","","","","47916","47916","47916","7,101","","0","","","","","0,000","1","3","","0","0","0","0,000","0","0","0","0","0","0","","","","","","0,668","Wed, 17 Jun 2026 19:04:47 GMT","","","","","1.1","","","","","","https://www.unityverseacademy.com/uploads/p/cd/n0ucoJUlQf9Y.webp","2026-07-27 17:45:37"
"https://www.unityverseacademy.com/public/tema10/js/swiper-bundle.min.js?v=5.4.94","application/javascript; charset=UTF-8","200","OK","Indexable","","","0","0","","0","0","","0","","0","","0","","0","","0","","","","","","","","","","0","0","0","0,000","","0","","","","","0,000","1","3","","0","0","0","0,000","0","0","0","0","0","0","","","","","","0,735","Wed, 17 Jun 2026 19:04:45 GMT","","","","","1.1","","","","","","https://www.unityverseacademy.com/public/tema10/js/swiper-bundle.min.js?v=5.4.94","2026-07-27 17:45:37"
"https://www.unityverseacademy.com/public/tema10/js/notify.js?v=5.4.94","application/javascript; charset=UTF-8","200","OK","Indexable","","","0","0","","0","0","","0","","0","","0","","0","","0","","","","","","","","","","0","0","0","0,000","","0","","","","","0,000","1","3","","0","0","0","0,000","0","0","0","0","0","0","","","","","","0,344","Wed, 17 Jun 2026 19:04:45 GMT","","","","","1.1","","","","","","https://www.unityverseacademy.com/public/tema10/js/notify.js?v=5.4.94","2026-07-27 17:45:38"
"https://www.unityverseacademy.com/uploads/p/p/s/yazilim-uzmanligi-yuz-yuze-egitimi_1.jpeg?v=1713604671","image/jpeg","200","OK","Indexable","","","0","0","","0","0","","0","","0","","0","","0","","0","","","","","","","","","","53372","53372","53372","7,910","","0","","","","","0,000","1","4","","0","0","0","0,000","0","0","0","0","0","0","","","","","","0,589","Wed, 17 Jun 2026 19:04:47 GMT","","","","","1.1","","","","","","https://www.unityverseacademy.com/uploads/p/p/s/yazilim-uzmanligi-yuz-yuze-egitimi_1.jpeg?v=1713604671","2026-07-27 17:45:38"
"https://www.unityverseacademy.com/urun/yazilim-uzmanligi-yuz-yuze-egitimi-staj-garantili-669/","text/html; charset=utf-8","200","OK","Non-Indexable","Canonicalised","Full Stack Yazılım Uzmanlığı Kursu – Yüz Yüze (Staj Garantili)","62","549","2026 Python bootcamp sıfırdan ileri seviye online kursu. Yapay zeka, veri bilimi ve otomasyon için Python öğrenin!","114","698","Python bootcamp online, sıfırdan Python 2026, yapay zeka Python kursu, online Python eğitimi","92","Full Stack Yazılım Uzmanlığı Kursu – Yüz Yüze (Staj Garantili)","62","","0","Yazılım Kursu | Yazılım Uzmanlığı Eğitimi","41","Unityverse Academy'de Ne Öğreneceğim?","37","","","","https://unityverseacademy.com/urun/2026-python-bootcamp-sifirdan-python-canli-online-egitimi-8/","","","","","","192410","49142","49142","7,283","","5072","1141","4,445","20,396","Very Hard","21,291","1","2","","33","7","0","3,110","90","48","0","13","12","0","","","","","26d6f099af92aa2dd68d87087d47ce22","0,954","","","","","tr","1.1","","","","","","https://www.unityverseacademy.com/urun/yazilim-uzmanligi-yuz-yuze-egitimi-staj-garantili-669/","2026-07-27 17:45:37"
"https://www.unityverseacademy.com/blog/","text/html; charset=utf-8","200","OK","Non-Indexable","Canonicalised","Blog","4","39","Blog","4","28","Blog","4","Blog","4","","0","Dijital Oyun Tasarımı Bölümü, Bilgiyi Ticarileştirme Merkezi İş Birliğiyle LootJam Gerçekleştirdi","97","Aranan 3D Artist Olma: Yaratıcı Yeteneğinizi Zirveye Taşıyın","60","","","","https://unityverseacademy.com/blog/","","","","","","110864","26298","26298","3,897","","755","191","3,953","32,166","Hard","5,817","1","1","","452","210","0","93,330","122","72","0","7","7","0","","","","","c327b6b3c3fcca4164bd3544ffa7e087","0,850","","","","","tr","1.1","","","","","","https://www.unityverseacademy.com/blog/","2026-07-27 17:45:38"
"https://www.unityverseacademy.com/blog-detay/begum-kiroglunun-grafik-tasarim-ve-video-kurgu-alanindaki-yolculugu-98/","text/html; charset=utf-8","200","OK","Non-Indexable","Canonicalised","Begüm Kıroğlu'nun Grafik Tasarım ve Video Kurgu Alanındaki Yolculuğu","68","635","Begüm Kıroğlu","13","91","unreal engine,","14","Begüm Kıroğlu'nun Grafik Tasarım ve Video Kurgu Alanındaki Yolculuğu","68","","0","","0","","0","","","","https://unityverseacademy.com/blog-detay/begum-kiroglunun-grafik-tasarim-ve-video-kurgu-alanindaki-yolculugu-98/","","","","","","98357","25121","25121","3,723","","667","148","4,507","36,358","Hard","5,858","1","2","","14","3","0","1,330","76","52","0","8","8","0","","","","","cb23b7e213541f7c64970ad89300b4ac","0,585","","","","","tr","1.1","","","","","","https://www.unityverseacademy.com/blog-detay/begum-kiroglunun-grafik-tasarim-ve-video-kurgu-alanindaki-yolculugu-98/","2026-07-27 17:45:38"
"https://www.unityverseacademy.com/public/tema10/css/bootstrap/css/bootstrap.min.css?v=5.4.94","text/css; charset=UTF-8","200","OK","Indexable","","","0","0","","0","0","","0","","0","","0","","0","","0","","","","","","","","","","0","0","0","0,000","","0","","","","","0,000","1","5","","0","0","0","0,000","0","0","0","0","0","0","","","","","","0,108","Wed, 17 Jun 2026 19:04:45 GMT","","","","","1.1","","","","","","https://www.unityverseacademy.com/public/tema10/css/bootstrap/css/bootstrap.min.css?v=5.4.94","2026-07-27 17:45:39"
"https://www.unityverseacademy.com/uploads/p/cd/XJSd8xB3Twu1.webp","image/webp","200","OK","Indexable","","","0","0","","0","0","","0","","0","","0","","0","","0","","","","","","","","","","47916","47916","47916","7,101","","0","","","","","0,000","1","3","","0","0","0","0,000","0","0","0","0","0","0","","","","","","0,092","Thu, 18 Jun 2026 12:21:14 GMT","","","","","1.1","","","","","","https://www.unityverseacademy.com/uploads/p/cd/XJSd8xB3Twu1.webp","2026-07-27 17:45:39"
"https://www.unityverseacademy.com/kategori/dil-egitimleri-257/","text/html; charset=utf-8","200","OK","Non-Indexable","Canonicalised","Dil Eğitimleri","14","113","Dil Eğitimleri","14","75","","0","Dil Eğitimleri","14","","0","","0","","0","","","","https://unityverseacademy.com/kategori/dil-egitimleri-257/","","","","","","124927","28372","28372","4,205","","501","168","2,982","74,122","Fairly Easy","3,376","1","2","","461","210","0","93,330","91","45","0","7","7","0","","","","","5fc8a4617477742d88c28b8cb7111b7a","0,264","","","","","tr","1.1","","","","","","https://www.unityverseacademy.com/kategori/dil-egitimleri-257/","2026-07-27 17:45:38"
"https://www.unityverseacademy.com/urun/2026-python-bootcamp-sifirdan-python-canli-online-egitimi-8/","text/html; charset=utf-8","200","OK","Non-Indexable","Canonicalised","Python Bootcamp 2026 – Sıfırdan İleri Seviye Online Canlı (AI & Veri Bilimi)","76","662","2026 Python bootcamp sıfırdan ileri seviye online kursu. Yapay zeka, veri bilimi ve otomasyon için Python öğrenin!","114","698","Python bootcamp online, sıfırdan Python 2026, yapay zeka Python kursu, online Python eğitimi","92","Python Bootcamp 2026 – Sıfırdan İleri Seviye Online Canlı (AI & Veri Bilimi)","76","","0","Sıfırdan Python Eğitimi","23","Ne Öğreneceğim?","15","","","","https://unityverseacademy.com/urun/2026-python-bootcamp-sifirdan-python-canli-online-egitimi-8/","","","","","","156600","40730","40730","6,036","","2929","591","4,956","6,898","Very Hard","16,068","1","2","","25","7","0","3,110","84","48","0","12","12","0","","","","","5345fd3f1eb0dc2786d5e2cde5cdadf2","0,438","","","","","tr","1.1","","","","","","https://www.unityverseacademy.com/urun/2026-python-bootcamp-sifirdan-python-canli-online-egitimi-8/","2026-07-27 17:45:38"
"https://www.unityverseacademy.com/uploads/p/cd/HXFyN3EqRoYC.webp","image/webp","200","OK","Indexable","","","0","0","","0","0","","0","","0","","0","","0","","0","","","","","","","","","","147910","147910","147910","21,920","","0","","","","","0,000","1","3","","0","0","0","0,000","0","0","0","0","0","0","","","","","","0,104","Wed, 17 Jun 2026 19:04:47 GMT","","","","","1.1","","","","","","https://www.unityverseacademy.com/uploads/p/cd/HXFyN3EqRoYC.webp","2026-07-27 17:45:39"
"https://www.unityverseacademy.com/#!","text/html; charset=utf-8","200","OK","Non-Indexable","Canonicalised","En İyi Staj Garantili Yazılım, Oyun ve Tasarım Kursları","55","471","En iyi Staj garantili yazılım, oyun, uygulama geliştirme, grafik tasarım, siber güvenlik eğitimleri,  E-devlet ve uluslararası sertifikalarla meslek kursları","157","892","staj garantili eğitim, yazılım kursu, oyun geliştirme, grafik tasarım, siber güvenlik, 3D modelleme, mobil uygulama geliştirme, yapay zeka, e-devlet sertifikası, meslek kursları","177","En çok tercih edilen eğitimler","30","Eğitmenlerimiz","14","'","1","","0","","","","https://unityverseacademy.com/","","","","","","233255","40755","40755","6,040","","2242","503","4,457","13,716","Very Hard","8,068","1","0","","58","2","0","0,890","265","77","0","7","7","0","","","","","23e73854ac725f024029cb73092ce40c","0,465","","","","","tr","1.1","","","","","","https://www.unityverseacademy.com/#!","2026-07-27 17:45:38"
"https://www.unityverseacademy.com/public/tema10/js/jquery-2.2.4.min.js?v=5.4.94","application/javascript; charset=UTF-8","200","OK","Indexable","","","0","0","","0","0","","0","","0","","0","","0","","0","","","","","","","","","","0","0","0","0,000","","0","","","","","0,000","1","3","","0","0","0","0,000","0","0","0","0","0","0","","","","","","0,276","Wed, 17 Jun 2026 19:04:45 GMT","","","","","1.1","","","","","","https://www.unityverseacademy.com/public/tema10/js/jquery-2.2.4.min.js?v=5.4.94","2026-07-27 17:45:39"
"https://www.unityverseacademy.com/public/tema10/css/themecss/so-listing-tabs.css?v=5.4.94","text/css; charset=UTF-8","200","OK","Indexable","","","0","0","","0","0","","0","","0","","0","","0","","0","","","","","","","","","","0","0","0","0,000","","0","","","","","0,000","1","4","","0","0","0","0,000","0","0","0","0","0","0","","","","","","0,081","Wed, 17 Jun 2026 19:04:45 GMT","","","","","1.1","","","","","","https://www.unityverseacademy.com/public/tema10/css/themecss/so-listing-tabs.css?v=5.4.94","2026-07-27 17:45:39"
"https://www.unityverseacademy.com/public/tema10/css/themecss/so-categories.css?v=5.4.94","text/css; charset=UTF-8","200","OK","Indexable","","","0","0","","0","0","","0","","0","","0","","0","","0","","","","","","","","","","0","0","0","0,000","","0","","","","","0,000","1","4","","0","0","0","0,000","0","0","0","0","0","0","","","","","","0,317","Wed, 17 Jun 2026 19:04:45 GMT","","","","","1.1","","","","","","https://www.unityverseacademy.com/public/tema10/css/themecss/so-categories.css?v=5.4.94","2026-07-27 17:45:39"
"https://www.unityverseacademy.com/public/tema10/js/scripts.js?v=5.4.110","application/javascript; charset=UTF-8","200","OK","Indexable","","","0","0","","0","0","","0","","0","","0","","0","","0","","","","","","","","","","0","0","0","0,000","","0","","","","","0,000","1","3","","0","0","0","0,000","0","0","0","0","0","0","","","","","","0,415","Fri, 24 Jul 2026 12:26:25 GMT","","","","","1.1","","","","","","https://www.unityverseacademy.com/public/tema10/js/scripts.js?v=5.4.110","2026-07-27 17:45:39"
"https://www.unityverseacademy.com/public/tema10/css/pobol.css?v=5.4.104","text/css; charset=UTF-8","200","OK","Indexable","","","0","0","","0","0","","0","","0","","0","","0","","0","","","","","","","","","","0","0","0","0,000","","0","","","","","0,000","1","3","","0","0","0","0,000","0","0","0","0","0","0","","","","","","0,353","Sun, 26 Jul 2026 10:06:23 GMT","","","","","1.1","","","","","","https://www.unityverseacademy.com/public/tema10/css/pobol.css?v=5.4.104","2026-07-27 17:45:39"
"https://www.unityverseacademy.com/public/tema10/js/bootstrap.min.js?v=5.4.94","application/javascript; charset=UTF-8","200","OK","Indexable","","","0","0","","0","0","","0","","0","","0","","0","","0","","","","","","","","","","0","0","0","0,000","","0","","","","","0,000","1","3","","0","0","0","0,000","0","0","0","0","0","0","","","","","","0,290","Wed, 17 Jun 2026 19:04:45 GMT","","","","","1.1","","","","","","https://www.unityverseacademy.com/public/tema10/js/bootstrap.min.js?v=5.4.94","2026-07-27 17:45:39"
"https://www.unityverseacademy.com/kategori/matematik-ozel-ders-267/","text/html; charset=utf-8","200","OK","Non-Indexable","Canonicalised","Matematik Özel Ders","19","188","Matematik Özel Ders, Özel Dersler","33","207","","0","Matematik Özel Ders","19","","0","","0","","0","","","","https://unityverseacademy.com/kategori/matematik-ozel-ders-267/","","","","","","120573","27433","27433","4,066","","477","160","2,981","73,451","Fairly Easy","3,369","1","2","","218","210","0","93,330","88","42","0","7","7","0","","","","","3d04dd12bf0cf1cbc77122e77ef3590d","0,491","","","","","tr","1.1","","","","","","https://www.unityverseacademy.com/kategori/matematik-ozel-ders-267/","2026-07-27 17:45:39"
"https://www.unityverseacademy.com/public/tema10/css/legacy-header-layout.css?v=20260714","text/css; charset=UTF-8","200","OK","Indexable","","","0","0","","0","0","","0","","0","","0","","0","","0","","","","","","","","","","0","0","0","0,000","","0","","","","","0,000","1","3","","0","0","0","0,000","0","0","0","0","0","0","","","","","","0,287","Tue, 14 Jul 2026 15:55:40 GMT","","","","","1.1","","","","","","https://www.unityverseacademy.com/public/tema10/css/legacy-header-layout.css?v=20260714","2026-07-27 17:45:40"
"https://www.unityverseacademy.com/blog-detay/gorkem-tekinin-vakif-katilimdaki-backend-developer-yolculugu-96/","text/html; charset=utf-8","200","OK","Non-Indexable","Canonicalised","Görkem Tekin'in Vakıf Katılım'daki Backend Developer Yolculuğu","62","572","Görkem Tekin","12","85","unreal engine,","14","Görkem Tekin'in Vakıf Katılım'daki Backend Developer Yolculuğu","62","","0","","0","","0","","","","https://unityverseacademy.com/blog-detay/gorkem-tekinin-vakif-katilimdaki-backend-developer-yolculugu-96/","","","","","","97507","24827","24827","3,679","","565","134","4,216","36,500","Hard","5,217","1","2","","8","3","0","1,330","76","52","0","9","9","0","","","","","407de6c5d1b5fc7a7dae0b25d354cd63","0,353","","","","","tr","1.1","","","","","","https://www.unityverseacademy.com/blog-detay/gorkem-tekinin-vakif-katilimdaki-backend-developer-yolculugu-96/","2026-07-27 17:45:40"
"https://www.unityverseacademy.com/public/tema10/css/home2.css?v=5.4.100","text/css; charset=UTF-8","200","OK","Indexable","","","0","0","","0","0","","0","","0","","0","","0","","0","","","","","","","","","","0","0","0","0,000","","0","","","","","0,000","1","3","","0","0","0","0,000","0","0","0","0","0","0","","","","","","0,339","Fri, 24 Jul 2026 12:26:25 GMT","","","","","1.1","","","","","","https://www.unityverseacademy.com/public/tema10/css/home2.css?v=5.4.100","2026-07-27 17:45:40"
"https://www.unityverseacademy.com/public/tema10/js/custom-design/owl.carousel.js?v=5.4.94","application/javascript; charset=UTF-8","200","OK","Indexable","","","0","0","","0","0","","0","","0","","0","","0","","0","","","","","","","","","","0","0","0","0,000","","0","","","","","0,000","1","4","","0","0","0","0,000","0","0","0","0","0","0","","","","","","0,184","Wed, 17 Jun 2026 19:04:45 GMT","","","","","1.1","","","","","","https://www.unityverseacademy.com/public/tema10/js/custom-design/owl.carousel.js?v=5.4.94","2026-07-27 17:45:40"
"https://www.unityverseacademy.com/blog-detay/basari-hikâyesi-gokce-yilmaz-barunun-shopcutebutcreepy-markasiyla-girisimcilik-yolculugu-109/","text/html; charset=utf-8","200","OK","Non-Indexable","Canonicalised","Başarı Hikâyesi: Gökçe Yılmaz Barun'un ShopCuteButCreepy Markasıyla Girişimcilik Yolculuğu","90","831","Başarı Hikâyesi: Gökçe Yılmaz Barun","35","225","unreal engine,","14","Başarı Hikâyesi: Gökçe Yılmaz Barun'un ShopCuteButCreepy Markasıyla Girişimcilik Yolculuğu","90","","0","","0","","0","","","","https://unityverseacademy.com/blog-detay/basari-hikâyesi-gokce-yilmaz-barunun-shopcutebutcreepy-markasiyla-girisimcilik-yolculugu-109/","","","","","","97700","24809","24809","3,677","","549","137","4,007","31,102","Hard","5,085","1","2","","17","4","0","1,780","76","52","0","9","9","0","","","","","a577dd3a49e49b289424084a32d51d74","0,128","","","","","tr","1.1","","","","","","https://www.unityverseacademy.com/blog-detay/basari-hik%C3%A2yesi-gokce-yilmaz-barunun-shopcutebutcreepy-markasiyla-girisimcilik-yolculugu-109/","2026-07-27 17:45:40"
"https://www.unityverseacademy.com/blog-detay/elif-arslanin-yazilim-gelistirici-olarak-ayakkabi-dunyasindaki-baslangici-94/","text/html; charset=utf-8","200","OK","Non-Indexable","Canonicalised","Elif Arslan'ın Yazılım Geliştirici Olarak Ayakkabı Dünyası'ndaki Başlangıcı","75","639","Elif Arslan","11","62","unreal engine,","14","Elif Arslan'ın Yazılım Geliştirici Olarak Ayakkabı Dünyası'ndaki Başlangıcı","75","","0","","0","","0","","","","https://unityverseacademy.com/blog-detay/elif-arslanin-yazilim-gelistirici-olarak-ayakkabi-dunyasindaki-baslangici-94/","","","","","","97623","24802","24802","3,676","","558","135","4,133","33,440","Hard","5,186","1","2","","14","3","0","1,330","76","52","0","8","8","0","","","","","be4ee1b16fe99a622a5e02cf002bad50","1,414","","","","","tr","1.1","","","","","","https://www.unityverseacademy.com/blog-detay/elif-arslanin-yazilim-gelistirici-olarak-ayakkabi-dunyasindaki-baslangici-94/","2026-07-27 17:45:39"
"https://www.unityverseacademy.com/blog-detay/burak-ercayanin-yazilim-test-otomasyonu-egitimi-ve-testiniumdaki-isi-88/","text/html; charset=utf-8","200","OK","Non-Indexable","Canonicalised","Burak Erçayan’ın Yazılım Test Otomasyonu Eğitimi ve Testinium’daki İşi","70","634","Burak Erçayan’ın Yazılım Test Otomasyonu Eğitimi ve Testinium’daki İşi","70","438","unreal engine,","14","Burak Erçayan’ın Yazılım Test Otomasyonu Eğitimi ve Testinium’daki İşi","70","","0","","0","","0","","","","https://unityverseacademy.com/blog-detay/burak-ercayanin-yazilim-test-otomasyonu-egitimi-ve-testiniumdaki-isi-88/","","","","","","99536","25321","25321","3,753","","762","161","4,733","21,729","Very Hard","6,702","1","2","","14","3","0","1,330","76","52","0","7","7","0","","","","","1dcde5173ed63451be3fc9d5b5cdf793","0,130","","","","","tr","1.1","","","","","","https://www.unityverseacademy.com/blog-detay/burak-ercayanin-yazilim-test-otomasyonu-egitimi-ve-testiniumdaki-isi-88/","2026-07-27 17:45:40"
"https://www.unityverseacademy.com/blog-detay/basari-hikâyesi-gulsah-temelin-eczacibasindaki-3ds-max-tasarim-yolculugu-106/","text/html; charset=utf-8","200","OK","Non-Indexable","Canonicalised","Başarı Hikâyesi: Gülşah Temel'in Eczacıbaşı'ndaki 3ds Max Tasarım Yolculuğu","75","690","Başarı Hikâyesi: Gülşah Temel","29","185","unreal engine,","14","Başarı Hikâyesi: Gülşah Temel'in Eczacıbaşı'ndaki 3ds Max Tasarım Yolculuğu","75","","0","","0","","0","","","","https://unityverseacademy.com/blog-detay/basari-hikâyesi-gulsah-temelin-eczacibasindaki-3ds-max-tasarim-yolculugu-106/","","","","","","97514","24770","24770","3,671","","550","135","4,074","37,807","Hard","5,033","1","2","","17","4","0","1,780","76","52","0","8","8","0","","","","","cc5a2407d0eeac2c3891ae56d351d6e8","0,424","","","","","tr","1.1","","","","","","https://www.unityverseacademy.com/blog-detay/basari-hik%C3%A2yesi-gulsah-temelin-eczacibasindaki-3ds-max-tasarim-yolculugu-106/","2026-07-27 17:45:40"
"https://www.unityverseacademy.com/public/tema10/css/cookieconsent.css?v=5.4.94","text/css; charset=UTF-8","200","OK","Indexable","","","0","0","","0","0","","0","","0","","0","","0","","0","","","","","","","","","","0","0","0","0,000","","0","","","","","0,000","1","3","","0","0","0","0,000","0","0","0","0","0","0","","","","","","0,613","Wed, 17 Jun 2026 19:04:45 GMT","","","","","1.1","","","","","","https://www.unityverseacademy.com/public/tema10/css/cookieconsent.css?v=5.4.94","2026-07-27 17:45:40"
"https://www.unityverseacademy.com/os/KURUMSAL-EGITIMLER-10/","text/html; charset=utf-8","200","OK","Non-Indexable","Canonicalised","Kurumsal Eğitimler","18","171","KURUMSAL EĞİTİMLER","18","147","KURUMSAL EĞİTİMLER","18","","0","","0","","0","","0","","","","https://unityverseacademy.com/os/kurumsal-egitimler-10/","","","","","","109881","26787","26787","3,970","","718","201","3,572","31,888","Hard","5,721","1","2","","211","210","0","93,330","82","41","0","9","9","0","","","","","c4feab986ec2aea81d97cd29ded7345b","0,466","","","","","tr","1.1","","","","","","https://www.unityverseacademy.com/os/KURUMSAL-EGITIMLER-10/","2026-07-27 17:45:40"
"https://www.unityverseacademy.com/sifremi-unuttum/","text/html; charset=utf-8","200","OK","Non-Indexable","Canonicalised","Şifremi Unuttum","15","148","Şifremi Unuttum","15","101","Şifremi Unuttum","15","","0","","0","Şifremi Unuttum","15","","0","","","","https://unityverseacademy.com/sifremi-unuttum/","","","","","","92200","22664","22664","3,359","","236","80","2,950","65,828","Normal","2,666","1","1","","213","210","0","93,330","64","40","0","7","7","0","","","","","15528b98cf1138434985d25c974eccf0","0,632","","","","","tr","1.1","","","","","","https://www.unityverseacademy.com/sifremi-unuttum/","2026-07-27 17:45:40"
"https://www.unityverseacademy.com/kategori/grafik-tasarim-egitimleri-246/","text/html; charset=utf-8","200","OK","Non-Indexable","Canonicalised","Grafik - Tasarım Eğitimleri","27","234","Grafik - Tasarım Eğitimleri","27","159","uzaktan grafik tasarım eğitimi, indesign eğitimi, photoshop, illustrator, grafik, adobe, baskı desen tasarım kursu, baskı desen, tasarım, baskı kursu, desen kursu, desen tasarım, desen tasarım kursu, video effect, kurgu kursu, grafik tasarım ku","244","Grafik - Tasarım Eğitimleri","27","","0","","0","","0","","","","https://unityverseacademy.com/kategori/grafik-tasarim-egitimleri-246/","","","","","","238556","32961","32961","4,885","","1570","431","3,643","61,689","Normal","4,641","1","2","","462","210","0","93,330","241","95","0","7","7","0","","","","","6fcf1585fede0dffc1fcca3756adfb4d","0,785","","","","","tr","1.1","","","","","","https://www.unityverseacademy.com/kategori/grafik-tasarim-egitimleri-246/","2026-07-27 17:45:40"
"https://www.unityverseacademy.com/public/tema10/js/jquery-ui/jquery-ui.min.js?v=5.4.94","application/javascript; charset=UTF-8","200","OK","Indexable","","","0","0","","0","0","","0","","0","","0","","0","","0","","","","","","","","","","0","0","0","0,000","","0","","","","","0,000","1","4","","0","0","0","0,000","0","0","0","0","0","0","","","","","","0,209","Wed, 17 Jun 2026 19:04:45 GMT","","","","","1.1","","","","","","https://www.unityverseacademy.com/public/tema10/js/jquery-ui/jquery-ui.min.js?v=5.4.94","2026-07-27 17:45:41"
"https://www.unityverseacademy.com/kategori/yazilim-egitimleri-245/","text/html; charset=utf-8","200","OK","Non-Indexable","Canonicalised","Yazılım  Eğitimleri","19","156","Aranan Programcı Olma,Python, Java, C#, c sharp, mobil, mobil uygulama, uygulama geliştirme, kodlama, yazılım, Yazılım Uzmanlığı, C Sharp Programlama, Yazılım Kalitesi ve Testi, yazılım kalitesi, yazılım testi, tester, Software Quality a","237","1439","Aranan Programcı Olma,Python, Java, C#, c sharp, mobil, mobil uygulama, uygulama geliştirme, kodlama, yazılım, Yazılım Uzmanlığı, C Sharp Programlama, Yazılım Kalitesi ve Testi, yazılım kalitesi, yazılım testi, tester, Software Quality a","237","Yazılım Eğitimleri","18","","0","","0","","0","","","","https://unityverseacademy.com/kategori/yazilim-egitimleri-245/","","","","","","301756","36098","36098","5,350","","2102","581","3,618","64,470","Normal","4,857","1","2","","464","210","0","93,330","325","123","0","7","7","0","","","","","7b846e4406c9508b20daaf556b825b45","0,468","","","","","tr","1.1","","","","","","https://www.unityverseacademy.com/kategori/yazilim-egitimleri-245/","2026-07-27 17:45:40"
"https://www.unityverseacademy.com/uploads/p/p/s/dijital-oyun-muzigi-teknikleri-canli-online-egitimi_2.jpg?v=1759590545","image/jpeg","200","OK","Indexable","","","0","0","","0","0","","0","","0","","0","","0","","0","","","","","","","","","","107838","107838","107838","15,982","","0","","","","","0,000","1","4","","0","0","0","0,000","0","0","0","0","0","0","","","","","","0,292","Wed, 17 Jun 2026 19:04:47 GMT","","","","","1.1","","","","","","https://www.unityverseacademy.com/uploads/p/p/s/dijital-oyun-muzigi-teknikleri-canli-online-egitimi_2.jpg?v=1759590545","2026-07-27 17:45:41"
"https://www.unityverseacademy.com/blog-detay/suleyman-ozgonul-oyun-gelistiricilikte-zirveye-giden-yol-129/","text/html; charset=utf-8","200","OK","Non-Indexable","Canonicalised","Süleyman Özgönül: Oyun Geliştiricilikte Zirveye Giden Yol","57","508","Süleyman Özgönül: Oyun Geliştiricilikte Zirveye Giden Yol","57","347","unreal engine,","14","Süleyman Özgönül: Oyun Geliştiricilikte Zirveye Giden Yol","57","","0","Süleyman Özgönül: Oyun Geliştiricilikte Zirveye Giden Yol","57","Unityverse Academy Farkı","24","","","","https://unityverseacademy.com/blog-detay/suleyman-ozgonul-oyun-gelistiricilikte-zirveye-giden-yol-129/","","","","","","97261","24718","24718","3,663","","552","137","4,029","32,626","Hard","5,072","1","2","","11","4","0","1,780","76","52","0","8","8","0","","","","","e62e3da9bce2073210ecf0066ac79a9b","0,545","","","","","tr","1.1","","","","","","https://www.unityverseacademy.com/blog-detay/suleyman-ozgonul-oyun-gelistiricilikte-zirveye-giden-yol-129/","2026-07-27 17:45:41"
"https://www.unityverseacademy.com/kategori/yazilim-egitimleri-ozel-ders-268/","text/html; charset=utf-8","200","OK","Non-Indexable","Canonicalised","Yazılım Eğitimleri Özel Ders","28","247","Yazılım Eğitimleri Özel Ders, Özel Dersler","42","244","","0","Yazılım Eğitimleri Özel Ders","28","","0","","0","","0","","","","https://unityverseacademy.com/kategori/yazilim-egitimleri-ozel-ders-268/","","","","","","121327","27567","27567","4,085","","477","159","3,000","73,432","Fairly Easy","3,349","1","2","","218","210","0","93,330","88","42","0","7","7","0","","","","","dc46ead3a2cf7e2190e4eddde3e4cfd9","0,332","","","","","tr","1.1","","","","","","https://www.unityverseacademy.com/kategori/yazilim-egitimleri-ozel-ders-268/","2026-07-27 17:45:41"
"https://www.unityverseacademy.com/sayfa/hakkimizda-25/","text/html; charset=utf-8","200","OK","Non-Indexable","Canonicalised","Hakkımızda","10","105","HAKKIMIZDA","10","83","HAKKIMIZDA","10","HAKKIMIZDA","10","","0","UNITYVERSE ACADEMY","18","Biz kimiz?","10","","","","https://unityverseacademy.com/sayfa/hakkimizda-25/","","","","","","102638","25631","25631","3,799","","926","208","4,452","2,328","Very Hard","8,406","1","2","","422","210","0","93,330","64","40","0","7","7","0","","","","","d34a995b3830ca777d103eacd211b1e9","0,104","","","","","tr","1.1","","","","","","https://www.unityverseacademy.com/sayfa/hakkimizda-25/","2026-07-27 17:45:41"
"https://www.unityverseacademy.com/urun/unity-ile-oyun-gelistirme-yuz-yuze-egitimi-staj-garantili-598/","text/html; charset=utf-8","200","OK","Non-Indexable","Canonicalised","Unity Oyun Geliştirme Kursu – Yüz Yüze Sınıf Eğitimi (Staj Garantili)","69","602","2026 Python bootcamp sıfırdan ileri seviye online kursu. Yapay zeka, veri bilimi ve otomasyon için Python öğrenin!","114","698","Python bootcamp online, sıfırdan Python 2026, yapay zeka Python kursu, online Python eğitimi","92","Unity Oyun Geliştirme Kursu – Yüz Yüze Sınıf Eğitimi (Staj Garantili)","69","","0","Unity ile Oyun Geliştirme Eğitimi","33","Ne Öğreneceğim?","15","","","","https://unityverseacademy.com/urun/2026-python-bootcamp-sifirdan-python-canli-online-egitimi-8/","","","","","","179352","46286","46286","6,860","","4258","833","5,112","13,293","Very Hard","19,623","1","2","","32","6","0","2,670","86","47","0","12","12","0","","","","","19b21dda7be1893c7df7cfca006bf30","0,404","","","","","tr","1.1","","","","","","https://www.unityverseacademy.com/urun/unity-ile-oyun-gelistirme-yuz-yuze-egitimi-staj-garantili-598/","2026-07-27 17:45:41"
"https://www.unityverseacademy.com/public/tema10/css/themecss/so_megamenu.css?v=5.4.94","text/css; charset=UTF-8","200","OK","Indexable","","","0","0","","0","0","","0","","0","","0","","0","","0","","","","","","","","","","0","0","0","0,000","","0","","","","","0,000","1","4","","0","0","0","0,000","0","0","0","0","0","0","","","","","","0,108","Wed, 17 Jun 2026 19:04:45 GMT","","","","","1.1","","","","","","https://www.unityverseacademy.com/public/tema10/css/themecss/so_megamenu.css?v=5.4.94","2026-07-27 17:45:41"
"https://www.unityverseacademy.com/uploads/p/cd/yISe6HskUAO8.webp","image/webp","200","OK","Indexable","","","0","0","","0","0","","0","","0","","0","","0","","0","","","","","","","","","","46926","46926","46926","6,954","","0","","","","","0,000","1","3","","0","0","0","0,000","0","0","0","0","0","0","","","","","","0,568","Thu, 18 Jun 2026 12:21:14 GMT","","","","","1.1","","","","","","https://www.unityverseacademy.com/uploads/p/cd/yISe6HskUAO8.webp","2026-07-27 17:45:41"
"https://www.unityverseacademy.com/urun/yazilim-test-otomasyonu-egitimi-canli-online-egitimi-staj-garantili-7/","text/html; charset=utf-8","200","OK","Non-Indexable","Canonicalised","Yazılım Test Otomasyon Kursu – Online Canlı (Staj Garantili) QA & SDET","70","642","2026 Python bootcamp sıfırdan ileri seviye online kursu. Yapay zeka, veri bilimi ve otomasyon için Python öğrenin!","114","698","Python bootcamp online, sıfırdan Python 2026, yapay zeka Python kursu, online Python eğitimi","92","Yazılım Test Otomasyon Kursu – Online Canlı (Staj Garantili) QA & SDET","70","","0","Yazılım Test Otomasyonu Eğitimi","31","Ne Öğreneceğim","14","","","","https://unityverseacademy.com/urun/2026-python-bootcamp-sifirdan-python-canli-online-egitimi-8/","","","","","","171906","44607","44607","6,611","","3960","764","5,183","8,383","Very Hard","19,574","1","2","","34","8","0","3,560","87","48","0","11","11","0","","","","","a1b521587bafe74c762e90e49c49b662","0,211","","","","","tr","1.1","","","","","","https://www.unityverseacademy.com/urun/yazilim-test-otomasyonu-egitimi-canli-online-egitimi-staj-garantili-7/","2026-07-27 17:45:41"
"https://www.unityverseacademy.com/uploads/p/cd/BmsMLDdFV9vR.webp","image/webp","200","OK","Indexable","","","0","0","","0","0","","0","","0","","0","","0","","0","","","","","","","","","","65280","65280","65280","9,674","","0","","","","","0,000","1","3","","0","0","0","0,000","0","0","0","0","0","0","","","","","","0,246","Thu, 18 Jun 2026 12:21:14 GMT","","","","","1.1","","","","","","https://www.unityverseacademy.com/uploads/p/cd/BmsMLDdFV9vR.webp","2026-07-27 17:45:42"
"https://www.unityverseacademy.com/sayfa/iptal-ve-iade-kosullari-28/","text/html; charset=utf-8","200","OK","Non-Indexable","Canonicalised","İptal ve İade Koşulları","23","191","İptal ve İade Koşulları","23","132","İptal ve İade Koşulları","23","İptal ve İade Koşulları","23","","0","","0","","0","","","","https://unityverseacademy.com/sayfa/iptal-ve-iade-kosullari-28/","","","","","","93112","23442","23442","3,474","","535","128","4,180","34,025","Hard","5,275","1","2","","212","210","0","93,330","64","40","0","7","7","0","","","","","6f53fe377507d1274a9ae57046b0bb27","0,541","","","","","tr","1.1","","","","","","https://www.unityverseacademy.com/sayfa/iptal-ve-iade-kosullari-28/","2026-07-27 17:45:41"
"https://www.unityverseacademy.com/uye/fatura-teslimat/","text/html; charset=utf-8","200","OK","Indexable","","Alışveriş Sepeti","16","138","Alışveriş Sepeti","16","92","Alışveriş Sepeti","16","Sepetim (0 Kurs)","16","","0","","0","","0","","","","","","","","","","92576","22930","22930","3,398","","242","82","2,951","65,054","Normal","2,708","1","2","","212","210","0","93,330","66","41","0","7","7","0","","","","","cf5a24629e4e4d49c6337c35b2d41e7","0,297","","","","","tr","1.1","","","","","","https://www.unityverseacademy.com/uye/fatura-teslimat/","2026-07-27 17:45:42"
"https://www.unityverseacademy.com/uye-girisi/","text/html; charset=utf-8","200","OK","Non-Indexable","Canonicalised","Üye Girişi","10","84","Üye Girişi","10","57","Üye Girişi","10","Merhaba,","8","","0","","0","","0","","","","https://unityverseacademy.com/uye-girisi/","","","","","","114736","27771","27771","4,116","","1338","322","4,155","20,392","Very Hard","9,925","1","1","","215","210","0","93,330","64","40","0","7","7","0","","","","","49fc397b3d4cc7e74ef2806089ba8d20","0,217","","","","","tr","1.1","","","","","","https://www.unityverseacademy.com/uye-girisi/","2026-07-27 17:45:42"
"https://www.unityverseacademy.com/kategori/3d-modelleme-ozel-ders-273/","text/html; charset=utf-8","200","OK","Non-Indexable","Canonicalised","3D Modelleme Özel Ders","22","220","3D Modelleme Özel Ders, Özel Dersler","36","227","","0","3D Modelleme Özel Ders","22","","0","","0","","0","","","","https://unityverseacademy.com/kategori/3d-modelleme-ozel-ders-273/","","","","","","121138","27552","27552","4,083","","477","159","3,000","75,560","Fairly Easy","3,333","1","2","","218","210","0","93,330","88","42","0","7","7","0","","","","","6c9aa0e11ecaaa9060b3f9e6e98e85d1","0,253","","","","","tr","1.1","","","","","","https://www.unityverseacademy.com/kategori/3d-modelleme-ozel-ders-273/","2026-07-27 17:45:42"
"https://www.unityverseacademy.com/uploads/p/cd/BQMaSWDnF9Xq.png","image/png","200","OK","Indexable","","","0","0","","0","0","","0","","0","","0","","0","","0","","","","","","","","","","3473","3473","3473","0,515","","0","","","","","0,000","1","3","","0","0","0","0,000","0","0","0","0","0","0","","","","","","0,764","Thu, 18 Jun 2026 12:21:14 GMT","","","","","1.1","","","","","","https://www.unityverseacademy.com/uploads/p/cd/BQMaSWDnF9Xq.png","2026-07-27 17:45:42"
"https://www.unityverseacademy.com/blog-detay/basari-hikâyesi-buse-sahinoglunun-eczacibasindaki-3d-tasarim-yolculugu-107/","text/html; charset=utf-8","200","OK","Non-Indexable","Canonicalised","Başarı Hikâyesi: Buse Şahinoğlu'nun Eczacıbaşı'ndaki 3D Tasarım Yolculuğu","73","669","Başarı Hikâyesi: Buse Şahinoğlu","31","197","unreal engine,","14","Başarı Hikâyesi: Buse Şahinoğlu'nun Eczacıbaşı'ndaki 3D Tasarım Yolculuğu","73","","0","","0","","0","","","","https://unityverseacademy.com/blog-detay/basari-hikâyesi-buse-sahinoglunun-eczacibasindaki-3d-tasarim-yolculugu-107/","","","","","","97658","24774","24774","3,672","","557","136","4,096","34,237","Hard","5,119","1","2","","17","4","0","1,780","76","52","0","8","8","0","","","","","d8963c60f69468700b286656b3e490de","0,294","","","","","tr","1.1","","","","","","https://www.unityverseacademy.com/blog-detay/basari-hik%C3%A2yesi-buse-sahinoglunun-eczacibasindaki-3d-tasarim-yolculugu-107/","2026-07-27 17:45:42"
"https://www.unityverseacademy.com/public/tema10/js/themejs/so_megamenu.js?v=5.4.94","application/javascript; charset=UTF-8","200","OK","Indexable","","","0","0","","0","0","","0","","0","","0","","0","","0","","","","","","","","","","0","0","0","0,000","","0","","","","","0,000","1","4","","0","0","0","0,000","0","0","0","0","0","0","","","","","","0,128","Wed, 17 Jun 2026 19:04:45 GMT","","","","","1.1","","","","","","https://www.unityverseacademy.com/public/tema10/js/themejs/so_megamenu.js?v=5.4.94","2026-07-27 17:45:43"
"https://www.unityverseacademy.com/blog-detay/filiz-tumuklunun-yazilim-test-otomasyonu-egitimi-ve-kariyer-basarisi-90/","text/html; charset=utf-8","200","OK","Non-Indexable","Canonicalised","Filiz Tümüklü’nün Yazılım Test Otomasyonu Eğitimi ve Kariyer Başarısı","69","627","Filiz Tümüklü’nün Yazılım Test Otomasyonu Eğitimi ve Kariyer Başarısı","69","431","unreal engine,","14","Filiz Tümüklü’nün Yazılım Test Otomasyonu Eğitimi ve Kariyer Başarısı","69","","0","","0","","0","","","","https://unityverseacademy.com/blog-detay/filiz-tumuklunun-yazilim-test-otomasyonu-egitimi-ve-kariyer-basarisi-90/","","","","","","99807","25380","25380","3,761","","781","162","4,821","30,359","Hard","6,654","1","2","","8","3","0","1,330","76","52","0","8","8","0","","","","","9cf41cc260dd6b9f05db0d7b7fed8fc","0,234","","","","","tr","1.1","","","","","","https://www.unityverseacademy.com/blog-detay/filiz-tumuklunun-yazilim-test-otomasyonu-egitimi-ve-kariyer-basarisi-90/","2026-07-27 17:45:42"
"https://www.unityverseacademy.com/uploads/p/o/M8NILhl4t7HF.jpg?v=1701782743","image/jpeg","200","OK","Indexable","","","0","0","","0","0","","0","","0","","0","","0","","0","","","","","","","","","","55837","55837","55837","8,275","","0","","","","","0,000","1","3","","0","0","0","0,000","0","0","0","0","0","0","","","","","","0,863","Wed, 17 Jun 2026 19:04:47 GMT","","","","","1.1","","","","","","https://www.unityverseacademy.com/uploads/p/o/M8NILhl4t7HF.jpg?v=1701782743","2026-07-27 17:45:42"
"https://www.unityverseacademy.com/uploads/p/p/s/c-programlama-canli-online-egitimi_2.jpg?v=1696601125","image/jpeg","200","OK","Indexable","","","0","0","","0","0","","0","","0","","0","","0","","0","","","","","","","","","","42589","42589","42589","6,312","","0","","","","","0,000","1","4","","0","0","0","0,000","0","0","0","0","0","0","","","","","","0,099","Wed, 17 Jun 2026 19:04:47 GMT","","","","","1.1","","","","","","https://www.unityverseacademy.com/uploads/p/p/s/c-programlama-canli-online-egitimi_2.jpg?v=1696601125","2026-07-27 17:45:43"
"https://www.unityverseacademy.com/uploads/p/p/s/profesyonel-3b-modelleme-dijital-sanat-programi-online_1.jpg?v=1757508001","image/jpeg","200","OK","Indexable","","","0","0","","0","0","","0","","0","","0","","0","","0","","","","","","","","","","60209","60209","60209","8,923","","0","","","","","0,000","1","4","","0","0","0","0,000","0","0","0","0","0","0","","","","","","0,557","Wed, 17 Jun 2026 19:04:47 GMT","","","","","1.1","","","","","","https://www.unityverseacademy.com/uploads/p/p/s/profesyonel-3b-modelleme-dijital-sanat-programi-online_1.jpg?v=1757508001","2026-07-27 17:45:42"
"https://www.unityverseacademy.com/tum-urunler/","text/html; charset=utf-8","200","OK","Indexable","","Tüm Ürünler","11","111","Tüm Ürünler","11","76","Tüm Ürünler","11","Tüm Ürünler","11","","0","","0","","0","","","","https://www.unityverseacademy.com/tum-urunler/","","","","","","722113","54511","54511","8,079","","5788","1567","3,694","57,009","Fairly Hard","5,365","1","1","","286","210","0","93,330","884","310","0","7","7","0","","","","","1adef7f22090c8415a46146bdfa4b7b3","0,949","","","","","tr","1.1","","","","","","https://www.unityverseacademy.com/tum-urunler/","2026-07-27 17:45:42"
"https://www.unityverseacademy.com/uploads/p/cd/AHREgDJ51l30.webp","image/webp","200","OK","Indexable","","","0","0","","0","0","","0","","0","","0","","0","","0","","","","","","","","","","88452","88452","88452","13,109","","0","","","","","0,000","1","3","","0","0","0","0,000","0","0","0","0","0","0","","","","","","0,386","Wed, 17 Jun 2026 19:04:47 GMT","","","","","1.1","","","","","","https://www.unityverseacademy.com/uploads/p/cd/AHREgDJ51l30.webp","2026-07-27 17:45:43"
"https://www.unityverseacademy.com/blog-detay/can-kalyoncuoglu-hayallerden-gerceklere-128/","text/html; charset=utf-8","200","OK","Non-Indexable","Canonicalised","Can Kalyoncuoğlu: Hayallerden Gerçeklere","40","377","Can Kalyoncuoğlu: Hayallerden Gerçeklere","40","261","unreal engine,","14","Can Kalyoncuoğlu: Hayallerden Gerçeklere","40","","0","Can Kalyoncuoğlu: Hayallerden Gerçeklere","40","Unityverse Academy Farkı","24","","","","https://unityverseacademy.com/blog-detay/can-kalyoncuoglu-hayallerden-gerceklere-128/","","","","","","96881","24591","24591","3,644","","525","136","3,860","34,039","Hard","4,854","1","2","","11","4","0","1,780","76","52","0","8","8","0","","","","","a3362bf0521e5596493244636e18fcb2","0,570","","","","","tr","1.1","","","","","","https://www.unityverseacademy.com/blog-detay/can-kalyoncuoglu-hayallerden-gerceklere-128/","2026-07-27 17:45:43"
"https://www.unityverseacademy.com/urun/grafik-tasarim-ve-video-efekt-uzmanligi-canli-online-egitimi-staj-garantili-564/","text/html; charset=utf-8","200","OK","Non-Indexable","Canonicalised","Grafik Tasarım Kursu & Video Efekt Uzmanlığı – Online Canlı (Staj Garantili)","76","673","2026 Python bootcamp sıfırdan ileri seviye online kursu. Yapay zeka, veri bilimi ve otomasyon için Python öğrenin!","114","698","Python bootcamp online, sıfırdan Python 2026, yapay zeka Python kursu, online Python eğitimi","92","Grafik Tasarım Kursu & Video Efekt Uzmanlığı – Online Canlı (Staj Garantili)","76","","0","Grafik Tasarım ve Video Efekt Uzmanlığı Eğitimi","47","","0","","","","https://unityverseacademy.com/urun/2026-python-bootcamp-sifirdan-python-canli-online-egitimi-8/","","","","","","179178","44096","44096","6,535","","3821","879","4,347","12,034","Very Hard","17,847","1","2","","42","6","0","2,670","99","48","0","10","10","0","","","","","9d8a212b7a3c5a9ab1de6ef3acb99e84","0,269","","","","","tr","1.1","","","","","","https://www.unityverseacademy.com/urun/grafik-tasarim-ve-video-efekt-uzmanligi-canli-online-egitimi-staj-garantili-564/","2026-07-27 17:45:43"
"https://www.unityverseacademy.com/uye-ol/","text/html; charset=utf-8","301","Moved Permanently","Non-Indexable","Redirected","","0","0","","0","0","","0","","0","","0","","0","","0","","","","","","","","","","66","66","66","0,010","","0","","","","","0,000","1","1","","420","210","0","93,330","0","0","0","0","0","0","","","","","","0,378","","https://www.unityverseacademy.com/uye-girisi/?tab=register","HTTP Redirect","","","1.1","","","","","","https://www.unityverseacademy.com/uye-ol/","2026-07-27 17:45:43"
"https://www.unityverseacademy.com/public/tema10/js/datetimepicker/moment.js?v=5.4.94","application/javascript; charset=UTF-8","200","OK","Indexable","","","0","0","","0","0","","0","","0","","0","","0","","0","","","","","","","","","","0","0","0","0,000","","0","","","","","0,000","1","4","","0","0","0","0,000","0","0","0","0","0","0","","","","","","0,091","Wed, 17 Jun 2026 19:04:45 GMT","","","","","1.1","","","","","","https://www.unityverseacademy.com/public/tema10/js/datetimepicker/moment.js?v=5.4.94","2026-07-27 17:45:43"
"https://www.unityverseacademy.com/uploads/p/cd/B83sAeRW67zU.webp","image/webp","200","OK","Indexable","","","0","0","","0","0","","0","","0","","0","","0","","0","","","","","","","","","","65280","65280","65280","9,674","","0","","","","","0,000","1","3","","0","0","0","0,000","0","0","0","0","0","0","","","","","","0,507","Wed, 17 Jun 2026 19:04:47 GMT","","","","","1.1","","","","","","https://www.unityverseacademy.com/uploads/p/cd/B83sAeRW67zU.webp","2026-07-27 17:45:43"
"https://www.unityverseacademy.com/uploads/p/cd/4RGnxhqCrAQj.webp","image/webp","200","OK","Indexable","","","0","0","","0","0","","0","","0","","0","","0","","0","","","","","","","","","","34660","34660","34660","5,137","","0","","","","","0,000","1","3","","0","0","0","0,000","0","0","0","0","0","0","","","","","","0,471","Wed, 17 Jun 2026 19:04:47 GMT","","","","","1.1","","","","","","https://www.unityverseacademy.com/uploads/p/cd/4RGnxhqCrAQj.webp","2026-07-27 17:45:43"
"https://www.unityverseacademy.com/urun/profesyonel-3b-modelleme-dijital-sanat-programi-online-1/","text/html; charset=utf-8","200","OK","Non-Indexable","Canonicalised","Profesyonel 3D Modelleme & Dijital Sanat Kursu – Kapsamlı Online (3D Generalist Programı)","89","824","2026 Python bootcamp sıfırdan ileri seviye online kursu. Yapay zeka, veri bilimi ve otomasyon için Python öğrenin!","114","698","Python bootcamp online, sıfırdan Python 2026, yapay zeka Python kursu, online Python eğitimi","92","Profesyonel 3D Modelleme & Dijital Sanat Kursu – Kapsamlı Online (3D Generalist Programı)","89","","0","","0","Profesyonel 3B Modelleme & Dijital Sanat Programı","49","","","","https://unityverseacademy.com/urun/2026-python-bootcamp-sifirdan-python-canli-online-egitimi-8/","","","","","","152725","39248","39248","5,817","","2558","547","4,676","7,356","Very Hard","14,298","1","2","","22","8","0","3,560","74","47","0","11","11","0","","","","","c02acd9231d51754a05f1801bd6ed649","0,162","","","","","tr","1.1","","","","","","https://www.unityverseacademy.com/urun/profesyonel-3b-modelleme-dijital-sanat-programi-online-1/","2026-07-27 17:45:43"
"https://www.unityverseacademy.com/public/tema10/js/datetimepicker/locale-tr.js?v=5.4.94","application/javascript; charset=UTF-8","200","OK","Indexable","","","0","0","","0","0","","0","","0","","0","","0","","0","","","","","","","","","","0","0","0","0,000","","0","","","","","0,000","1","4","","0","0","0","0,000","0","0","0","0","0","0","","","","","","0,325","Wed, 17 Jun 2026 19:04:45 GMT","","","","","1.1","","","","","","https://www.unityverseacademy.com/public/tema10/js/datetimepicker/locale-tr.js?v=5.4.94","2026-07-27 17:45:43"
"https://www.unityverseacademy.com/uploads/p/p/s/unity-ile-oyun-gelistirme-yuz-yuze-egitimi_1.jpeg?v=1714312888","image/jpeg","200","OK","Indexable","","","0","0","","0","0","","0","","0","","0","","0","","0","","","","","","","","","","49870","49870","49870","7,391","","0","","","","","0,000","1","4","","0","0","0","0,000","0","0","0","0","0","0","","","","","","0,474","Wed, 17 Jun 2026 19:04:47 GMT","","","","","1.1","","","","","","https://www.unityverseacademy.com/uploads/p/p/s/unity-ile-oyun-gelistirme-yuz-yuze-egitimi_1.jpeg?v=1714312888","2026-07-27 17:45:44"
"https://www.unityverseacademy.com/Captcha?width=100&height=34&characters=6&type=askus","text/html; charset=utf-8","404","Not Found","Non-Indexable","Client Error","","0","0","","0","0","","0","","0","","0","","0","","0","","","","","","","","","","18","18","18","0,003","","0","","","","","0,000","1","0","","0","0","0","0,000","0","0","0","0","0","0","","","","","","0,360","","","","","","1.1","","","","","","https://www.unityverseacademy.com/Captcha?width=100&height=34&characters=6&type=askus","2026-07-27 17:45:44"
"https://www.unityverseacademy.com/blog-detay/emre-gungorun-sps-senurdaki-robotic-system-developer-yolculugu-95/","text/html; charset=utf-8","200","OK","Non-Indexable","Canonicalised","Emre Güngör'ün SPS SENUR'daki Robotic System Developer Yolculuğu","64","622","Emre Güngör","11","82","unreal engine,","14","Emre Güngör'ün SPS SENUR'daki Robotic System Developer Yolculuğu","64","","0","","0","","0","","","","https://unityverseacademy.com/blog-detay/emre-gungorun-sps-senurdaki-robotic-system-developer-yolculugu-95/","","","","","","97624","24814","24814","3,677","","585","140","4,179","32,815","Hard","5,312","1","2","","14","3","0","1,330","76","52","0","8","8","0","","","","","9da56f8b8085884e636b028746d57c3b","0,241","","","","","tr","1.1","","","","","","https://www.unityverseacademy.com/blog-detay/emre-gungorun-sps-senurdaki-robotic-system-developer-yolculugu-95/","2026-07-27 17:45:44"
"https://unityverseacademy.com/","text/html; charset=utf-8","200","OK","Indexable","","En İyi Staj Garantili Yazılım, Oyun ve Tasarım Kursları","55","471","En iyi Staj garantili yazılım, oyun, uygulama geliştirme, grafik tasarım, siber güvenlik eğitimleri,  E-devlet ve uluslararası sertifikalarla meslek kursları","157","892","staj garantili eğitim, yazılım kursu, oyun geliştirme, grafik tasarım, siber güvenlik, 3D modelleme, mobil uygulama geliştirme, yapay zeka, e-devlet sertifikası, meslek kursları","177","En çok tercih edilen eğitimler","30","Eğitmenlerimiz","14","'","1","","0","","","","https://unityverseacademy.com/","","","","","","233255","40755","40755","6,040","","2242","503","4,457","13,716","Very Hard","8,068","1","0","","59","15","0","6,670","265","77","0","7","7","0","","","","","23e73854ac725f024029cb73092ce40c","0,340","","","","","tr","1.1","","","","","","https://unityverseacademy.com/","2026-07-27 17:45:44"
"https://www.unityverseacademy.com/public/tema10/css/owl.carousel.css?v=5.4.94","text/css; charset=UTF-8","200","OK","Indexable","","","0","0","","0","0","","0","","0","","0","","0","","0","","","","","","","","","","0","0","0","0,000","","0","","","","","0,000","1","3","","0","0","0","0,000","0","0","0","0","0","0","","","","","","0,360","Wed, 17 Jun 2026 19:04:45 GMT","","","","","1.1","","","","","","https://www.unityverseacademy.com/public/tema10/css/owl.carousel.css?v=5.4.94","2026-07-27 17:45:44"
"https://www.unityverseacademy.com/blog-detay/berkay-kurt-multiplayer-oyun-gelistiriciliginde-bir-yildiz-130/","text/html; charset=utf-8","200","OK","Non-Indexable","Canonicalised","Berkay Kurt: Multiplayer Oyun Geliştiriciliğinde Bir Yıldız","59","492","Berkay Kurt: Multiplayer Oyun Geliştiriciliğinde Bir Yıldız","59","338","unreal engine,","14","Berkay Kurt: Multiplayer Oyun Geliştiriciliğinde Bir Yıldız","59","","0","Berkay Kurt: Multiplayer Oyun Geliştiriciliğinde Bir Yıldız LinkedIn hesabı için buraya tıklayınız.","99","Unityverse Academy Farkı","24","","","","https://unityverseacademy.com/blog-detay/berkay-kurt-multiplayer-oyun-gelistiriciliginde-bir-yildiz-130/","","","","","","97132","24659","24659","3,654","","535","134","3,993","33,266","Hard","4,932","1","2","","11","4","0","1,780","76","52","0","8","8","0","","","","","d1abadf1bb7b1d135a9bf42a10644044","0,692","","","","","tr","1.1","","","","","","https://www.unityverseacademy.com/blog-detay/berkay-kurt-multiplayer-oyun-gelistiriciliginde-bir-yildiz-130/","2026-07-27 17:45:44"
"https://www.unityverseacademy.com/kategori/mimarlik-egitimleri-ozel-ders-274/","text/html; charset=utf-8","200","OK","Non-Indexable","Canonicalised","Mimarlık Eğitimleri Özel Ders","29","259","Mimarlık Eğitimleri Özel Ders, Özel Dersler","43","253","","0","Mimarlık Eğitimleri Özel Ders","29","","0","","0","","0","","","","https://unityverseacademy.com/kategori/mimarlik-egitimleri-ozel-ders-274/","","","","","","120845","27449","27449","4,068","","481","160","3,006","72,399","Fairly Easy","3,395","1","2","","218","210","0","93,330","88","42","0","7","7","0","","","","","fd5d81948e89bdb619fcc0fa800c5eef","0,492","","","","","tr","1.1","","","","","","https://www.unityverseacademy.com/kategori/mimarlik-egitimleri-ozel-ders-274/","2026-07-27 17:45:44"
"https://www.unityverseacademy.com/urun/unity-ile-oyun-gelistirme-canli-online-egitimi-staj-garantili-17/","text/html; charset=utf-8","200","OK","Non-Indexable","Canonicalised","Unity ile Oyun Geliştirme Kursu – Online Canlı Eğitim (Staj Garantili)","70","603","2026 Python bootcamp sıfırdan ileri seviye online kursu. Yapay zeka, veri bilimi ve otomasyon için Python öğrenin!","114","698","Python bootcamp online, sıfırdan Python 2026, yapay zeka Python kursu, online Python eğitimi","92","Unity ile Oyun Geliştirme Kursu – Online Canlı Eğitim (Staj Garantili)","70","","0","Unity ile Oyun Geliştirme Eğitimi","33","Ne Öğreneceğim?","15","","","","https://unityverseacademy.com/urun/2026-python-bootcamp-sifirdan-python-canli-online-egitimi-8/","","","","","","178440","46113","46113","6,834","","4310","838","5,143","13,080","Very Hard","19,968","1","2","","32","6","0","2,670","85","47","0","12","12","0","","","","","fe1666ddaafa6cd729c620d1c2a54ed3","0,436","","","","","tr","1.1","","","","","","https://www.unityverseacademy.com/urun/unity-ile-oyun-gelistirme-canli-online-egitimi-staj-garantili-17/","2026-07-27 17:45:44"
"https://www.unityverseacademy.com/uploads/p/cd/hzfpok91vjDW.webp","image/webp","200","OK","Indexable","","","0","0","","0","0","","0","","0","","0","","0","","0","","","","","","","","","","70938","70938","70938","10,513","","0","","","","","0,000","1","3","","0","0","0","0,000","0","0","0","0","0","0","","","","","","0,148","Wed, 17 Jun 2026 19:04:47 GMT","","","","","1.1","","","","","","https://www.unityverseacademy.com/uploads/p/cd/hzfpok91vjDW.webp","2026-07-27 17:45:45"
"https://www.unityverseacademy.com/form/hemen-bilgi-al-1/","text/html; charset=utf-8","200","OK","Non-Indexable","Canonicalised","Form","4","47","Form","4","33","Form","4","","0","","0","","0","","0","","","","https://unityverseacademy.com/form/hemen-bilgi-al-1/","","","","","","94695","23488","23488","3,481","","272","88","3,091","60,624","Normal","3,038","1","2","","632","210","0","93,330","65","41","0","7","7","0","","","","","5dd5ed23ba7d526d625b1931dd2d1f40","0,118","","","","","tr","1.1","","","","","","https://www.unityverseacademy.com/form/hemen-bilgi-al-1/","2026-07-27 17:45:45"
"https://www.unityverseacademy.com/public/tema10/js/custom-design/slick.min.js?v=5.4.94","application/javascript; charset=UTF-8","200","OK","Indexable","","","0","0","","0","0","","0","","0","","0","","0","","0","","","","","","","","","","0","0","0","0,000","","0","","","","","0,000","1","4","","0","0","0","0,000","0","0","0","0","0","0","","","","","","0,162","Wed, 17 Jun 2026 19:04:45 GMT","","","","","1.1","","","","","","https://www.unityverseacademy.com/public/tema10/js/custom-design/slick.min.js?v=5.4.94","2026-07-27 17:45:45"
"https://www.unityverseacademy.com/sayfa/egitmenler-10/","text/html; charset=utf-8","200","OK","Non-Indexable","Canonicalised","Eğitmenlerimiz","14","135","EĞİTMENLERİMİZ","14","113","EĞİTMENLERİMİZ","14","EĞİTMENLERİMİZ","14","","0","","0","","0","","","","https://unityverseacademy.com/sayfa/egitmenlerimiz-10/","","","","","","95893","23512","23512","3,484","","267","98","2,724","65,921","Normal","2,773","1","2","","212","210","0","93,330","76","52","0","9","9","0","","","","","8f8f72d3c2a55d365306f4c570a2759b","0,418","","","","","tr","1.1","","","","","","https://www.unityverseacademy.com/sayfa/egitmenler-10/","2026-07-27 17:45:45"
"https://www.unityverseacademy.com/blog-detay/arda-bickinnin-yazilim-test-otomasyonu-egitimi-ve-testiniumdaki-staj-sureci-89/","text/html; charset=utf-8","200","OK","Non-Indexable","Canonicalised","Arda Biçkin’nin Yazılım Test Otomasyonu Eğitimi ve Testinium’daki Staj Süreci","77","695","Arda Biçkin’nin Yazılım Test Otomasyonu Eğitimi ve Testinium’daki Staj Süreci","77","476","unreal engine,","14","Arda Biçkin’nin Yazılım Test Otomasyonu Eğitimi ve Testinium’daki Staj Süreci","77","","0","","0","","0","","","","https://unityverseacademy.com/blog-detay/arda-bickinnin-yazilim-test-otomasyonu-egitimi-ve-testiniumdaki-staj-sureci-89/","","","","","","100212","25530","25530","3,784","","834","174","4,793","21,916","Very Hard","7,217","1","2","","14","3","0","1,330","76","52","0","7","7","0","","","","","2d69ff270e0835b9a0e23d37f0c7754d","0,578","","","","","tr","1.1","","","","","","https://www.unityverseacademy.com/blog-detay/arda-bickinnin-yazilim-test-otomasyonu-egitimi-ve-testiniumdaki-staj-sureci-89/","2026-07-27 17:45:44"
"https://www.unityverseacademy.com/uploads/p/cd/6FMJGd1m4zHY.webp","image/webp","200","OK","Indexable","","","0","0","","0","0","","0","","0","","0","","0","","0","","","","","","","","","","88452","88452","88452","13,109","","0","","","","","0,000","1","3","","0","0","0","0,000","0","0","0","0","0","0","","","","","","0,121","Thu, 18 Jun 2026 12:21:14 GMT","","","","","1.1","","","","","","https://www.unityverseacademy.com/uploads/p/cd/6FMJGd1m4zHY.webp","2026-07-27 17:45:45"
"https://www.unityverseacademy.com/uploads/p/cd/gpM3HDtTk9KZ.webp","image/webp","200","OK","Indexable","","","0","0","","0","0","","0","","0","","0","","0","","0","","","","","","","","","","46926","46926","46926","6,954","","0","","","","","0,000","1","3","","0","0","0","0,000","0","0","0","0","0","0","","","","","","0,111","Wed, 17 Jun 2026 19:04:47 GMT","","","","","1.1","","","","","","https://www.unityverseacademy.com/uploads/p/cd/gpM3HDtTk9KZ.webp","2026-07-27 17:45:45"
"https://www.unityverseacademy.com/uye/sepet/","text/html; charset=utf-8","200","OK","Indexable","","Alışveriş Sepeti","16","138","Alışveriş Sepeti","16","92","Alışveriş Sepeti","16","Sepetim (0 Kurs)","16","","0","","0","","0","","","","","","","","","","92576","22930","22930","3,398","","242","82","2,951","65,054","Normal","2,708","1","2","","212","210","0","93,330","66","41","0","7","7","0","","","","","cf5a24629e4e4d49c6337c35b2d41e7","0,432","","","","","tr","1.1","","","","","","https://www.unityverseacademy.com/uye/sepet/","2026-07-27 17:45:44"
"https://www.unityverseacademy.com/public/tema10/css/bootstrap-datetimepicker.min.css?v=5.4.94","text/css; charset=UTF-8","200","OK","Indexable","","","0","0","","0","0","","0","","0","","0","","0","","0","","","","","","","","","","0","0","0","0,000","","0","","","","","0,000","1","3","","0","0","0","0,000","0","0","0","0","0","0","","","","","","0,152","Wed, 17 Jun 2026 19:04:45 GMT","","","","","1.1","","","","","","https://www.unityverseacademy.com/public/tema10/css/bootstrap-datetimepicker.min.css?v=5.4.94","2026-07-27 17:45:45"
"https://www.unityverseacademy.com/uploads/p/p/s/desinatorluk-canli-online-egitimi_2.jpg?v=1699876654","image/jpeg","200","OK","Indexable","","","0","0","","0","0","","0","","0","","0","","0","","0","","","","","","","","","","43469","43469","43469","6,442","","0","","","","","0,000","1","4","","0","0","0","0,000","0","0","0","0","0","0","","","","","","0,650","Wed, 17 Jun 2026 19:04:47 GMT","","","","","1.1","","","","","","https://www.unityverseacademy.com/uploads/p/p/s/desinatorluk-canli-online-egitimi_2.jpg?v=1699876654","2026-07-27 17:45:45"
"https://www.unityverseacademy.com/marka/unityverse-academy-1/","text/html; charset=utf-8","200","OK","Non-Indexable","Canonicalised","Unityverse Academy","18","182","Unityverse Academy marka ürünlerimiz uygun fiyatları ile Unityverse Academy da!","79","501","Unityverse Academy","18","Unityverse Academy","18","","0","","0","","0","","","","https://unityverseacademy.com/marka/unityverse-academy-1/","","","","","","137299","28756","28756","4,262","","473","165","2,867","47,424","Hard","3,190","1","2","","1011","157","0","69,780","106","55","0","7","7","0","","","","","f9a7063dec645114e6c06ffca8093370","0,658","","","","","tr","1.1","","","","","","https://www.unityverseacademy.com/marka/unityverse-academy-1/","2026-07-27 17:45:45"
"https://www.unityverseacademy.com/uploads/p/cd/lQveczHUdfBT.webp","image/webp","200","OK","Indexable","","","0","0","","0","0","","0","","0","","0","","0","","0","","","","","","","","","","34660","34660","34660","5,137","","0","","","","","0,000","1","3","","0","0","0","0,000","0","0","0","0","0","0","","","","","","0,622","Thu, 18 Jun 2026 12:21:14 GMT","","","","","1.1","","","","","","https://www.unityverseacademy.com/uploads/p/cd/lQveczHUdfBT.webp","2026-07-27 17:45:45"
"https://www.unityverseacademy.com/uploads/p/p/s/grafik-tasarim-ve-video-efekt-uzmanligi-yuz-yuze-egitimi-staj-garantili_1.jpg?v=1763219437","image/jpeg","200","OK","Indexable","","","0","0","","0","0","","0","","0","","0","","0","","0","","","","","","","","","","41772","41772","41772","6,191","","0","","","","","0,000","1","4","","0","0","0","0,000","0","0","0","0","0","0","","","","","","0,636","Wed, 17 Jun 2026 19:04:47 GMT","","","","","1.1","","","","","","https://www.unityverseacademy.com/uploads/p/p/s/grafik-tasarim-ve-video-efekt-uzmanligi-yuz-yuze-egitimi-staj-garantili_1.jpg?v=1763219437","2026-07-27 17:45:45"
"https://www.unityverseacademy.com/uploads/p/p/s/2b-oyun-karakter-tasarimi-ve-animasyon-canli-online-egitimi_1.jpg?v=1759406018","image/jpeg","200","OK","Indexable","","","0","0","","0","0","","0","","0","","0","","0","","0","","","","","","","","","","47361","47361","47361","7,019","","0","","","","","0,000","1","4","","0","0","0","0,000","0","0","0","0","0","0","","","","","","0,099","Wed, 17 Jun 2026 19:04:47 GMT","","","","","1.1","","","","","","https://www.unityverseacademy.com/uploads/p/p/s/2b-oyun-karakter-tasarimi-ve-animasyon-canli-online-egitimi_1.jpg?v=1759406018","2026-07-27 17:45:46"
"https://www.unityverseacademy.com/sayfa/kvkk-aydinlatma-metni/","text/html; charset=utf-8","200","OK","Non-Indexable","Canonicalised","Kişisel Verilerin Korunması Hakkında Aydınlatma Bildirimi","57","513","Kişisel Verilerin Korunması Hakkında Aydınlatma Bildirimi","57","351","Kişisel Verilerin Korunması Hakkında Aydınlatma Bildirimi","57","Kişisel Verilerin Korunması Hakkında Aydınlatma Bildirimi","57","","0","","0","","0","","","","https://unityverseacademy.com/sayfa/kisisel-verilerin-korunmasi-hakkinda-aydinlatma-bildirimi-29/","","","","","","113885","28033","28033","4,154","","2534","461","5,497","0,000","Very Hard","19,860","1","2","","7","4","0","1,780","64","41","0","7","7","0","","","","","e680af4a43205ae91144e53c6f20d140","0,557","","","","","tr","1.1","","","","","","https://www.unityverseacademy.com/sayfa/kvkk-aydinlatma-metni/","2026-07-27 17:45:45"
"https://unityverseacademy.com/kategori/animasyon-egitimleri-248/","text/html; charset=utf-8","200","OK","Indexable","","Animasyon Eğitimleri","20","189","Animasyon Eğitimleri","20","130","","0","Animasyon Eğitimleri","20","","0","","0","","0","","","","https://unityverseacademy.com/kategori/animasyon-egitimleri-248/","","","","","","141941","29016","29016","4,300","","630","203","3,103","63,222","Normal","3,613","2","2","","44","15","0","6,670","112","52","0","7","7","0","","","","","740f0ca46cd272a6ccdd9f5327a06255","0,195","","","","","tr","1.1","","","","","","https://unityverseacademy.com/kategori/animasyon-egitimleri-248/","2026-07-27 17:45:46"
"https://www.unityverseacademy.com/uploads/p/p/maya-ile-modelleme-ve-animasyon-canli-online-ozel-ders_2.jpg?v=1762939922","image/jpeg","200","OK","Indexable","","","0","0","","0","0","","0","","0","","0","","0","","0","","","","","","","","","","145093","145093","145093","21,503","","0","","","","","0,000","2","3","","2","2","0","0,890","0","0","0","0","0","0","","","","","","0,345","Wed, 17 Jun 2026 19:04:47 GMT","","","","","1.1","","","","","","https://www.unityverseacademy.com/uploads/p/p/maya-ile-modelleme-ve-animasyon-canli-online-ozel-ders_2.jpg?v=1762939922","2026-07-27 17:45:46"
"https://www.unityverseacademy.com/urun/maya-ile-modelleme-ve-animasyon-canli-online-ozel-ders-1047/","text/html; charset=utf-8","200","OK","Non-Indexable","Canonicalised","Autodesk Maya 3D Modelleme & Animasyon Özel Ders – Birebir Online (Rigging & Render)","84","796","2026 Python bootcamp sıfırdan ileri seviye online kursu. Yapay zeka, veri bilimi ve otomasyon için Python öğrenin!","114","698","Python bootcamp online, sıfırdan Python 2026, yapay zeka Python kursu, online Python eğitimi","92","Autodesk Maya 3D Modelleme & Animasyon Özel Ders – Birebir Online (Rigging & Render)","84","","0","Maya ile Modelleme ve Animasyon Eğitimi Eğitmen: Öğr. Gör. Esmanur Bayar (CV için tıklayınız) Yıldız Teknik Üniversitesi Sanat ve Tasarım fakültesi mezunu olan eğitmenimiz ayrıca Yıldız Teknik Üniversitesi İnteraktif Medya alanında doktora yapmaktadır.","252","","0","","","","https://unityverseacademy.com/urun/2026-python-bootcamp-sifirdan-python-canli-online-egitimi-8/","","","","","","126250","31703","31703","4,698","","506","137","3,693","38,568","Hard","3,619","2","2","","12","5","0","2,220","71","45","0","10","10","0","","","","","b04224588aeaaa0f01e9e12824e4143b","0,144","","","","","tr","1.1","","","","","","https://www.unityverseacademy.com/urun/maya-ile-modelleme-ve-animasyon-canli-online-ozel-ders-1047/","2026-07-27 17:45:46"
"https://www.unityverseacademy.com/blog/10/","text/html; charset=utf-8","200","OK","Non-Indexable","Canonicalised","ÇALIŞMA HAYATINA ATILAN MEZUNLARIMIZIN BAŞARI HİKAYELERİ","56","608","ÇALIŞMA HAYATINA ATILAN MEZUNLARIMIZIN BAŞARI HİKAYELERİ","56","429","ÇALIŞMA HAYATINA ATILAN MEZUNLARIMIZIN BAŞARI HİKAYELERİ","56","ÇALIŞMA HAYATINA ATILAN MEZUNLARIMIZIN BAŞARI HİKAYELERİ","56","","0","Berkay Kurt: Multiplayer Oyun Geliştiriciliğinde Bir Yıldız","59","Süleyman Özgönül: Oyun Geliştiricilikte Zirveye Giden Yol","57","","","","https://unityverseacademy.com/blog/10/","","","","","","107122","24827","24827","3,679","","419","140","2,993","41,664","Hard","3,667","2","2","","161","118","0","52,440","104","55","0","7","7","0","","","","","a2526ce82e8e27e1433188afaaf3d996","0,504","","","","","tr","1.1","","","","","","https://www.unityverseacademy.com/blog/10/","2026-07-27 17:45:46"
"https://www.unityverseacademy.com/uploads/p/p/diferansiyel-denklemler-egitimi-ozel-ders_1.jpg?v=1759325109","image/jpeg","200","OK","Indexable","","","0","0","","0","0","","0","","0","","0","","0","","0","","","","","","","","","","149885","149885","149885","22,213","","0","","","","","0,000","2","3","","1","1","0","0,440","0","0","0","0","0","0","","","","","","0,303","Thu, 18 Jun 2026 12:14:51 GMT","","","","","1.1","","","","","","https://www.unityverseacademy.com/uploads/p/p/diferansiyel-denklemler-egitimi-ozel-ders_1.jpg?v=1759325109","2026-07-27 17:45:46"
"https://www.unityverseacademy.com/public/tema10/css/swiper-bundle.min.css?v=5.4.94","text/css; charset=UTF-8","200","OK","Indexable","","","0","0","","0","0","","0","","0","","0","","0","","0","","","","","","","","","","0","0","0","0,000","","0","","","","","0,000","1","3","","0","0","0","0,000","0","0","0","0","0","0","","","","","","1,260","Wed, 17 Jun 2026 19:04:45 GMT","","","","","1.1","","","","","","https://www.unityverseacademy.com/public/tema10/css/swiper-bundle.min.css?v=5.4.94","2026-07-27 17:45:45"
"https://www.unityverseacademy.com/uploads/p/p/autodesk-fusion-360-endustriyel-urun-tasarimi-uzmanligi-yuz-yuze-ozel-ders-20-saat_1.jpg?v=1763377256","image/jpeg","200","OK","Indexable","","","0","0","","0","0","","0","","0","","0","","0","","0","","","","","","","","","","36817","36817","36817","5,456","","0","","","","","0,000","2","3","","1","1","0","0,440","0","0","0","0","0","0","","","","","","0,776","Wed, 17 Jun 2026 19:04:47 GMT","","","","","1.1","","","","","","https://www.unityverseacademy.com/uploads/p/p/autodesk-fusion-360-endustriyel-urun-tasarimi-uzmanligi-yuz-yuze-ozel-ders-20-saat_1.jpg?v=1763377256","2026-07-27 17:45:46"
"https://www.unityverseacademy.com/uploads/fm/gtvvkkatılım_belgesi3.jpg","image/jpeg","200","OK","Indexable","","","0","0","","0","0","","0","","0","","0","","0","","0","","","","","","","","","","188257","188257","188257","27,900","","0","","","","","0,000","2","2","","0","0","0","0,000","0","0","0","0","0","0","","","","","","0,815","Wed, 17 Jun 2026 19:04:46 GMT","","","","","1.1","","","","","","https://www.unityverseacademy.com/uploads/fm/gtvvkkat%C4%B1l%C4%B1m_belgesi3.jpg","2026-07-27 17:45:46"
"https://www.unityverseacademy.com/urun/substance-3d-painter-canli-online-egitimi-556/","text/html; charset=utf-8","200","OK","Non-Indexable","Canonicalised","Substance 3D Painter Doku Kaplama Kursu – Canlı Online (PBR & Materyal)","71","671","2026 Python bootcamp sıfırdan ileri seviye online kursu. Yapay zeka, veri bilimi ve otomasyon için Python öğrenin!","114","698","Python bootcamp online, sıfırdan Python 2026, yapay zeka Python kursu, online Python eğitimi","92","Substance 3D Painter Doku Kaplama Kursu – Canlı Online (PBR & Materyal)","71","","0","Substance 3D Painter Eğitimi","28","Ne Öğreneceğim?","15","","","","https://unityverseacademy.com/urun/2026-python-bootcamp-sifirdan-python-canli-online-egitimi-8/","","","","","","145720","37947","37947","5,624","","2214","470","4,711","9,430","Very Hard","12,972","2","2","","12","5","0","2,220","73","46","0","14","13","0","","","","","4f02a8192da31619895ff5ddee056242","0,518","","","","","tr","1.1","","","","","","https://www.unityverseacademy.com/urun/substance-3d-painter-canli-online-egitimi-556/","2026-07-27 17:45:46"
"https://www.unityverseacademy.com/urun/unreal-engine-5-gorsellestirme-ve-animasyon-yuz-yuze-egitim-1032/","text/html; charset=utf-8","200","OK","Non-Indexable","Canonicalised","Unreal Engine 5 ile Mimari Görselleştirme ve Sinematik Animasyon Kursu – Yüz Yüze","81","757","2026 Python bootcamp sıfırdan ileri seviye online kursu. Yapay zeka, veri bilimi ve otomasyon için Python öğrenin!","114","698","Python bootcamp online, sıfırdan Python 2026, yapay zeka Python kursu, online Python eğitimi","92","Unreal Engine 5 ile Mimari Görselleştirme ve Sinematik Animasyon Kursu – Yüz Yüze","81","","0","Unreal Engine 5 Görselleştirme ve Animasyon Eğitimi","51","Eğitmen: Burak Kaya","19","","","","https://unityverseacademy.com/urun/2026-python-bootcamp-sifirdan-python-canli-online-egitimi-8/","","","","","","144794","36249","36249","5,372","","1764","389","4,535","7,278","Very Hard","10,530","2","2","","22","4","0","1,780","85","46","0","11","11","0","","","","","fcfdc73b072a10e021956da2ebc82129","0,497","","","","","tr","1.1","","","","","","https://www.unityverseacademy.com/urun/unreal-engine-5-gorsellestirme-ve-animasyon-yuz-yuze-egitim-1032/","2026-07-27 17:45:46"
"https://www.unityverseacademy.com/uploads/fm/web-02_(1).jpg","image/jpeg","200","OK","Indexable","","","0","0","","0","0","","0","","0","","0","","0","","0","","","","","","","","","","68347","68347","68347","10,129","","0","","","","","0,000","2","2","","0","0","0","0,000","0","0","0","0","0","0","","","","","","0,123","Wed, 17 Jun 2026 19:04:46 GMT","","","","","1.1","","","","","","https://www.unityverseacademy.com/uploads/fm/web-02_(1).jpg","2026-07-27 17:45:47"
"https://www.unityverseacademy.com/uploads/fm/blobid617.jpg","image/jpeg","200","OK","Indexable","","","0","0","","0","0","","0","","0","","0","","0","","0","","","","","","","","","","137943","137943","137943","20,443","","0","","","","","0,000","2","2","","0","0","0","0,000","0","0","0","0","0","0","","","","","","0,624","Wed, 17 Jun 2026 19:04:46 GMT","","","","","1.1","","","","","","https://www.unityverseacademy.com/uploads/fm/blobid617.jpg","2026-07-27 17:45:47"
"https://www.unityverseacademy.com/uploads/fm/Kurucu_Eğitmen_Prof__Dr__Çetin_Kaya_Koç_pdf_13.jpg","image/jpeg","200","OK","Indexable","","","0","0","","0","0","","0","","0","","0","","0","","0","","","","","","","","","","203148","203148","203148","30,107","","0","","","","","0,000","2","2","","0","0","0","0,000","0","0","0","0","0","0","","","","","","0,215","Wed, 17 Jun 2026 19:04:46 GMT","","","","","1.1","","","","","","https://www.unityverseacademy.com/uploads/fm/Kurucu_E%C4%9Fitmen_Prof__Dr__%C3%87etin_Kaya_Ko%C3%A7_pdf_13.jpg","2026-07-27 17:45:47"
"https://www.unityverseacademy.com/uploads/fm/blobid420.jpg","image/jpeg","200","OK","Indexable","","","0","0","","0","0","","0","","0","","0","","0","","0","","","","","","","","","","196155","196155","196155","29,070","","0","","","","","0,000","2","2","","0","0","0","0,000","0","0","0","0","0","0","","","","","","0,474","Wed, 17 Jun 2026 19:04:46 GMT","","","","","1.1","","","","","","https://www.unityverseacademy.com/uploads/fm/blobid420.jpg","2026-07-27 17:45:47"
"https://www.unityverseacademy.com/public/tema10/js/blog-detail-gallery.js?v=1.0.0","application/javascript; charset=UTF-8","200","OK","Indexable","","","0","0","","0","0","","0","","0","","0","","0","","0","","","","","","","","","","0","0","0","0,000","","0","","","","","0,000","2","3","","0","0","0","0,000","0","0","0","0","0","0","","","","","","0,365","Thu, 16 Jul 2026 16:19:19 GMT","","","","","1.1","","","","","","https://www.unityverseacademy.com/public/tema10/js/blog-detail-gallery.js?v=1.0.0","2026-07-27 17:45:47"
"https://www.unityverseacademy.com/uploads/fm/IMG_51231.jpg","image/jpeg","200","OK","Indexable","","","0","0","","0","0","","0","","0","","0","","0","","0","","","","","","","","","","59800","59800","59800","8,862","","0","","","","","0,000","2","2","","0","0","0","0,000","0","0","0","0","0","0","","","","","","0,646","Wed, 17 Jun 2026 19:04:46 GMT","","","","","1.1","","","","","","https://www.unityverseacademy.com/uploads/fm/IMG_51231.jpg","2026-07-27 17:45:47"
"https://www.unityverseacademy.com/uploads/p/p/unity-ile-oyun-gelistirme-online-ozel-ders_1.jpeg?v=1747057605","image/jpeg","200","OK","Indexable","","","0","0","","0","0","","0","","0","","0","","0","","0","","","","","","","","","","79877","79877","79877","11,838","","0","","","","","0,000","2","3","","1","1","0","0,440","0","0","0","0","0","0","","","","","","0,719","Thu, 18 Jun 2026 12:14:51 GMT","","","","","1.1","","","","","","https://www.unityverseacademy.com/uploads/p/p/unity-ile-oyun-gelistirme-online-ozel-ders_1.jpeg?v=1747057605","2026-07-27 17:45:47"
"https://www.unityverseacademy.com/uploads/p/p/yonetmenlik-ve-sinematografiye-giris-canli-online-egitimi_1.jpg?v=1759404097","image/jpeg","200","OK","Indexable","","","0","0","","0","0","","0","","0","","0","","0","","0","","","","","","","","","","144740","144740","144740","21,450","","0","","","","","0,000","2","3","","1","1","0","0,440","0","0","0","0","0","0","","","","","","0,745","Wed, 17 Jun 2026 19:04:47 GMT","","","","","1.1","","","","","","https://www.unityverseacademy.com/uploads/p/p/yonetmenlik-ve-sinematografiye-giris-canli-online-egitimi_1.jpg?v=1759404097","2026-07-27 17:45:47"
"https://www.unityverseacademy.com/urun/unity-ile-oyun-gelistirme-yuz-yuze-ozel-ders-1361/","text/html; charset=utf-8","200","OK","Non-Indexable","Canonicalised","Unity C# ile Oyun Geliştirme Özel Ders – Birebir Yüz Yüze Eğitim","64","570","2026 Python bootcamp sıfırdan ileri seviye online kursu. Yapay zeka, veri bilimi ve otomasyon için Python öğrenin!","114","698","Python bootcamp online, sıfırdan Python 2026, yapay zeka Python kursu, online Python eğitimi","92","Unity C# ile Oyun Geliştirme Özel Ders – Birebir Yüz Yüze Eğitim","64","","0","Unity ile Oyun Geliştirme Eğitimi","33","Ne Öğreneceğim?","15","","","","https://unityverseacademy.com/urun/2026-python-bootcamp-sifirdan-python-canli-online-egitimi-8/","","","","","","167144","43347","43347","6,424","","3450","687","5,022","8,972","Very Hard","17,459","2","2","","21","4","0","1,780","84","47","0","12","12","0","","","","","71ca228bbb4c362f21e92e31d43d4d2c","0,865","","","","","tr","1.1","","","","","","https://www.unityverseacademy.com/urun/unity-ile-oyun-gelistirme-yuz-yuze-ozel-ders-1361/","2026-07-27 17:45:47"
"https://www.unityverseacademy.com/uploads/p/p/unreal-engine-ile-sanal-gerceklik-yuz-yuze-egitim_2.jpg?v=1759591008","image/jpeg","200","OK","Indexable","","","0","0","","0","0","","0","","0","","0","","0","","0","","","","","","","","","","110527","110527","110527","16,380","","0","","","","","0,000","2","3","","1","1","0","0,440","0","0","0","0","0","0","","","","","","1,525","Wed, 17 Jun 2026 19:04:47 GMT","","","","","1.1","","","","","","https://www.unityverseacademy.com/uploads/p/p/unreal-engine-ile-sanal-gerceklik-yuz-yuze-egitim_2.jpg?v=1759591008","2026-07-27 17:45:47"
"https://www.unityverseacademy.com/urun/aranan-3d-artist-olma-yuz-yuze-kampi-1100/","text/html; charset=utf-8","200","OK","Non-Indexable","Canonicalised","Sıfırdan 3D Artist Olma Bootcamp – Yüz Yüze Yoğun Kamp (Modelleme, Sculpting, Texturing)","88","830","2026 Python bootcamp sıfırdan ileri seviye online kursu. Yapay zeka, veri bilimi ve otomasyon için Python öğrenin!","114","698","Python bootcamp online, sıfırdan Python 2026, yapay zeka Python kursu, online Python eğitimi","92","Sıfırdan 3D Artist Olma Bootcamp – Yüz Yüze Yoğun Kamp (Modelleme, Sculpting, Texturing)","88","","0","Aranan 3D Artist Olma Kampı","27","Öğreneceğiniz Programlar","24","","","","https://unityverseacademy.com/urun/2026-python-bootcamp-sifirdan-python-canli-online-egitimi-8/","","","","","","147896","35200","35200","5,217","","1544","364","4,242","20,563","Very Hard","8,743","2","2","","44","5","0","2,220","107","48","0","12","12","0","","","","","85c4d883814263f1ad2fa0d1a2d7d0f0","0,668","","","","","tr","1.1","","","","","","https://www.unityverseacademy.com/urun/aranan-3d-artist-olma-yuz-yuze-kampi-1100/","2026-07-27 17:45:48"
"https://www.unityverseacademy.com/urun/blender-ile-3d-modelleme-yuzyuze-ozel-ders-1242/","text/html; charset=utf-8","200","OK","Non-Indexable","Canonicalised","Blender ile 3D Modelleme Özel Ders – Birebir Yüz Yüze (Sıfırdan İleri Seviye)","77","676","2026 Python bootcamp sıfırdan ileri seviye online kursu. Yapay zeka, veri bilimi ve otomasyon için Python öğrenin!","114","698","Python bootcamp online, sıfırdan Python 2026, yapay zeka Python kursu, online Python eğitimi","92","Blender ile 3D Modelleme Özel Ders – Birebir Yüz Yüze (Sıfırdan İleri Seviye)","77","","0","Blender ile 3D Modelleme Eğitimi","32","Ne Öğreneceğim?","15","","","","https://unityverseacademy.com/urun/2026-python-bootcamp-sifirdan-python-canli-online-egitimi-8/","","","","","","151809","50066","50066","7,420","","918","199","4,613","35,165","Hard","5,055","2","2","","12","5","0","2,220","74","47","0","10","10","0","","","","","62b35ce79d6879006d66741904e8d94","0,534","","","","","tr","1.1","","","","","","https://www.unityverseacademy.com/urun/blender-ile-3d-modelleme-yuzyuze-ozel-ders-1242/","2026-07-27 17:45:48"
"https://www.unityverseacademy.com/urun/kurumsal-iletisim-egitimi-ozel-ders-1436/","text/html; charset=utf-8","200","OK","Non-Indexable","Canonicalised","Kurumsal İletişim Eğitimi Özel Ders","35","315","2026 Python bootcamp sıfırdan ileri seviye online kursu. Yapay zeka, veri bilimi ve otomasyon için Python öğrenin!","114","698","Python bootcamp online, sıfırdan Python 2026, yapay zeka Python kursu, online Python eğitimi","92","Kurumsal İletişim Eğitimi Özel Ders","35","","0","Eğitim Koordinatörü: Öğr. Gör. Nevin Eryılmaz (CV için tıklayınız.)","67","","0","","","","https://unityverseacademy.com/urun/2026-python-bootcamp-sifirdan-python-canli-online-egitimi-8/","","","","","","121576","30909","30909","4,581","","499","141","3,539","44,215","Hard","3,688","2","2","","10","4","0","1,780","73","47","0","10","10","0","","","","","5c8022f7ac4f51f31cba5f1dd39435a9","0,370","","","","","tr","1.1","","","","","","https://www.unityverseacademy.com/urun/kurumsal-iletisim-egitimi-ozel-ders-1436/","2026-07-27 17:45:48"
"https://www.unityverseacademy.com/uploads/p/p/senaryo-yazma-yuz-yuze-egitimi_2.jpg?v=1759589721","image/jpeg","200","OK","Indexable","","","0","0","","0","0","","0","","0","","0","","0","","0","","","","","","","","","","119977","119977","119977","17,781","","0","","","","","0,000","2","3","","1","1","0","0,440","0","0","0","0","0","0","","","","","","0,149","Wed, 17 Jun 2026 19:04:47 GMT","","","","","1.1","","","","","","https://www.unityverseacademy.com/uploads/p/p/senaryo-yazma-yuz-yuze-egitimi_2.jpg?v=1759589721","2026-07-27 17:45:49"
"https://www.unityverseacademy.com/public/tema10/css/bank-transfer-discount.css?v=20260725-1","text/css; charset=UTF-8","200","OK","Indexable","","","0","0","","0","0","","0","","0","","0","","0","","0","","","","","","","","","","675","675","675","0,100","","0","","","","","0,000","2","3","","0","0","0","0,000","0","0","0","0","0","0","","","","","","0,148","Sun, 26 Jul 2026 10:06:23 GMT","","","","","1.1","","","","","","https://www.unityverseacademy.com/public/tema10/css/bank-transfer-discount.css?v=20260725-1","2026-07-27 17:45:49"
"https://www.unityverseacademy.com/uploads/p/p/aranan-3d-artist-olma-yuz-yuze-kampi_1.jpg?v=1706962106","image/jpeg","200","OK","Indexable","","","0","0","","0","0","","0","","0","","0","","0","","0","","","","","","","","","","129702","129702","129702","19,222","","0","","","","","0,000","2","3","","1","1","0","0,440","0","0","0","0","0","0","","","","","","0,481","Thu, 18 Jun 2026 12:14:51 GMT","","","","","1.1","","","","","","https://www.unityverseacademy.com/uploads/p/p/aranan-3d-artist-olma-yuz-yuze-kampi_1.jpg?v=1706962106","2026-07-27 17:45:49"
"https://unityverseacademy.com/kategori/oyun-gelistirme-egitimleri-244/","text/html; charset=utf-8","200","OK","Indexable","","Oyun Geliştirme Eğitimleri","26","233","Oyun sektörü hızla büyüyor. Eğer sende bu büyümeye ayak uydurmak istiyorsan bizimle hemen iletişime geç.","104","666","","0","Oyun Geliştirme Eğitimleri","26","","0","","0","","0","","","","https://unityverseacademy.com/kategori/oyun-gelistirme-egitimleri-244/","","","","","","174998","30593","30593","4,534","","971","274","3,544","62,441","Normal","4,126","2","2","","44","15","0","6,670","154","66","0","7","7","0","","","","","494348262b09a9c415c4fbca25bfb14c","0,377","","","","","tr","1.1","","","","","","https://unityverseacademy.com/kategori/oyun-gelistirme-egitimleri-244/","2026-07-27 17:45:49"
"https://www.unityverseacademy.com/urun/unreal-engine-ile-metaverse-gelistirme-yuz-yuze-egitim-850/","text/html; charset=utf-8","200","OK","Non-Indexable","Canonicalised","Unreal Engine 5 ile Metaverse & Sanal Dünya Geliştirme Kursu – Yüz Yüze","71","657","2026 Python bootcamp sıfırdan ileri seviye online kursu. Yapay zeka, veri bilimi ve otomasyon için Python öğrenin!","114","698","Python bootcamp online, sıfırdan Python 2026, yapay zeka Python kursu, online Python eğitimi","92","Unreal Engine 5 ile Metaverse & Sanal Dünya Geliştirme Kursu – Yüz Yüze","71","","0","Unreal Engine ile Metaverse Geliştirme Eğitimi","46","Eğitmen: Burak Kaya","19","","","","https://unityverseacademy.com/urun/2026-python-bootcamp-sifirdan-python-canli-online-egitimi-8/","","","","","","142551","35896","35896","5,320","","1729","386","4,479","9,553","Very Hard","10,441","2","2","","17","4","0","1,780","80","46","0","11","11","0","","","","","d3542a8fcb5a64dcd42e976d2b3acb7a","0,253","","","","","tr","1.1","","","","","","https://www.unityverseacademy.com/urun/unreal-engine-ile-metaverse-gelistirme-yuz-yuze-egitim-850/","2026-07-27 17:45:49"
"https://unityverseacademy.com/os/kariyer-is-14/","text/html; charset=utf-8","200","OK","Indexable","","KARIYER iŞ","10","100","KARIYER","7","56","KARIYER iŞ","10","","0","","0","","0","","0","","","","https://unityverseacademy.com/os/kariyer-is-14/","","","","","","97760","24150","24150","3,579","","251","83","3,024","55,463","Fairly Hard","2,683","2","2","","1","1","0","0,440","63","42","0","7","7","0","","","","","14119a59a54fe7ddacc2e2da291499e9","0,243","","","","","tr","1.1","","","","","","https://unityverseacademy.com/os/kariyer-is-14/","2026-07-27 17:45:49"
"https://www.unityverseacademy.com/urun/unreal-engine-ile-sanal-gerceklik-ozel-ders-online-canli-egitim-1044/","text/html; charset=utf-8","200","OK","Non-Indexable","Canonicalised","Unreal Engine 5 Sanal Gerçeklik (VR/AR) Özel Ders – Online Canlı","64","580","2026 Python bootcamp sıfırdan ileri seviye online kursu. Yapay zeka, veri bilimi ve otomasyon için Python öğrenin!","114","698","Python bootcamp online, sıfırdan Python 2026, yapay zeka Python kursu, online Python eğitimi","92","Unreal Engine 5 Sanal Gerçeklik (VR/AR) Özel Ders – Online Canlı","64","","0","Unreal Engine ile Sanal Gerçeklik Eğitimi","41","Eğitmen: Burak Kaya","19","","","","https://unityverseacademy.com/urun/2026-python-bootcamp-sifirdan-python-canli-online-egitimi-8/","","","","","","139013","35579","35579","5,273","","1598","366","4,366","12,239","Very Hard","9,857","2","2","","10","4","0","1,780","73","46","0","12","11","0","","","","","d8b9f6fcfc39e463ba2489d51a2023b1","0,174","","","","","tr","1.1","","","","","","https://www.unityverseacademy.com/urun/unreal-engine-ile-sanal-gerceklik-ozel-ders-online-canli-egitim-1044/","2026-07-27 17:45:49"
"https://www.unityverseacademy.com/uploads/fm/MicroSoft1.jpg","image/jpeg","200","OK","Indexable","","","0","0","","0","0","","0","","0","","0","","0","","0","","","","","","","","","","161884","161884","161884","23,991","","0","","","","","0,000","2","2","","0","0","0","0,000","0","0","0","0","0","0","","","","","","0,578","Wed, 17 Jun 2026 19:04:46 GMT","","","","","1.1","","","","","","https://www.unityverseacademy.com/uploads/fm/MicroSoft1.jpg","2026-07-27 17:45:49"
"https://www.unityverseacademy.com/kategori/mimarlik-egitimleri-259/#!","text/html; charset=utf-8","200","OK","Non-Indexable","Canonicalised","Mimarlık Eğitimleri","19","168","Mimarlık Eğitimleri","19","113","","0","Mimarlık Eğitimleri","19","","0","","0","","0","","","","https://unityverseacademy.com/kategori/mimarlik-egitimleri-259/","","","","","","173307","30425","30425","4,509","","859","273","3,147","60,245","Normal","3,842","2","2","","2","2","0","0,890","154","66","0","7","7","0","","","","","c2fecbcf67fab87053554c7d18ddbe2c","0,658","","","","","tr","1.1","","","","","","https://www.unityverseacademy.com/kategori/mimarlik-egitimleri-259/#!","2026-07-27 17:45:49"
"https://www.unityverseacademy.com/uploads/p/p/zbrush-ile-kuyumculuk-ve-taki-tasarimi-egitimi-yuz-yuze_2.jpg?v=1762940473","image/jpeg","200","OK","Indexable","","","0","0","","0","0","","0","","0","","0","","0","","0","","","","","","","","","","146303","146303","146303","21,682","","0","","","","","0,000","2","3","","1","1","0","0,440","0","0","0","0","0","0","","","","","","0,520","Thu, 18 Jun 2026 12:16:26 GMT","","","","","1.1","","","","","","https://www.unityverseacademy.com/uploads/p/p/zbrush-ile-kuyumculuk-ve-taki-tasarimi-egitimi-yuz-yuze_2.jpg?v=1762940473","2026-07-27 17:45:49"
"https://www.unityverseacademy.com/uploads/p/p/unity-ile-oyun-gelistirme-yuz-yuze-egitimi_2.jpeg?v=1753523081","image/jpeg","200","OK","Indexable","","","0","0","","0","0","","0","","0","","0","","0","","0","","","","","","","","","","79877","79877","79877","11,838","","0","","","","","0,000","2","3","","1","1","0","0,440","0","0","0","0","0","0","","","","","","0,135","Wed, 17 Jun 2026 19:04:47 GMT","","","","","1.1","","","","","","https://www.unityverseacademy.com/uploads/p/p/unity-ile-oyun-gelistirme-yuz-yuze-egitimi_2.jpeg?v=1753523081","2026-07-27 17:45:50"
"https://www.unityverseacademy.com/uploads/p/p/grafik-tasarim-ve-video-efekt-uzmanligi-yuz-yuze-egitimi-staj-garantili_1.jpg?v=1763219437","image/jpeg","200","OK","Indexable","","","0","0","","0","0","","0","","0","","0","","0","","0","","","","","","","","","","489682","489682","489682","72,571","","0","","","","","0,000","2","3","","2","2","0","0,890","0","0","0","0","0","0","","","","","","0,585","Wed, 17 Jun 2026 19:04:47 GMT","","","","","1.1","","","","","","https://www.unityverseacademy.com/uploads/p/p/grafik-tasarim-ve-video-efekt-uzmanligi-yuz-yuze-egitimi-staj-garantili_1.jpg?v=1763219437","2026-07-27 17:45:50"
"https://www.unityverseacademy.com/uploads/p/o/X9cFsrJqWZGf.jpg","image/jpeg","200","OK","Indexable","","","0","0","","0","0","","0","","0","","0","","0","","0","","","","","","","","","","3327","3327","3327","0,493","","0","","","","","0,000","2","3","","2","2","0","0,890","0","0","0","0","0","0","","","","","","0,504","Wed, 17 Jun 2026 19:04:47 GMT","","","","","1.1","","","","","","https://www.unityverseacademy.com/uploads/p/o/X9cFsrJqWZGf.jpg","2026-07-27 17:45:50"
"https://www.unityverseacademy.com/uploads/fm/IMG_5148.jpg","image/jpeg","200","OK","Indexable","","","0","0","","0","0","","0","","0","","0","","0","","0","","","","","","","","","","57754","57754","57754","8,559","","0","","","","","0,000","2","2","","0","0","0","0,000","0","0","0","0","0","0","","","","","","0,840","Wed, 17 Jun 2026 19:04:46 GMT","","","","","1.1","","","","","","https://www.unityverseacademy.com/uploads/fm/IMG_5148.jpg","2026-07-27 17:45:50"
"https://www.unityverseacademy.com/urun/substance-3d-painter-yuz-yuze-egitimi-619/","text/html; charset=utf-8","200","OK","Non-Indexable","Canonicalised","Substance 3D Painter Doku Kaplama Kursu – Yüz Yüze (PBR & Materyal Tasarım)","75","725","2026 Python bootcamp sıfırdan ileri seviye online kursu. Yapay zeka, veri bilimi ve otomasyon için Python öğrenin!","114","698","Python bootcamp online, sıfırdan Python 2026, yapay zeka Python kursu, online Python eğitimi","92","Substance 3D Painter Doku Kaplama Kursu – Yüz Yüze (PBR & Materyal Tasarım)","75","","0","Substance 3D Painter Eğitimi","28","Ne Öğreneceğim?","15","","","","https://unityverseacademy.com/urun/2026-python-bootcamp-sifirdan-python-canli-online-egitimi-8/","","","","","","145738","37978","37978","5,628","","2215","470","4,713","9,439","Very Hard","12,977","2","2","","12","5","0","2,220","73","46","0","14","13","0","","","","","9273476576766d9465e2eb4a9ba6f2c5","0,195","","","","","tr","1.1","","","","","","https://www.unityverseacademy.com/urun/substance-3d-painter-yuz-yuze-egitimi-619/","2026-07-27 17:45:50"
"https://www.unityverseacademy.com/uploads/p/p/marvelous-designer-ile-giysi-tasarimi-uzmanligi-canli-online-egitimi_2.jpg?v=1762940229","image/jpeg","200","OK","Indexable","","","0","0","","0","0","","0","","0","","0","","0","","0","","","","","","","","","","146149","146149","146149","21,659","","0","","","","","0,000","2","3","","1","1","0","0,440","0","0","0","0","0","0","","","","","","0,150","Thu, 18 Jun 2026 12:14:51 GMT","","","","","1.1","","","","","","https://www.unityverseacademy.com/uploads/p/p/marvelous-designer-ile-giysi-tasarimi-uzmanligi-canli-online-egitimi_2.jpg?v=1762940229","2026-07-27 17:45:50"
"https://www.unityverseacademy.com/uploads/fm/IMG_50892.jpg","image/jpeg","200","OK","Indexable","","","0","0","","0","0","","0","","0","","0","","0","","0","","","","","","","","","","115759","115759","115759","17,155","","0","","","","","0,000","2","2","","0","0","0","0,000","0","0","0","0","0","0","","","","","","0,509","Wed, 17 Jun 2026 19:04:46 GMT","","","","","1.1","","","","","","https://www.unityverseacademy.com/uploads/fm/IMG_50892.jpg","2026-07-27 17:45:50"
"https://www.unityverseacademy.com/uploads/p/p/ingilizce-egitimi-ozel-ders_1.jpg?v=1759326463","image/jpeg","200","OK","Indexable","","","0","0","","0","0","","0","","0","","0","","0","","0","","","","","","","","","","134542","134542","134542","19,939","","0","","","","","0,000","2","3","","1","1","0","0,440","0","0","0","0","0","0","","","","","","0,433","Thu, 18 Jun 2026 12:14:51 GMT","","","","","1.1","","","","","","https://www.unityverseacademy.com/uploads/p/p/ingilizce-egitimi-ozel-ders_1.jpg?v=1759326463","2026-07-27 17:45:50"
"https://www.unityverseacademy.com/uploads/p/p/yapay-zeka-destekli-unity-ile-oyun-gelistirme-egitimi-online_1.webp?v=1780419449","image/webp","200","OK","Indexable","","","0","0","","0","0","","0","","0","","0","","0","","0","","","","","","","","","","141338","141338","141338","20,946","","0","","","","","0,000","2","3","","1","1","0","0,440","0","0","0","0","0","0","","","","","","0,325","Thu, 18 Jun 2026 12:16:26 GMT","","","","","1.1","","","","","","https://www.unityverseacademy.com/uploads/p/p/yapay-zeka-destekli-unity-ile-oyun-gelistirme-egitimi-online_1.webp?v=1780419449","2026-07-27 17:45:50"
"https://www.unityverseacademy.com/uploads/fm/blobid818.jpg","image/jpeg","200","OK","Indexable","","","0","0","","0","0","","0","","0","","0","","0","","0","","","","","","","","","","142375","142375","142375","21,100","","0","","","","","0,000","2","2","","0","0","0","0,000","0","0","0","0","0","0","","","","","","0,279","Wed, 17 Jun 2026 19:04:46 GMT","","","","","1.1","","","","","","https://www.unityverseacademy.com/uploads/fm/blobid818.jpg","2026-07-27 17:45:51"
"https://www.unityverseacademy.com/uploads/fm/Adobe_ACP_Adobe_Certified_Professional_Certificate_-_B5_150.jpg","image/jpeg","200","OK","Indexable","","","0","0","","0","0","","0","","0","","0","","0","","0","","","","","","","","","","293442","293442","293442","43,488","","0","","","","","0,000","2","2","","0","0","0","0,000","0","0","0","0","0","0","","","","","","0,345","Wed, 17 Jun 2026 19:04:45 GMT","","","","","1.1","","","","","","https://www.unityverseacademy.com/uploads/fm/Adobe_ACP_Adobe_Certified_Professional_Certificate_-_B5_150.jpg","2026-07-27 17:45:51"
"https://www.unityverseacademy.com/urun/blender-ve-marvelous-designer-onlinecanli-egitimi-993/","text/html; charset=utf-8","200","OK","Non-Indexable","Canonicalised","Blender & Marvelous Designer Kursu – Online Canlı (3D Karakter & Giysi Modelleme)","81","749","2026 Python bootcamp sıfırdan ileri seviye online kursu. Yapay zeka, veri bilimi ve otomasyon için Python öğrenin!","114","698","Python bootcamp online, sıfırdan Python 2026, yapay zeka Python kursu, online Python eğitimi","92","Blender & Marvelous Designer Kursu – Online Canlı (3D Karakter & Giysi Modelleme)","81","","0","Ders_Bilgileri1.png","19","Eğitimimizden kareler:","22","","","","https://unityverseacademy.com/urun/2026-python-bootcamp-sifirdan-python-canli-online-egitimi-8/","","","","","","160392","55613","55613","8,242","","1120","253","4,427","31,027","Hard","5,858","2","2","","12","5","0","2,220","72","46","0","11","11","0","","","","","fdecdee20e858d98c5c55878026f97dc","1,412","","","","","tr","1.1","","","","","","https://www.unityverseacademy.com/urun/blender-ve-marvelous-designer-onlinecanli-egitimi-993/","2026-07-27 17:45:50"
"https://www.unityverseacademy.com/kategori/senaryo-sinema-ve-yonetmenlik-egitimleri-252/#!","text/html; charset=utf-8","200","OK","Non-Indexable","Canonicalised","Senaryo, Sinema ve Yönetmenlik Eğitimleri","41","382","Senaryo, Sinema ve Yönetmenlik Eğitimleri","41","259","","0","Senaryo, Sinema ve Yönetmenlik Eğitimleri","41","","0","","0","","0","","","","https://unityverseacademy.com/kategori/senaryo-sinema-ve-yonetmenlik-egitimleri-252/","","","","","","135099","28703","28703","4,254","","593","189","3,138","59,274","Fairly Hard","3,655","2","2","","2","2","0","0,890","103","49","0","7","7","0","","","","","62cc385e03e0653989f9db84b2a86485","0,527","","","","","tr","1.1","","","","","","https://www.unityverseacademy.com/kategori/senaryo-sinema-ve-yonetmenlik-egitimleri-252/#!","2026-07-27 17:45:51"
"https://www.unityverseacademy.com/urun/film-ve-animasyon-icin-storyboard-yuz-yuze-egitimi-ozel-ders-1287/","text/html; charset=utf-8","200","OK","Non-Indexable","Canonicalised","Film ve Animasyon için Storyboard Yüz Yüze Eğitimi Özel Ders","60","552","2026 Python bootcamp sıfırdan ileri seviye online kursu. Yapay zeka, veri bilimi ve otomasyon için Python öğrenin!","114","698","Python bootcamp online, sıfırdan Python 2026, yapay zeka Python kursu, online Python eğitimi","92","Film ve Animasyon için Storyboard Yüz Yüze Eğitimi Özel Ders","60","","0","Eğitmen: Nevin Eryılmaz (CV için tıklayınız.) Nevin Eryılmaz, geleneksel ve dijital tasarım alanlarındaki 20 yılı aşkın sektör deneyimi yanı sıra, İstinye Üniversitesi'nde Bilgisayar Destekli Tasarım ve Animasyon önlisans ve Dijital Oyun Tasarımı lisans programlarının kurucusudur. Üniversitenin Dijital Oyun Tasarımı bölümündeki tasarım ve yazılım merkezli eğitim anlayışının öncüsü olmakla beraber, 2021 yılında aynı üniversitede Türkiye'nin ilk YÖK onaylı Dijital Oyun Araştırma Merkezi olan Dijital Oyun Geliştirme ve Animasyon Araştırma Uygulama Merkezi'ni kurmuştur ve iki sene boyunca Merkez Müdürü olarak görev almıştır. Merkez'de üniversitenin Animasyon ve Dijital Oyun Tasarımı programlarındaki öğrencilerin kendi oyunlarını geliştirerek oyun marketlerinde yayınlaması ve ticarileşmeleri desteklenmiştir. Eryılmaz'ın sektör ve akademi deneyimli kadrosunun etkisi ile, İstinye Üniversitesi Dijital Oyun Tasarımı bölümü iki senede Türkiye'nin ilk tercih edilen 3 üniversitesi arasına yerleşmiştir. Eryılmaz'ın Milli Eğitim Bakanlığı ve çeşitli dijital oyun şirketleri ortaklığında gerçekleşen proje ve çalışmaları devam etmektedir.","1139","3boyuntlu_modelleme_ve_animasyon2.jpg","37","","","","https://unityverseacademy.com/urun/2026-python-bootcamp-sifirdan-python-canli-online-egitimi-8/","","","","","","152253","51193","51193","7,587","","540","140","3,857","43,903","Hard","3,138","2","2","","14","6","0","2,670","71","45","0","11","11","0","","","","","6e5f5505a3926a55b9ebd7c01c0fe6d1","0,438","","","","","tr","1.1","","","","","","https://www.unityverseacademy.com/urun/film-ve-animasyon-icin-storyboard-yuz-yuze-egitimi-ozel-ders-1287/","2026-07-27 17:45:51"
"https://www.unityverseacademy.com/urun/unity-ile-oyun-gelistirme-yuz-yuze-ozel-ders-1045/","text/html; charset=utf-8","200","OK","Non-Indexable","Canonicalised","Unity Oyun Geliştirme Özel Ders – Birebir Yüz Yüze Eğitim","57","514","2026 Python bootcamp sıfırdan ileri seviye online kursu. Yapay zeka, veri bilimi ve otomasyon için Python öğrenin!","114","698","Python bootcamp online, sıfırdan Python 2026, yapay zeka Python kursu, online Python eğitimi","92","Unity Oyun Geliştirme Özel Ders – Birebir Yüz Yüze Eğitim","57","","0","Unity ile Oyun Geliştirme Eğitimi","33","Ne Öğreneceğim?","15","","","","https://unityverseacademy.com/urun/2026-python-bootcamp-sifirdan-python-canli-online-egitimi-8/","","","","","","168023","43268","43268","6,412","","3461","689","5,023","9,046","Very Hard","17,418","2","2","","21","4","0","1,780","84","47","0","12","12","0","","","","","4ff3c98c2019c77edfa6a6eeb08989b5","0,266","","","","","tr","1.1","","","","","","https://www.unityverseacademy.com/urun/unity-ile-oyun-gelistirme-yuz-yuze-ozel-ders-1045/","2026-07-27 17:45:51"
"https://www.unityverseacademy.com/urun/almanca-egitimi-ozel-ders-1440/","text/html; charset=utf-8","200","OK","Non-Indexable","Canonicalised","Almanca Eğitimi Özel Ders","25","237","2026 Python bootcamp sıfırdan ileri seviye online kursu. Yapay zeka, veri bilimi ve otomasyon için Python öğrenin!","114","698","Python bootcamp online, sıfırdan Python 2026, yapay zeka Python kursu, online Python eğitimi","92","Almanca Eğitimi Özel Ders","25","","0","Almanca Eğitimi Özel Ders","25","","0","","","","https://unityverseacademy.com/urun/2026-python-bootcamp-sifirdan-python-canli-online-egitimi-8/","","","","","","118397","29931","29931","4,436","","377","111","3,396","57,077","Fairly Hard","2,922","2","2","","10","4","0","1,780","70","44","0","10","10","0","","","","","c50b274d7662ea4b307af63911f87dd","0,660","","","","","tr","1.1","","","","","","https://www.unityverseacademy.com/urun/almanca-egitimi-ozel-ders-1440/","2026-07-27 17:45:51"
"https://www.unityverseacademy.com/uploads/p/p/full-stack-development-yuz-yuze-egitim_1.jpg?v=1704791799","image/jpeg","200","OK","Indexable","","","0","0","","0","0","","0","","0","","0","","0","","0","","","","","","","","","","619288","619288","619288","91,778","","0","","","","","0,000","2","3","","1","1","0","0,440","0","0","0","0","0","0","","","","","","0,266","Wed, 17 Jun 2026 19:04:47 GMT","","","","","1.1","","","","","","https://www.unityverseacademy.com/uploads/p/p/full-stack-development-yuz-yuze-egitim_1.jpg?v=1704791799","2026-07-27 17:45:51"
"https://www.unityverseacademy.com/uploads/p/p/unreal-engine-5-gorsellestirme-ve-animasyon-yuz-yuze-egitim_2.jpg?v=1759586166","image/jpeg","200","OK","Indexable","","","0","0","","0","0","","0","","0","","0","","0","","0","","","","","","","","","","110951","110951","110951","16,443","","0","","","","","0,000","2","3","","1","1","0","0,440","0","0","0","0","0","0","","","","","","0,225","Wed, 17 Jun 2026 19:04:47 GMT","","","","","1.1","","","","","","https://www.unityverseacademy.com/uploads/p/p/unreal-engine-5-gorsellestirme-ve-animasyon-yuz-yuze-egitim_2.jpg?v=1759586166","2026-07-27 17:45:52"
"https://www.unityverseacademy.com/urun/full-stack-development-canli-online-egitim-1059/","text/html; charset=utf-8","200","OK","Non-Indexable","Canonicalised","Full Stack Web Geliştirme Kursu – Canlı Online (React & Node.js)","64","576","2026 Python bootcamp sıfırdan ileri seviye online kursu. Yapay zeka, veri bilimi ve otomasyon için Python öğrenin!","114","698","Python bootcamp online, sıfırdan Python 2026, yapay zeka Python kursu, online Python eğitimi","92","Full Stack Web Geliştirme Kursu – Canlı Online (React & Node.js)","64","","0","Full Stack Development Eğitimi","30","Ne Öğreneceğim?","15","","","","https://unityverseacademy.com/urun/2026-python-bootcamp-sifirdan-python-canli-online-egitimi-8/","","","","","","187878","48347","48347","7,165","","4921","1117","4,406","19,702","Very Hard","21,206","2","2","","24","5","0","2,220","86","47","0","12","12","0","","","","","76c14568ec76f0b1a053790cc35e3a3","0,329","","","","","tr","1.1","","","","","","https://www.unityverseacademy.com/urun/full-stack-development-canli-online-egitim-1059/","2026-07-27 17:45:51"
"https://www.unityverseacademy.com/urun/unity-ile-oyun-gelistirme-online-ozel-ders-1256/","text/html; charset=utf-8","200","OK","Non-Indexable","Canonicalised","Unity Oyun Geliştirme Özel Ders – Birebir Online Canlı Eğitim","61","539","2026 Python bootcamp sıfırdan ileri seviye online kursu. Yapay zeka, veri bilimi ve otomasyon için Python öğrenin!","114","698","Python bootcamp online, sıfırdan Python 2026, yapay zeka Python kursu, online Python eğitimi","92","Unity Oyun Geliştirme Özel Ders – Birebir Online Canlı Eğitim","61","","0","Unity ile Oyun Geliştirme Eğitimi","33","Ne Öğreneceğim?","15","","","","https://unityverseacademy.com/urun/2026-python-bootcamp-sifirdan-python-canli-online-egitimi-8/","","","","","","156889","40115","40115","5,945","","2404","482","4,988","17,687","Very Hard","12,727","2","2","","21","4","0","1,780","84","47","0","12","12","0","","","","","3e8057fc526ba8752289ad297242f086","0,296","","","","","tr","1.1","","","","","","https://www.unityverseacademy.com/urun/unity-ile-oyun-gelistirme-online-ozel-ders-1256/","2026-07-27 17:45:52"
"https://www.unityverseacademy.com/urun/36-saat-kapsamli-zbrush-modelleme-egitimi-online-1540/","text/html; charset=utf-8","200","OK","Non-Indexable","Canonicalised","ZBrush Kapsamlı Sculpting Kursu – 36 Saat Online (Organik & Hard Surface)","73","677","2026 Python bootcamp sıfırdan ileri seviye online kursu. Yapay zeka, veri bilimi ve otomasyon için Python öğrenin!","114","698","Python bootcamp online, sıfırdan Python 2026, yapay zeka Python kursu, online Python eğitimi","92","ZBrush Kapsamlı Sculpting Kursu – 36 Saat Online (Organik & Hard Surface)","73","","0","ZBrush ile Organik Modelleme Eğitimi Eğitmen: Öğr. Gör. Deniz Erbaş (CV'ye erişmek için tıklayınız.) Marmara Üniversitesi Grafik Tasarım ve Yüksek Lisans Sinema TV Mezunu, İstanbul Aydın Üniversitesi Sinema TV bölümünde Doktora (PhD.) eğitimine devam etmektedir.","262","Goz Games Kurucu ortağıdır, sektörde 20 yılı aşkın süredir video kurgu, after effects, animasyon, 3D modelleme ve tasarım alanlarında çalışmaktadır. Ayrıca öğrenciler, Türkiye’nin saygın üniversitelerinin teknoparklarından ve Sanayi ve Teknoloji Bakanlığı’ndan onaylı Ar-Ge Projesi kapsamında dijital heykel ve karakter tasarımı proje ekibinde aktif olarak görev alır ve “ZBrush Proje Geliştirme Sertifikası” almaya hak kazanır. Eğitim sürecinde ZBrush yazılımı ile organik modelleme, karakter anatomisi, detaylandırma ve dijital heykel alanlarında ileri düzey teknik ve sanatsal beceriler geliştirirler. Oluşturdukları karakter ve yaratıcı konsept çalışmalarını ArtStation, CGSociety ve diğer uluslararası dijital sanat platformlarında sergileyerek, oyun, film ve dijital sanat endüstrilerinde profesyonel portföy oluştururlar ve kariyer fırsatlarında önemli bir avantaj elde ederler.","885","","","","https://unityverseacademy.com/urun/2026-python-bootcamp-sifirdan-python-canli-online-egitimi-8/","","","","","","139456","34908","34908","5,173","","1598","381","4,194","37,666","Hard","9,128","2","2","","22","6","0","2,670","81","47","0","11","11","0","","","","","f3202f40191829e79689965d5a790f7e","0,697","","","","","tr","1.1","","","","","","https://www.unityverseacademy.com/urun/36-saat-kapsamli-zbrush-modelleme-egitimi-online-1540/","2026-07-27 17:45:51"
"https://www.unityverseacademy.com/urun/c-programlama-yuz-yuze-egitimi/596/","text/html","301","Moved Permanently","Non-Indexable","Redirected","","0","0","","0","0","","0","","0","","0","","0","","0","","","","","","","","","","178","178","178","0,026","","0","","","","","0,000","2","3","","2","2","0","0,890","0","0","0","0","0","0","","","","","","0,138","","https://www.unityverseacademy.com/urun/c-programlama-yuz-yuze-egitimi-596/","HTTP Redirect","","","1.1","","","","","","https://www.unityverseacademy.com/urun/c-programlama-yuz-yuze-egitimi/596/","2026-07-27 17:45:52"
"https://www.unityverseacademy.com/urun/v-ray-ile-gercekci-ic-ve-dis-mekân-render-uretimi-egitimi-online-egitim-1623/","text/html; charset=utf-8","200","OK","Non-Indexable","Canonicalised","V-Ray ile Gerçekçi İç ve Dış Mekân Render Üretimi Eğitimi - Online Eğitim","73","645","2026 Python bootcamp sıfırdan ileri seviye online kursu. Yapay zeka, veri bilimi ve otomasyon için Python öğrenin!","114","698","Python bootcamp online, sıfırdan Python 2026, yapay zeka Python kursu, online Python eğitimi","92","V-Ray ile Gerçekçi İç ve Dış Mekân Render Üretimi Eğitimi - Online Eğitim","73","","0","V-Ray ile Gerçekçi İç ve Dış Mekân Render Üretimi Eğitimi Online","64","Ne Öğreneceğim?","15","","","","https://unityverseacademy.com/urun/2026-python-bootcamp-sifirdan-python-canli-online-egitimi-8/","","","","","","135117","34228","34228","5,073","","1209","280","4,318","36,471","Hard","7,322","2","2","","10","4","0","1,780","72","46","0","11","11","0","","","","","a09b7f0e515034305bdee77980f04158","0,147","","","","","tr","1.1","","","","","","https://www.unityverseacademy.com/urun/v-ray-ile-gercekci-ic-ve-dis-mek%C3%A2n-render-uretimi-egitimi-online-egitim-1623/","2026-07-27 17:45:52"
"https://unityverseacademy.com/kategori/ozel-dersler-256/","text/html; charset=utf-8","200","OK","Indexable","","Özel Dersler","12","109","Özel Dersler","12","73","","0","Özel Dersler","12","","0","","0","","0","","","","https://unityverseacademy.com/kategori/ozel-dersler-256/","","","","","","158550","29896","29896","4,431","","750","253","2,964","59,781","Fairly Hard","3,758","2","2","","45","15","0","6,670","136","60","0","7","7","0","","","","","eb3954c5870acdff9826b06105a58dfa","0,379","","","","","tr","1.1","","","","","","https://unityverseacademy.com/kategori/ozel-dersler-256/","2026-07-27 17:45:52"
"https://www.unityverseacademy.com/uploads/p/p/36-saat-kapsamli-zbrush-modelleme-egitimi-online_1.jpg?v=1762940368","image/jpeg","200","OK","Indexable","","","0","0","","0","0","","0","","0","","0","","0","","0","","","","","","","","","","146303","146303","146303","21,682","","0","","","","","0,000","2","3","","1","1","0","0,440","0","0","0","0","0","0","","","","","","0,119","Wed, 17 Jun 2026 19:04:47 GMT","","","","","1.1","","","","","","https://www.unityverseacademy.com/uploads/p/p/36-saat-kapsamli-zbrush-modelleme-egitimi-online_1.jpg?v=1762940368","2026-07-27 17:45:52"
"https://www.unityverseacademy.com/uploads/fm/blobid044.jpg","image/jpeg","200","OK","Indexable","","","0","0","","0","0","","0","","0","","0","","0","","0","","","","","","","","","","189354","189354","189354","28,062","","0","","","","","0,000","2","2","","0","0","0","0,000","0","0","0","0","0","0","","","","","","0,121","Wed, 17 Jun 2026 19:04:46 GMT","","","","","1.1","","","","","","https://www.unityverseacademy.com/uploads/fm/blobid044.jpg","2026-07-27 17:45:52"
"https://www.unityverseacademy.com/uploads/p/p/3ds-max-yuz-yuze-egitimi_1.jpg?v=1762865205","image/jpeg","200","OK","Indexable","","","0","0","","0","0","","0","","0","","0","","0","","0","","","","","","","","","","258715","258715","258715","38,342","","0","","","","","0,000","2","3","","1","1","0","0,440","0","0","0","0","0","0","","","","","","0,450","Thu, 18 Jun 2026 12:14:51 GMT","","","","","1.1","","","","","","https://www.unityverseacademy.com/uploads/p/p/3ds-max-yuz-yuze-egitimi_1.jpg?v=1762865205","2026-07-27 17:45:52"
"https://unityverseacademy.com/sayfa/kisisel-verilerin-korunmasi-hakkinda-aydinlatma-bildirimi-29/","text/html; charset=utf-8","200","OK","Indexable","","Kişisel Verilerin Korunması Hakkında Aydınlatma Bildirimi","57","513","Kişisel Verilerin Korunması Hakkında Aydınlatma Bildirimi","57","351","Kişisel Verilerin Korunması Hakkında Aydınlatma Bildirimi","57","Kişisel Verilerin Korunması Hakkında Aydınlatma Bildirimi","57","","0","","0","","0","","","","https://unityverseacademy.com/sayfa/kisisel-verilerin-korunmasi-hakkinda-aydinlatma-bildirimi-29/","","","","","","113885","28033","28033","4,154","","2534","461","5,497","0,000","Very Hard","19,860","2","2","","17","15","0","6,670","64","40","0","7","7","0","","","","","e680af4a43205ae91144e53c6f20d140","0,130","","","","","tr","1.1","","","","","","https://unityverseacademy.com/sayfa/kisisel-verilerin-korunmasi-hakkinda-aydinlatma-bildirimi-29/","2026-07-27 17:45:52"
"https://www.unityverseacademy.com/urun/ayrik-matematik-discrete-mathematics-egitimi-ozel-ders-1431/","text/html; charset=utf-8","200","OK","Non-Indexable","Canonicalised","Ayrık Matematik (Discrete Mathematics) Eğitimi Özel Ders","56","520","2026 Python bootcamp sıfırdan ileri seviye online kursu. Yapay zeka, veri bilimi ve otomasyon için Python öğrenin!","114","698","Python bootcamp online, sıfırdan Python 2026, yapay zeka Python kursu, online Python eğitimi","92","Ayrık Matematik (Discrete Mathematics) Eğitimi Özel Ders","56","","0","Eğitim Koordinatörü: Doç. Dr. Ali Çivril(CV için tıklayınız.)","61","","0","","","","https://unityverseacademy.com/urun/2026-python-bootcamp-sifirdan-python-canli-online-egitimi-8/","","","","","","121871","30945","30945","4,586","","502","141","3,560","43,459","Hard","3,699","2","2","","10","4","0","1,780","72","46","0","11","11","0","","","","","e564e9aeadee0a9450566bb2d7a2b586","0,848","","","","","tr","1.1","","","","","","https://www.unityverseacademy.com/urun/ayrik-matematik-discrete-mathematics-egitimi-ozel-ders-1431/","2026-07-27 17:45:52"
"https://www.unityverseacademy.com/urun/2b-oyun-karakter-tasarimi-ve-animasyon-canli-online-egitimi-553","text/html; charset=utf-8","200","OK","Non-Indexable","Canonicalised","2B Oyun Karakter Tasarımı ve Animasyon Canlı (Online) Eğitimi","61","562","2026 Python bootcamp sıfırdan ileri seviye online kursu. Yapay zeka, veri bilimi ve otomasyon için Python öğrenin!","114","698","Python bootcamp online, sıfırdan Python 2026, yapay zeka Python kursu, online Python eğitimi","92","2B Oyun Karakter Tasarımı ve Animasyon Canlı (Online) Eğitimi","61","","0","2B Oyun Karakter Tasarımı ve Animasyon Eğitimi Eğitmen: Nevin Eryılmaz (CV için tıklayınız.) Nevin Eryılmaz, geleneksel ve dijital tasarım alanlarındaki 20 yılı aşkın sektör deneyimi yanı sıra, İstinye Üniversitesi'nde Bilgisayar Destekli Tasarım ve Animasyon önlisans ve Dijital Oyun Tasarımı lisans programlarının kurucusudur. Üniversitenin Dijital Oyun Tasarımı bölümündeki tasarım ve yazılım merkezli eğitim anlayışının öncüsü olmakla beraber, 2021 yılında aynı üniversitede Türkiye'nin ilk YÖK onaylı Dijital Oyun Araştırma Merkezi olan Dijital Oyun Geliştirme ve Animasyon Araştırma Uygulama Merkezi'ni kurmuştur ve iki sene boyunca Merkez Müdürü olarak görev almıştır. Merkez'de üniversitenin Animasyon ve Dijital Oyun Tasarımı programlarındaki öğrencilerin kendi oyunlarını geliştirerek oyun marketlerinde yayınlaması ve ticarileşmeleri desteklenmiştir. Eryılmaz'ın sektör ve akademi deneyimli kadrosunun etkisi ile, İstinye Üniversitesi Dijital Oyun Tasarımı bölümü iki senede Türkiye'nin ilk tercih edilen 3 üniversitesi arasına yerleşmiştir. Eryılmaz'ın Milli Eğitim Bakanlığı ve çeşitli dijital oyun şirketleri ortaklığında gerçekleşen proje ve çalışmaları devam etmektedir.","1186","Öğr. Gör. Nevin Eryılmaz'ın katıldığı programlardan bir kaçı:","61","","","","https://unityverseacademy.com/urun/2026-python-bootcamp-sifirdan-python-canli-online-egitimi-8/","","","","","","169660","55139","55139","8,172","","1896","414","4,580","9,070","Very Hard","9,569","2","1","","44","2","0","0,890","111","45","0","11","11","0","","","","","daf9d28eb197256580a6018b2e848ea7","0,666","","","","","tr","1.1","","","","","","https://www.unityverseacademy.com/urun/2b-oyun-karakter-tasarimi-ve-animasyon-canli-online-egitimi-553","2026-07-27 17:45:52"
"https://www.unityverseacademy.com/urun/aranan-programci-olma-canli-online-kamp-kursu-staj-garantili-555/","text/html; charset=utf-8","200","OK","Non-Indexable","Canonicalised","Sıfırdan Yazılımcı Olma Bootcamp – Online Canlı (Staj Garantili)","64","569","2026 Python bootcamp sıfırdan ileri seviye online kursu. Yapay zeka, veri bilimi ve otomasyon için Python öğrenin!","114","698","Python bootcamp online, sıfırdan Python 2026, yapay zeka Python kursu, online Python eğitimi","92","Sıfırdan Yazılımcı Olma Bootcamp – Online Canlı (Staj Garantili)","64","","0","Aranan Programcı Olma Kamp Kursu","32","Ne Öğreneceğim?","15","","","","https://unityverseacademy.com/urun/2026-python-bootcamp-sifirdan-python-canli-online-egitimi-8/","","","","","","191024","49101","49101","7,277","","5107","1149","4,445","19,656","Very Hard","21,656","2","2","","26","5","0","2,220","89","48","0","12","12","0","","","","","bf493c2362fe530b556d101bf3fe0f73","0,875","","","","","tr","1.1","","","","","","https://www.unityverseacademy.com/urun/aranan-programci-olma-canli-online-kamp-kursu-staj-garantili-555/","2026-07-27 17:45:52"
"https://www.unityverseacademy.com/uploads/p/p/film-muzigi-teknikleri-yuz-yuze-egitimi_2.jpg?v=1759590382","image/jpeg","200","OK","Indexable","","","0","0","","0","0","","0","","0","","0","","0","","0","","","","","","","","","","107043","107043","107043","15,864","","0","","","","","0,000","2","3","","1","1","0","0,440","0","0","0","0","0","0","","","","","","0,228","Wed, 17 Jun 2026 19:04:47 GMT","","","","","1.1","","","","","","https://www.unityverseacademy.com/uploads/p/p/film-muzigi-teknikleri-yuz-yuze-egitimi_2.jpg?v=1759590382","2026-07-27 17:45:53"
"https://www.unityverseacademy.com/uploads/fm/oyun_site_koyulcak2.jpg","image/jpeg","200","OK","Indexable","","","0","0","","0","0","","0","","0","","0","","0","","0","","","","","","","","","","70334","70334","70334","10,423","","0","","","","","0,000","2","2","","0","0","0","0,000","0","0","0","0","0","0","","","","","","0,950","Wed, 17 Jun 2026 19:04:46 GMT","","","","","1.1","","","","","","https://www.unityverseacademy.com/uploads/fm/oyun_site_koyulcak2.jpg","2026-07-27 17:45:52"
"https://unityverseacademy.com/blog-detay/oguzhan-durakin-grafik-tasarim-ve-video-kurgu-alanindaki-yolculugu-100/","text/html; charset=utf-8","200","OK","Indexable","","Oğuzhan Durak'ın Grafik Tasarım ve Video Kurgu Alanındaki Yolculuğu","67","623","Oğuzhan Durak","13","97","unreal engine,","14","Oğuzhan Durak'ın Grafik Tasarım ve Video Kurgu Alanındaki Yolculuğu","67","","0","","0","","0","","","","https://unityverseacademy.com/blog-detay/oguzhan-durakin-grafik-tasarim-ve-video-kurgu-alanindaki-yolculugu-100/","","","","","","98409","25108","25108","3,721","","683","150","4,553","35,491","Hard","5,939","2","2","","8","2","0","0,890","76","52","0","8","8","0","","","","","f49be47314b4d176d2780fd2d198e86c","0,587","","","","","tr","1.1","","","","","","https://unityverseacademy.com/blog-detay/oguzhan-durakin-grafik-tasarim-ve-video-kurgu-alanindaki-yolculugu-100/","2026-07-27 17:45:53"
"https://www.unityverseacademy.com/uploads/fm/blobid237.jpg","image/jpeg","200","OK","Indexable","","","0","0","","0","0","","0","","0","","0","","0","","0","","","","","","","","","","213204","213204","213204","31,597","","0","","","","","0,000","2","2","","0","0","0","0,000","0","0","0","0","0","0","","","","","","0,591","Wed, 17 Jun 2026 19:04:46 GMT","","","","","1.1","","","","","","https://www.unityverseacademy.com/uploads/fm/blobid237.jpg","2026-07-27 17:45:53"
"https://www.unityverseacademy.com/urun/cocuk-ve-gencler-icin-unity-ile-oyun-gelistirme-yuz-yuze-egitimi-1042/","text/html; charset=utf-8","200","OK","Non-Indexable","Canonicalised","Çocuklar İçin Unity ile Oyun Geliştirme Yüz Yüze Eğitimi","56","492","2026 Python bootcamp sıfırdan ileri seviye online kursu. Yapay zeka, veri bilimi ve otomasyon için Python öğrenin!","114","698","Python bootcamp online, sıfırdan Python 2026, yapay zeka Python kursu, online Python eğitimi","92","Çocuklar İçin Unity ile Oyun Geliştirme Yüz Yüze Eğitimi","56","","0","Unity ile Oyun Geliştirme Eğitimi","33","Ne Öğreneceğim?","15","","","","https://unityverseacademy.com/urun/2026-python-bootcamp-sifirdan-python-canli-online-egitimi-8/","","","","","","165632","41917","41917","6,212","","3256","668","4,874","6,315","Very Hard","16,860","2","2","","23","4","0","1,780","86","47","0","12","12","0","","","","","e2297ae2f5068a6b226ed38435f2acb8","0,882","","","","","tr","1.1","","","","","","https://www.unityverseacademy.com/urun/cocuk-ve-gencler-icin-unity-ile-oyun-gelistirme-yuz-yuze-egitimi-1042/","2026-07-27 17:45:52"
"https://www.unityverseacademy.com/urun/film-muzigi-teknikleri-yuz-yuze-egitimi-648/","text/html; charset=utf-8","200","OK","Non-Indexable","Canonicalised","Film Müziği Teknikleri Yüz Yüze Eğitimi","39","349","2026 Python bootcamp sıfırdan ileri seviye online kursu. Yapay zeka, veri bilimi ve otomasyon için Python öğrenin!","114","698","Python bootcamp online, sıfırdan Python 2026, yapay zeka Python kursu, online Python eğitimi","92","Film Müziği Teknikleri Yüz Yüze Eğitimi","39","","0","Eğitimimizden kareler:","22","IMG_50372.jpg","13","","","","https://unityverseacademy.com/urun/2026-python-bootcamp-sifirdan-python-canli-online-egitimi-8/","","","","","","151513","53923","53923","7,991","","371","110","3,373","57,471","Fairly Hard","2,256","2","2","","12","5","0","2,220","70","44","0","10","10","0","","","","","7f75bb31099cdce72ae789e79996a1a1","0,651","","","","","tr","1.1","","","","","","https://www.unityverseacademy.com/urun/film-muzigi-teknikleri-yuz-yuze-egitimi-648/","2026-07-27 17:45:53"
"https://www.unityverseacademy.com/uploads/p/p/blender-ile-3d-modelleme-yuzyuze-ozel-ders_1.jpg?v=1762940635","image/jpeg","200","OK","Indexable","","","0","0","","0","0","","0","","0","","0","","0","","0","","","","","","","","","","163932","163932","163932","24,295","","0","","","","","0,000","2","3","","3","3","0","1,330","0","0","0","0","0","0","","","","","","0,190","Wed, 17 Jun 2026 19:04:47 GMT","","","","","1.1","","","","","","https://www.unityverseacademy.com/uploads/p/p/blender-ile-3d-modelleme-yuzyuze-ozel-ders_1.jpg?v=1762940635","2026-07-27 17:45:54"
"https://www.unityverseacademy.com/uploads/fm/Kurucu_Eğitmen_Öğr__Gör__Nevin_Eryılmaz_pdf_22.jpg","image/jpeg","200","OK","Indexable","","","0","0","","0","0","","0","","0","","0","","0","","0","","","","","","","","","","81275","81275","81275","12,045","","0","","","","","0,000","2","2","","0","0","0","0,000","0","0","0","0","0","0","","","","","","0,975","Wed, 17 Jun 2026 19:04:46 GMT","","","","","1.1","","","","","","https://www.unityverseacademy.com/uploads/fm/Kurucu_Eg%CC%86itmen_O%CC%88g%CC%86r__Go%CC%88r__Nevin_Ery%C4%B1lmaz_pdf_22.jpg","2026-07-27 17:45:53"
"https://www.unityverseacademy.com/uploads/p/p/2b-oyun-karakter-tasarimi-ve-animasyon-canli-online-egitimi_1.jpg?v=1759406018","image/jpeg","200","OK","Indexable","","","0","0","","0","0","","0","","0","","0","","0","","0","","","","","","","","","","168444","168444","168444","24,963","","0","","","","","0,000","2","3","","2","2","0","0,890","0","0","0","0","0","0","","","","","","0,692","Wed, 17 Jun 2026 19:04:47 GMT","","","","","1.1","","","","","","https://www.unityverseacademy.com/uploads/p/p/2b-oyun-karakter-tasarimi-ve-animasyon-canli-online-egitimi_1.jpg?v=1759406018","2026-07-27 17:45:54"
"https://www.unityverseacademy.com/urun/unreal-engine-ile-oyun-gelistirme-ozel-ders-online-canli-egitim-100-saat-1303/","text/html; charset=utf-8","200","OK","Non-Indexable","Canonicalised","Unreal Engine 5 ile Oyun Geliştirme Özel Ders – 100 Saat Online Blueprint & C++","79","710","2026 Python bootcamp sıfırdan ileri seviye online kursu. Yapay zeka, veri bilimi ve otomasyon için Python öğrenin!","114","698","Python bootcamp online, sıfırdan Python 2026, yapay zeka Python kursu, online Python eğitimi","92","Unreal Engine 5 ile Oyun Geliştirme Özel Ders – 100 Saat Online Blueprint & C++","79","","0","Unreal Engine ile Sanal Gerçeklik Eğitimi","41","Eğitmen: Burak Kaya","19","","","","https://unityverseacademy.com/urun/2026-python-bootcamp-sifirdan-python-canli-online-egitimi-8/","","","","","","135078","32804","32804","4,862","","694","227","3,057","41,724","Hard","4,365","2","2","","25","4","0","1,780","87","46","0","11","11","0","","","","","9733fd7ef764b38f8702510b79653009","0,326","","","","","tr","1.1","","","","","","https://www.unityverseacademy.com/urun/unreal-engine-ile-oyun-gelistirme-ozel-ders-online-canli-egitim-100-saat-1303/","2026-07-27 17:45:54"
"https://www.unityverseacademy.com/urun/ses-tasarimi-yuz-yuze-egitimi-651/","text/html; charset=utf-8","200","OK","Non-Indexable","Canonicalised","Ses Tasarımı Yüz Yüze Eğitimi","29","271","2026 Python bootcamp sıfırdan ileri seviye online kursu. Yapay zeka, veri bilimi ve otomasyon için Python öğrenin!","114","698","Python bootcamp online, sıfırdan Python 2026, yapay zeka Python kursu, online Python eğitimi","92","Ses Tasarımı Yüz Yüze Eğitimi","29","","0","Eğitimimizden kareler:","22","IMG_50372.jpg","13","","","","https://unityverseacademy.com/urun/2026-python-bootcamp-sifirdan-python-canli-online-egitimi-8/","","","","","","151321","53890","53890","7,986","","369","110","3,355","58,533","Fairly Hard","2,246","2","2","","12","5","0","2,220","70","44","0","10","10","0","","","","","4bfed672317cafff700893b6326dfa91","0,742","","","","","tr","1.1","","","","","","https://www.unityverseacademy.com/urun/ses-tasarimi-yuz-yuze-egitimi-651/","2026-07-27 17:45:54"
"https://www.unityverseacademy.com/uploads/p/p/unreal-engine-5-ile-blueprint-oyun-gelistirme-yuz-yuze-egitim_1.jpg?v=1711707239","image/jpeg","200","OK","Indexable","","","0","0","","0","0","","0","","0","","0","","0","","0","","","","","","","","","","124435","124435","124435","18,441","","0","","","","","0,000","2","3","","1","1","0","0,440","0","0","0","0","0","0","","","","","","0,131","Thu, 18 Jun 2026 12:14:51 GMT","","","","","1.1","","","","","","https://www.unityverseacademy.com/uploads/p/p/unreal-engine-5-ile-blueprint-oyun-gelistirme-yuz-yuze-egitim_1.jpg?v=1711707239","2026-07-27 17:45:55"
"https://www.unityverseacademy.com/uploads/p/p/2024-python-bootcamp-sifirdan-python-canli-online-egitimi_2.jpeg?v=1713608100","image/jpeg","200","OK","Indexable","","","0","0","","0","0","","0","","0","","0","","0","","0","","","","","","","","","","87376","87376","87376","12,949","","0","","","","","0,000","2","3","","1","1","0","0,440","0","0","0","0","0","0","","","","","","0,726","Wed, 17 Jun 2026 19:04:47 GMT","","","","","1.1","","","","","","https://www.unityverseacademy.com/uploads/p/p/2024-python-bootcamp-sifirdan-python-canli-online-egitimi_2.jpeg?v=1713608100","2026-07-27 17:45:55"
"https://www.unityverseacademy.com/urun/autocad-elektrik-tesisat-projeleri-egitimi-yapi-denetim-odakli-1637/","text/html; charset=utf-8","200","OK","Non-Indexable","Canonicalised","AutoCAD Elektrik Tesisat Projeleri Eğitimi (Yapı Denetim Odaklı)","64","570","2026 Python bootcamp sıfırdan ileri seviye online kursu. Yapay zeka, veri bilimi ve otomasyon için Python öğrenin!","114","698","Python bootcamp online, sıfırdan Python 2026, yapay zeka Python kursu, online Python eğitimi","92","AutoCAD Elektrik Tesisat Projeleri Eğitimi (Yapı Denetim Odaklı)","64","","0","","0","AutoCAD Elektrik Tesisat Projeleri Eğitimi (Yapı Denetim Odaklı)","64","","","","https://unityverseacademy.com/urun/2026-python-bootcamp-sifirdan-python-canli-online-egitimi-8/","","","","","","131188","32989","32989","4,889","","978","247","3,960","36,211","Hard","6,047","2","2","","10","4","0","1,780","72","46","0","10","10","0","","","","","9054da23456dd8e1e6f25ce08603b860","1,055","","","","","tr","1.1","","","","","","https://www.unityverseacademy.com/urun/autocad-elektrik-tesisat-projeleri-egitimi-yapi-denetim-odakli-1637/","2026-07-27 17:45:54"
"https://www.unityverseacademy.com/tum-urunler/?kategori=grafik-tasarim","text/html; charset=utf-8","200","OK","Non-Indexable","Canonicalised","Tüm Ürünler","11","111","Tüm Ürünler","11","76","Tüm Ürünler","11","Tüm Ürünler","11","","0","","0","","0","","","","https://www.unityverseacademy.com/tum-urunler/","","","","","","244722","35493","35493","5,260","","1560","431","3,619","62,541","Normal","4,492","2","1","","12","5","0","2,220","239","96","0","7","7","0","","","","","a240f0f41ef60dbe779e5dec2b67e82f","0,682","","","","","tr","1.1","","","","","","https://www.unityverseacademy.com/tum-urunler/?kategori=grafik-tasarim","2026-07-27 17:45:55"
"https://www.unityverseacademy.com/tum-urunler/?kategori=3d-modelleme","text/html; charset=utf-8","200","OK","Non-Indexable","Canonicalised","Tüm Ürünler","11","111","Tüm Ürünler","11","76","Tüm Ürünler","11","Tüm Ürünler","11","","0","","0","","0","","","","https://www.unityverseacademy.com/tum-urunler/","","","","","","194714","33806","33806","5,010","","1130","317","3,565","66,809","Normal","4,231","2","1","","64","31","0","13,780","170","73","0","7","7","0","","","","","b65e56daff6220db1021ec7b3d9c7e35","1,216","","","","","tr","1.1","","","","","","https://www.unityverseacademy.com/tum-urunler/?kategori=3d-modelleme","2026-07-27 17:45:54"
"https://www.unityverseacademy.com/uploads/p/p/ses-tasarimi-yuz-yuze-egitimi_2.jpg?v=1759590696","image/jpeg","200","OK","Indexable","","","0","0","","0","0","","0","","0","","0","","0","","0","","","","","","","","","","105593","105593","105593","15,649","","0","","","","","0,000","2","3","","1","1","0","0,440","0","0","0","0","0","0","","","","","","0,536","Wed, 17 Jun 2026 19:04:47 GMT","","","","","1.1","","","","","","https://www.unityverseacademy.com/uploads/p/p/ses-tasarimi-yuz-yuze-egitimi_2.jpg?v=1759590696","2026-07-27 17:45:55"
"https://www.unityverseacademy.com/uploads/p/p/lineer-cebir-linear-algebra-egitimi-ozel-ders_1.jpg?v=1759324818","image/jpeg","200","OK","Indexable","","","0","0","","0","0","","0","","0","","0","","0","","0","","","","","","","","","","154855","154855","154855","22,950","","0","","","","","0,000","2","3","","1","1","0","0,440","0","0","0","0","0","0","","","","","","0,183","Thu, 18 Jun 2026 12:14:51 GMT","","","","","1.1","","","","","","https://www.unityverseacademy.com/uploads/p/p/lineer-cebir-linear-algebra-egitimi-ozel-ders_1.jpg?v=1759324818","2026-07-27 17:45:55"
"https://www.unityverseacademy.com/public/tema10/js/fancybox/jquery.fancybox.js?v=5.4.94","application/javascript; charset=UTF-8","200","OK","Indexable","","","0","0","","0","0","","0","","0","","0","","0","","0","","","","","","","","","","0","0","0","0,000","","0","","","","","0,000","2","4","","0","0","0","0,000","0","0","0","0","0","0","","","","","","0,253","Wed, 17 Jun 2026 19:04:45 GMT","","","","","1.1","","","","","","https://www.unityverseacademy.com/public/tema10/js/fancybox/jquery.fancybox.js?v=5.4.94","2026-07-27 17:45:55"
"https://www.unityverseacademy.com/urun/revit-egitimi-online-1129/","text/html; charset=utf-8","200","OK","Non-Indexable","Canonicalised","Revit Eğitimi Online","20","174","2026 Python bootcamp sıfırdan ileri seviye online kursu. Yapay zeka, veri bilimi ve otomasyon için Python öğrenin!","114","698","Python bootcamp online, sıfırdan Python 2026, yapay zeka Python kursu, online Python eğitimi","92","Revit Eğitimi Online","20","","0","Eğitimimizden kareler:","22","IMG_50372.jpg","13","","","","https://unityverseacademy.com/urun/2026-python-bootcamp-sifirdan-python-canli-online-egitimi-8/","","","","","","160495","56486","56486","8,371","","941","234","4,021","57,108","Fairly Hard","4,498","2","2","","19","4","0","1,780","81","46","0","10","10","0","","","","","c24117043ce8703dd5ed0e2a376da67d","0,358","","","","","tr","1.1","","","","","","https://www.unityverseacademy.com/urun/revit-egitimi-online-1129/","2026-07-27 17:45:55"
"https://www.unityverseacademy.com/uploads/p/p/2b-cizgi-film-ve-animasyon-yuz-yuze-egitimi_2.jpg?v=1759405015","image/jpeg","200","OK","Indexable","","","0","0","","0","0","","0","","0","","0","","0","","0","","","","","","","","","","162717","162717","162717","24,115","","0","","","","","0,000","2","3","","1","1","0","0,440","0","0","0","0","0","0","","","","","","0,939","Wed, 17 Jun 2026 19:04:47 GMT","","","","","1.1","","","","","","https://www.unityverseacademy.com/uploads/p/p/2b-cizgi-film-ve-animasyon-yuz-yuze-egitimi_2.jpg?v=1759405015","2026-07-27 17:45:56"
"https://www.unityverseacademy.com/uploads/fm/blobid717.jpg","image/jpeg","200","OK","Indexable","","","0","0","","0","0","","0","","0","","0","","0","","0","","","","","","","","","","148338","148338","148338","21,984","","0","","","","","0,000","2","2","","0","0","0","0,000","0","0","0","0","0","0","","","","","","0,898","Wed, 17 Jun 2026 19:04:46 GMT","","","","","1.1","","","","","","https://www.unityverseacademy.com/uploads/fm/blobid717.jpg","2026-07-27 17:45:56"
"https://www.unityverseacademy.com/urun/yapay-zeka-destekli-unity-ile-oyun-gelistirme-egitimi-online-1682/","text/html; charset=utf-8","200","OK","Non-Indexable","Canonicalised","Yapay Zeka (AI) Destekli Unity ile Oyun Geliştirme Kursu – Online Canlı","71","628","2026 Python bootcamp sıfırdan ileri seviye online kursu. Yapay zeka, veri bilimi ve otomasyon için Python öğrenin!","114","698","Python bootcamp online, sıfırdan Python 2026, yapay zeka Python kursu, online Python eğitimi","92","Yapay Zeka (AI) Destekli Unity ile Oyun Geliştirme Kursu – Online Canlı","71","","0","Sıfırdan Zirveye: 3 Aylık Yapay Zeka Destekli Unity ile Oyun Geliştirme Eğitimi","79","Eğitimin Amacı","14","","","","https://unityverseacademy.com/urun/2026-python-bootcamp-sifirdan-python-canli-online-egitimi-8/","","","","","","140689","36263","36263","5,374","","1470","329","4,468","37,646","Hard","8,225","2","2","","13","4","0","1,780","75","46","0","12","12","0","","","","","c4b386eebedb8f688ba20bfa1a47c2ab","0,260","","","","","tr","1.1","","","","","","https://www.unityverseacademy.com/urun/yapay-zeka-destekli-unity-ile-oyun-gelistirme-egitimi-online-1682/","2026-07-27 17:45:56"
"https://www.unityverseacademy.com/uploads/fm/Microsoft®_Certified_Fundamentals1.png","image/png","200","OK","Indexable","","","0","0","","0","0","","0","","0","","0","","0","","0","","","","","","","","","","38625","38625","38625","5,724","","0","","","","","0,000","2","2","","0","0","0","0,000","0","0","0","0","0","0","","","","","","0,987","Wed, 17 Jun 2026 19:04:46 GMT","","","","","1.1","","","","","","https://www.unityverseacademy.com/uploads/fm/Microsoft%C2%AE_Certified_Fundamentals1.png","2026-07-27 17:45:56"
"https://www.unityverseacademy.com/urun/2b-oyun-karakter-tasarimi-ve-animasyon-ozel-ders-20-saat-1251/","text/html; charset=utf-8","200","OK","Non-Indexable","Canonicalised","2B Oyun Karakter Tasarımı ve Animasyon Özel Ders 20 Saat","56","533","2026 Python bootcamp sıfırdan ileri seviye online kursu. Yapay zeka, veri bilimi ve otomasyon için Python öğrenin!","114","698","Python bootcamp online, sıfırdan Python 2026, yapay zeka Python kursu, online Python eğitimi","92","2B Oyun Karakter Tasarımı ve Animasyon Özel Ders 20 Saat","56","","0","2B Oyun Karakter Tasarımı ve Animasyon Özel Ders 20 Saat","56","","0","","","","https://unityverseacademy.com/urun/2026-python-bootcamp-sifirdan-python-canli-online-egitimi-8/","","","","","","119601","30196","30196","4,475","","407","115","3,539","60,857","Normal","3,037","2","2","","12","5","0","2,220","71","45","0","10","10","0","","","","","6e239dd6fe7f9c56497236b501eebaea","0,493","","","","","tr","1.1","","","","","","https://www.unityverseacademy.com/urun/2b-oyun-karakter-tasarimi-ve-animasyon-ozel-ders-20-saat-1251/","2026-07-27 17:45:57"
"https://www.unityverseacademy.com/uploads/p/p/zbrush-ile-organik-modelleme-canli-yuz-yuze-ozel-ders_2.jpg?v=1762940448","image/jpeg","200","OK","Indexable","","","0","0","","0","0","","0","","0","","0","","0","","0","","","","","","","","","","146303","146303","146303","21,682","","0","","","","","0,000","2","3","","1","1","0","0,440","0","0","0","0","0","0","","","","","","0,725","Thu, 18 Jun 2026 12:16:26 GMT","","","","","1.1","","","","","","https://www.unityverseacademy.com/uploads/p/p/zbrush-ile-organik-modelleme-canli-yuz-yuze-ozel-ders_2.jpg?v=1762940448","2026-07-27 17:45:57"
"https://www.unityverseacademy.com/os/KARIYER-14/#!","text/html; charset=utf-8","200","OK","Non-Indexable","Canonicalised","KARIYER iŞ","10","100","KARIYER","7","56","KARIYER iŞ","10","","0","","0","","0","","0","","","","https://unityverseacademy.com/os/kariyer-is-14/","","","","","","97751","24136","24136","3,577","","251","83","3,024","55,463","Fairly Hard","2,683","2","2","","2","2","0","0,890","63","41","0","7","7","0","","","","","a1d6af077979255fe4badb7532505804","0,117","","","","","tr","1.1","","","","","","https://www.unityverseacademy.com/os/KARIYER-14/#!","2026-07-27 17:45:57"
"https://www.unityverseacademy.com/urun/gelismis-autocad-elektrik-projeciligi-egitimi-yapi-denetim-odakli-uygulamali-1635/","text/html; charset=utf-8","200","OK","Non-Indexable","Canonicalised","Gelişmiş AutoCAD Elektrik Projeciliği Eğitimi (Yapı Denetim Odaklı – Uygulamalı)","80","717","2026 Python bootcamp sıfırdan ileri seviye online kursu. Yapay zeka, veri bilimi ve otomasyon için Python öğrenin!","114","698","Python bootcamp online, sıfırdan Python 2026, yapay zeka Python kursu, online Python eğitimi","92","Gelişmiş AutoCAD Elektrik Projeciliği Eğitimi (Yapı Denetim Odaklı – Uygulamalı)","80","","0","Ne Öğreneceğim?","15","Neden Unityverse Akademi?","25","","","","https://unityverseacademy.com/urun/2026-python-bootcamp-sifirdan-python-canli-online-egitimi-8/","","","","","","131706","33329","33329","4,939","","1042","246","4,236","34,229","Hard","6,475","2","2","","10","4","0","1,780","72","46","0","10","10","0","","","","","cc6b1760c63abeed9fef9204cf9aa189","0,194","","","","","tr","1.1","","","","","","https://www.unityverseacademy.com/urun/gelismis-autocad-elektrik-projeciligi-egitimi-yapi-denetim-odakli-uygulamali-1635/","2026-07-27 17:45:57"
"https://www.unityverseacademy.com/uploads/fm/akademik_nevin_eryilmaz1.pdf","application/pdf","200","OK","Indexable","","","0","0","","0","0","","0","","0","","0","","0","","0","","","","","","","","","","480996","480996","480996","71,284","","0","","","","","0,000","2","2","","10","9","0","4,000","0","0","0","0","0","0","","","","","","0,939","Wed, 17 Jun 2026 19:04:46 GMT","","","","","1.1","","","","","","https://www.unityverseacademy.com/uploads/fm/akademik_nevin_eryilmaz1.pdf","2026-07-27 17:45:55"
"https://www.unityverseacademy.com/uploads/fm/IMG_5023.jpg","image/jpeg","200","OK","Indexable","","","0","0","","0","0","","0","","0","","0","","0","","0","","","","","","","","","","80961","80961","80961","11,998","","0","","","","","0,000","2","2","","0","0","0","0,000","0","0","0","0","0","0","","","","","","0,172","Wed, 17 Jun 2026 19:04:46 GMT","","","","","1.1","","","","","","https://www.unityverseacademy.com/uploads/fm/IMG_5023.jpg","2026-07-27 17:45:58"
"https://www.unityverseacademy.com/sayfa/hakkimizda/25/","text/html; charset=utf-8","200","OK","Non-Indexable","Canonicalised","Hakkımızda","10","105","HAKKIMIZDA","10","83","HAKKIMIZDA","10","HAKKIMIZDA","10","","0","UNITYVERSE ACADEMY","18","Biz kimiz?","10","","","","https://unityverseacademy.com/sayfa/hakkimizda-25/","","","","","","100237","25289","25289","3,748","","926","208","4,452","2,328","Very Hard","8,603","2","3","","38","37","0","16,440","64","41","0","7","7","0","","","","","5307f100767668c206b0d388a0931043","0,675","","","","","tr","1.1","","","","","","https://www.unityverseacademy.com/sayfa/hakkimizda/25/","2026-07-27 17:45:57"
"https://www.unityverseacademy.com/uploads/p/p/full-stack-development-canli-online-egitim_1.jpg?v=1726224678","image/jpeg","200","OK","Indexable","","","0","0","","0","0","","0","","0","","0","","0","","0","","","","","","","","","","50229","50229","50229","7,444","","0","","","","","0,000","2","3","","1","1","0","0,440","0","0","0","0","0","0","","","","","","0,164","Wed, 17 Jun 2026 19:04:47 GMT","","","","","1.1","","","","","","https://www.unityverseacademy.com/uploads/p/p/full-stack-development-canli-online-egitim_1.jpg?v=1726224678","2026-07-27 17:45:58"
"https://www.unityverseacademy.com/urun/mimarlik-ic-mimarlik-icin-3d-tasarim-ve-gorsellestirme-egitimi-online-1549/","text/html; charset=utf-8","200","OK","Non-Indexable","Canonicalised","Mimarlık & İç Mimarlık için 3D Tasarım ve Görselleştirme Eğitimi Online","71","634","2026 Python bootcamp sıfırdan ileri seviye online kursu. Yapay zeka, veri bilimi ve otomasyon için Python öğrenin!","114","698","Python bootcamp online, sıfırdan Python 2026, yapay zeka Python kursu, online Python eğitimi","92","Mimarlık & İç Mimarlık için 3D Tasarım ve Görselleştirme Eğitimi Online","71","","0","Mimarlık & İç Mimarlık için 3D Tasarım ve Görselleştirme Eğitimi Online","71","Ne Öğreneceğim?","15","","","","https://unityverseacademy.com/urun/2026-python-bootcamp-sifirdan-python-canli-online-egitimi-8/","","","","","","147178","38519","38519","5,709","","2386","623","3,830","49,030","Hard","12,116","2","2","","10","4","0","1,780","72","46","0","11","11","0","","","","","691f5fe2795f069e820fa64f133aabaf","0,336","","","","","tr","1.1","","","","","","https://www.unityverseacademy.com/urun/mimarlik-ic-mimarlik-icin-3d-tasarim-ve-gorsellestirme-egitimi-online-1549/","2026-07-27 17:45:58"
"https://www.unityverseacademy.com/urun/zbrush-ile-organik-modelleme-online-egitimi-1528/","text/html; charset=utf-8","200","OK","Non-Indexable","Canonicalised","ZBrush ile Organik & Karakter Modelleme Kursu – Online Canlı (Dijital Sculpting)","80","712","2026 Python bootcamp sıfırdan ileri seviye online kursu. Yapay zeka, veri bilimi ve otomasyon için Python öğrenin!","114","698","Python bootcamp online, sıfırdan Python 2026, yapay zeka Python kursu, online Python eğitimi","92","ZBrush ile Organik & Karakter Modelleme Kursu – Online Canlı (Dijital Sculpting)","80","","0","ZBrush ile Organik Modelleme Eğitimi Eğitmen: Öğr. Gör. Deniz Erbaş (CV'ye erişmek için tıklayınız.) Marmara Üniversitesi Grafik Tasarım ve Yüksek Lisans Sinema TV Mezunu, İstanbul Aydın Üniversitesi Sinema TV bölümünde Doktora (PhD.) eğitimine devam etmektedir.","262","Goz Games Kurucu ortağıdır, sektörde 20 yılı aşkın süredir video kurgu, after effects, animasyon, 3D modelleme ve tasarım alanlarında çalışmaktadır. Ayrıca öğrenciler, Türkiye’nin saygın üniversitelerinin teknoparklarından ve Sanayi ve Teknoloji Bakanlığı’ndan onaylı Ar-Ge Projesi kapsamında dijital heykel ve karakter tasarımı proje ekibinde aktif olarak görev alır ve “ZBrush Proje Geliştirme Sertifikası” almaya hak kazanır. Eğitim sürecinde ZBrush yazılımı ile organik modelleme, karakter anatomisi, detaylandırma ve dijital heykel alanlarında ileri düzey teknik ve sanatsal beceriler geliştirirler. Oluşturdukları karakter ve yaratıcı konsept çalışmalarını ArtStation, CGSociety ve diğer uluslararası dijital sanat platformlarında sergileyerek, oyun, film ve dijital sanat endüstrilerinde profesyonel portföy oluştururlar ve kariyer fırsatlarında önemli bir avantaj elde ederler.","885","","","","https://unityverseacademy.com/urun/2026-python-bootcamp-sifirdan-python-canli-online-egitimi-8/","","","","","","132844","33954","33954","5,032","","1051","241","4,361","26,608","Very Hard","6,841","2","2","","12","5","0","2,220","73","47","0","12","12","0","","","","","4749fa78780f8f3439b4ee54ab9ff4f4","0,246","","","","","tr","1.1","","","","","","https://www.unityverseacademy.com/urun/zbrush-ile-organik-modelleme-online-egitimi-1528/","2026-07-27 17:45:58"
"https://www.unityverseacademy.com/uploads/p/p/profesyonel-3b-modelleme-dijital-sanat-programi-online_1.jpg?v=1757508001","image/jpeg","200","OK","Indexable","","","0","0","","0","0","","0","","0","","0","","0","","0","","","","","","","","","","188489","188489","188489","27,934","","0","","","","","0,000","2","3","","1","1","0","0,440","0","0","0","0","0","0","","","","","","2,104","Wed, 17 Jun 2026 19:04:47 GMT","","","","","1.1","","","","","","https://www.unityverseacademy.com/uploads/p/p/profesyonel-3b-modelleme-dijital-sanat-programi-online_1.jpg?v=1757508001","2026-07-27 17:45:57"
"https://www.unityverseacademy.com/blog-detay/zbrush-kursu-egitimi-296/","text/html; charset=utf-8","200","OK","Non-Indexable","Canonicalised","Zbrush Kursu Eğitimi","20","186","zbrush eğitimi tanıtım yazısı","29","172","unreal engine,","14","Zbrush Kursu Eğitimi","20","","0","ZBrush Nedir? Organik Sculpting, Dijital Heykel ve Karakter Tasarımı Rehberi","76","ZBrush ile Neler Yapabilirsiniz?","32","","","","https://unityverseacademy.com/blog-detay/zbrush-kursu-egitimi-296/","","","","","","98843","25183","25183","3,732","","720","171","4,211","44,289","Hard","6,177","2","2","","31","29","0","12,890","80","51","0","7","7","0","","","","","2f06d668c82a02e87ef1ea9382ef2064","0,833","","","","","tr","1.1","","","","","","https://www.unityverseacademy.com/blog-detay/zbrush-kursu-egitimi-296/","2026-07-27 17:45:58"
"https://www.unityverseacademy.com/uploads/fm/blobid330.jpg","image/jpeg","200","OK","Indexable","","","0","0","","0","0","","0","","0","","0","","0","","0","","","","","","","","","","192339","192339","192339","28,505","","0","","","","","0,000","2","2","","0","0","0","0,000","0","0","0","0","0","0","","","","","","0,877","Wed, 17 Jun 2026 19:04:46 GMT","","","","","1.1","","","","","","https://www.unityverseacademy.com/uploads/fm/blobid330.jpg","2026-07-27 17:45:58"
"https://www.unityverseacademy.com/urun/3ds-max-yuz-yuze-egitimi-615/","text/html; charset=utf-8","200","OK","Non-Indexable","Canonicalised","3ds Max ile 3D Modelleme Kursu – Yüz Yüze (Mimari & İç Mekan V-Ray Render)","74","705","2026 Python bootcamp sıfırdan ileri seviye online kursu. Yapay zeka, veri bilimi ve otomasyon için Python öğrenin!","114","698","Python bootcamp online, sıfırdan Python 2026, yapay zeka Python kursu, online Python eğitimi","92","3ds Max ile 3D Modelleme Kursu – Yüz Yüze (Mimari & İç Mekan V-Ray Render)","74","","0","3DS MAX Uzmanlığı Eğitimi","25","Ne Öğreneceğim?","15","","","","https://unityverseacademy.com/urun/2026-python-bootcamp-sifirdan-python-canli-online-egitimi-8/","","","","","","157928","50762","50762","7,523","","1197","281","4,260","34,866","Hard","6,034","2","2","","22","5","0","2,220","82","46","0","10","10","0","","","","","5262ca5854df1c7f21eea2233f15c410","0,257","","","","","tr","1.1","","","","","","https://www.unityverseacademy.com/urun/3ds-max-yuz-yuze-egitimi-615/","2026-07-27 17:45:59"
"https://www.unityverseacademy.com/urun/substance-3d-painter-canli-online-40-saat-ozel-ders-1445/","text/html; charset=utf-8","200","OK","Non-Indexable","Canonicalised","Substance 3D Painter Özel Ders – 40 Saat Birebir Online (PBR Doku Kaplama)","74","691","2026 Python bootcamp sıfırdan ileri seviye online kursu. Yapay zeka, veri bilimi ve otomasyon için Python öğrenin!","114","698","Python bootcamp online, sıfırdan Python 2026, yapay zeka Python kursu, online Python eğitimi","92","Substance 3D Painter Özel Ders – 40 Saat Birebir Online (PBR Doku Kaplama)","74","","0","Substance 3D Painter Eğitimi","28","Ne Öğreneceğim?","15","","","","https://unityverseacademy.com/urun/2026-python-bootcamp-sifirdan-python-canli-online-egitimi-8/","","","","","","128183","32520","32520","4,819","","788","191","4,126","25,825","Very Hard","5,387","2","2","","12","5","0","2,220","72","46","0","12","12","0","","","","","4a227cba27c55892118ed53c0facf729","2,207","","","","","tr","1.1","","","","","","https://www.unityverseacademy.com/urun/substance-3d-painter-canli-online-40-saat-ozel-ders-1445/","2026-07-27 17:45:57"
"https://www.unityverseacademy.com/uploads/fm/IMG_50982.jpg","image/jpeg","200","OK","Indexable","","","0","0","","0","0","","0","","0","","0","","0","","0","","","","","","","","","","96815","96815","96815","14,348","","0","","","","","0,000","2","2","","0","0","0","0,000","0","0","0","0","0","0","","","","","","0,270","Wed, 17 Jun 2026 19:04:46 GMT","","","","","1.1","","","","","","https://www.unityverseacademy.com/uploads/fm/IMG_50982.jpg","2026-07-27 17:45:59"
"https://www.unityverseacademy.com/uploads/p/p/profesyonel-3b-modelleme-dijital-sanat-programi-yuz-yuze_1.jpg?v=1757916537","image/jpeg","200","OK","Indexable","","","0","0","","0","0","","0","","0","","0","","0","","0","","","","","","","","","","561859","561859","561859","83,268","","0","","","","","0,000","2","3","","1","1","0","0,440","0","0","0","0","0","0","","","","","","0,238","Wed, 17 Jun 2026 19:04:47 GMT","","","","","1.1","","","","","","https://www.unityverseacademy.com/uploads/p/p/profesyonel-3b-modelleme-dijital-sanat-programi-yuz-yuze_1.jpg?v=1757916537","2026-07-27 17:45:59"
"https://www.unityverseacademy.com/uploads/fm/IMG_50372.jpg","image/jpeg","200","OK","Indexable","","","0","0","","0","0","","0","","0","","0","","0","","0","","","","","","","","","","79814","79814","79814","11,828","","0","","","","","0,000","2","2","","0","0","0","0,000","0","0","0","0","0","0","","","","","","0,233","Wed, 17 Jun 2026 19:04:46 GMT","","","","","1.1","","","","","","https://www.unityverseacademy.com/uploads/fm/IMG_50372.jpg","2026-07-27 17:45:59"
"https://www.unityverseacademy.com/uploads/p/p/autodesk-fusion-360-endustriyel-urun-tasarimi-uzmanligi-canli-online-ozel-ders_2.jpg?v=1762940154","image/jpeg","200","OK","Indexable","","","0","0","","0","0","","0","","0","","0","","0","","0","","","","","","","","","","145937","145937","145937","21,628","","0","","","","","0,000","2","3","","1","1","0","0,440","0","0","0","0","0","0","","","","","","1,070","Wed, 17 Jun 2026 19:04:47 GMT","","","","","1.1","","","","","","https://www.unityverseacademy.com/uploads/p/p/autodesk-fusion-360-endustriyel-urun-tasarimi-uzmanligi-canli-online-ozel-ders_2.jpg?v=1762940154","2026-07-27 17:45:59"
"https://www.unityverseacademy.com/uploads/fm/blobid618.jpg","image/jpeg","200","OK","Indexable","","","0","0","","0","0","","0","","0","","0","","0","","0","","","","","","","","","","137943","137943","137943","20,443","","0","","","","","0,000","2","2","","0","0","0","0,000","0","0","0","0","0","0","","","","","","0,821","Wed, 17 Jun 2026 19:04:46 GMT","","","","","1.1","","","","","","https://www.unityverseacademy.com/uploads/fm/blobid618.jpg","2026-07-27 17:45:59"
"https://www.unityverseacademy.com/urun/mimarlik-ic-mimarlik-icin-3d-tasarim-ve-gorsellestirme-egitimi-yuz-yuze-100-saat-1592/","text/html; charset=utf-8","200","OK","Non-Indexable","Canonicalised","Mimarlık & İç Mimarlık için 3D Tasarım ve Görselleştirme Eğitimi Yüz Yüze 100 Saat","82","743","2026 Python bootcamp sıfırdan ileri seviye online kursu. Yapay zeka, veri bilimi ve otomasyon için Python öğrenin!","114","698","Python bootcamp online, sıfırdan Python 2026, yapay zeka Python kursu, online Python eğitimi","92","Mimarlık & İç Mimarlık için 3D Tasarım ve Görselleştirme Eğitimi Yüz Yüze 100 Saat","82","","0","Mimarlık için 3D Tasarım ve Görselleştirme Eğitimi Online","57","Ne Öğreneceğim?","15","","","","https://unityverseacademy.com/urun/2026-python-bootcamp-sifirdan-python-canli-online-egitimi-8/","","","","","","140452","35701","35701","5,291","","1482","351","4,222","46,365","Hard","7,955","2","2","","30","4","0","1,780","92","46","0","11","11","0","","","","","24dc8ed7c4ef85ef6fe9b1cb3841e28e","0,795","","","","","tr","1.1","","","","","","https://www.unityverseacademy.com/urun/mimarlik-ic-mimarlik-icin-3d-tasarim-ve-gorsellestirme-egitimi-yuz-yuze-100-saat-1592/","2026-07-27 17:45:59"
"https://www.unityverseacademy.com/urun/unity-ile-oyun-gelistirme-yuz-yuze-egitimi-1481/","text/html; charset=utf-8","200","OK","Non-Indexable","Canonicalised","Unity ile 2D & 3D Oyun Geliştirme Kursu – Yüz Yüze Eğitim","57","518","2026 Python bootcamp sıfırdan ileri seviye online kursu. Yapay zeka, veri bilimi ve otomasyon için Python öğrenin!","114","698","Python bootcamp online, sıfırdan Python 2026, yapay zeka Python kursu, online Python eğitimi","92","Unity ile 2D & 3D Oyun Geliştirme Kursu – Yüz Yüze Eğitim","57","","0","Unity ile Oyun Geliştirme Eğitimi","33","Ne Öğreneceğim?","15","","","","https://unityverseacademy.com/urun/2026-python-bootcamp-sifirdan-python-canli-online-egitimi-8/","","","","","","156315","39595","39595","5,868","","2266","454","4,991","18,456","Very Hard","12,044","2","2","","21","4","0","1,780","84","47","0","12","12","0","","","","","9ddc09b6ae22a14985456fb515a62bdd","0,904","","","","","tr","1.1","","","","","","https://www.unityverseacademy.com/urun/unity-ile-oyun-gelistirme-yuz-yuze-egitimi-1481/","2026-07-27 17:45:59"
"https://www.unityverseacademy.com/kategori/oyun-gelistirme-ozel-ders-272/#!","text/html; charset=utf-8","200","OK","Non-Indexable","Canonicalised","Oyun Geliştirme Özel Ders","25","234","Oyun Geliştirme Özel Ders, Özel Dersler","39","238","","0","Oyun Geliştirme Özel Ders","25","","0","","0","","0","","","","https://unityverseacademy.com/kategori/oyun-gelistirme-ozel-ders-272/","","","","","","123807","28168","28168","4,174","","497","164","3,030","73,710","Fairly Easy","3,376","2","2","","2","2","0","0,890","91","44","0","7","7","0","","","","","845894543b51468a1a91de2b857b5999","0,760","","","","","tr","1.1","","","","","","https://www.unityverseacademy.com/kategori/oyun-gelistirme-ozel-ders-272/#!","2026-07-27 17:45:59"
"https://www.unityverseacademy.com/urun/autodesk-fusion-360-endustriyel-urun-tasarimi-uzmanligi-canli-online-ozel-ders-1368/","text/html; charset=utf-8","200","OK","Non-Indexable","Canonicalised","Autodesk Fusion 360 Endüstriyel Ürün Tasarımı Uzmanlığı Canlı (Online) Özel Ders","80","731","2026 Python bootcamp sıfırdan ileri seviye online kursu. Yapay zeka, veri bilimi ve otomasyon için Python öğrenin!","114","698","Python bootcamp online, sıfırdan Python 2026, yapay zeka Python kursu, online Python eğitimi","92","Autodesk Fusion 360 Endüstriyel Ürün Tasarımı Uzmanlığı Canlı (Online) Özel Ders","80","","0","","0","","0","","","","https://unityverseacademy.com/urun/2026-python-bootcamp-sifirdan-python-canli-online-egitimi-8/","","","","","","131911","32084","32084","4,755","","1160","240","4,833","20,841","Very Hard","7,688","2","2","","12","5","0","2,220","75","47","0","10","10","0","","","","","74f648623a11378a7d885febed8fb2c1","0,120","","","","","tr","1.1","","","","","","https://www.unityverseacademy.com/urun/autodesk-fusion-360-endustriyel-urun-tasarimi-uzmanligi-canli-online-ozel-ders-1368/","2026-07-27 17:46:00"
"https://www.unityverseacademy.com/urun/zbrush-ile-organik-modelleme-canli-yuz-yuze-ozel-ders-1533/","text/html; charset=utf-8","200","OK","Non-Indexable","Canonicalised","ZBrush Organik Modelleme Özel Ders – Birebir Yüz Yüze (Sculpting & Anatomi)","75","701","2026 Python bootcamp sıfırdan ileri seviye online kursu. Yapay zeka, veri bilimi ve otomasyon için Python öğrenin!","114","698","Python bootcamp online, sıfırdan Python 2026, yapay zeka Python kursu, online Python eğitimi","92","ZBrush Organik Modelleme Özel Ders – Birebir Yüz Yüze (Sculpting & Anatomi)","75","","0","ZBrush ile Organik Modelleme Eğitimi Eğitmen: Öğr. Gör. Deniz Erbaş (CV'ye erişmek için tıklayınız.) Marmara Üniversitesi Grafik Tasarım ve Yüksek Lisans Sinema TV Mezunu, İstanbul Aydın Üniversitesi Sinema TV bölümünde Doktora (PhD.) eğitimine devam etmektedir.","262","Goz Games Kurucu ortağıdır, sektörde 20 yılı aşkın süredir video kurgu, after effects, animasyon, 3D modelleme ve tasarım alanlarında çalışmaktadır. Ayrıca öğrenciler, Türkiye’nin saygın üniversitelerinin teknoparklarından ve Sanayi ve Teknoloji Bakanlığı’ndan onaylı Ar-Ge Projesi kapsamında dijital heykel ve karakter tasarımı proje ekibinde aktif olarak görev alır ve “ZBrush Proje Geliştirme Sertifikası” almaya hak kazanır. Eğitim sürecinde ZBrush yazılımı ile organik modelleme, karakter anatomisi, detaylandırma ve dijital heykel alanlarında ileri düzey teknik ve sanatsal beceriler geliştirirler. Oluşturdukları karakter ve yaratıcı konsept çalışmalarını ArtStation, CGSociety ve diğer uluslararası dijital sanat platformlarında sergileyerek, oyun, film ve dijital sanat endüstrilerinde profesyonel portföy oluştururlar ve kariyer fırsatlarında önemli bir avantaj elde ederler.","885","","","","https://unityverseacademy.com/urun/2026-python-bootcamp-sifirdan-python-canli-online-egitimi-8/","","","","","","133210","34017","34017","5,041","","1055","243","4,342","25,370","Very Hard","6,862","2","2","","12","5","0","2,220","73","47","0","12","12","0","","","","","cc5155d24660affdf90c8a3e56dbaf6e","0,615","","","","","tr","1.1","","","","","","https://www.unityverseacademy.com/urun/zbrush-ile-organik-modelleme-canli-yuz-yuze-ozel-ders-1533/","2026-07-27 17:46:00"
"https://www.unityverseacademy.com/urun/dijital-oyun-muzigi-teknikleri-yuz-yuze-egitimi-649/","text/html; charset=utf-8","200","OK","Non-Indexable","Canonicalised","Dijital Oyun Müziği Teknikleri Yüz Yüze Eğitimi","47","411","2026 Python bootcamp sıfırdan ileri seviye online kursu. Yapay zeka, veri bilimi ve otomasyon için Python öğrenin!","114","698","Python bootcamp online, sıfırdan Python 2026, yapay zeka Python kursu, online Python eğitimi","92","Dijital Oyun Müziği Teknikleri Yüz Yüze Eğitimi","47","","0","Eğitimimizden kareler:","22","IMG_50372.jpg","13","","","","https://unityverseacademy.com/urun/2026-python-bootcamp-sifirdan-python-canli-online-egitimi-8/","","","","","","151667","53943","53943","7,994","","373","110","3,391","56,874","Fairly Hard","2,265","2","2","","12","5","0","2,220","70","44","0","10","10","0","","","","","45fd24ad69389203aa44f421db1ebdb6","0,201","","","","","tr","1.1","","","","","","https://www.unityverseacademy.com/urun/dijital-oyun-muzigi-teknikleri-yuz-yuze-egitimi-649/","2026-07-27 17:46:00"
"https://www.unityverseacademy.com/urun/rhino-egitimi-24-saat-online-ozel-ders-1131/","text/html; charset=utf-8","200","OK","Non-Indexable","Canonicalised","Rhino Eğitimi 24 Saat Online Özel Ders","38","343","2026 Python bootcamp sıfırdan ileri seviye online kursu. Yapay zeka, veri bilimi ve otomasyon için Python öğrenin!","114","698","Python bootcamp online, sıfırdan Python 2026, yapay zeka Python kursu, online Python eğitimi","92","Rhino Eğitimi 24 Saat Online Özel Ders","38","","0","Eğitimimizden kareler:","22","IMG_50372.jpg","13","","","","https://unityverseacademy.com/urun/2026-python-bootcamp-sifirdan-python-canli-online-egitimi-8/","","","","","","154401","54898","54898","8,136","","570","156","3,654","51,292","Fairly Hard","3,156","2","2","","10","4","0","1,780","72","46","0","10","10","0","","","","","f040a30fe731a9ccc64631ece0c80533","0,215","","","","","tr","1.1","","","","","","https://www.unityverseacademy.com/urun/rhino-egitimi-24-saat-online-ozel-ders-1131/","2026-07-27 17:46:00"
"https://www.unityverseacademy.com/kategori/ses-tasarim-egitimleri-251/#!","text/html; charset=utf-8","200","OK","Non-Indexable","Canonicalised","Ses Tasarımı Yüz Yüze Kursları","30","278","Ses Tasarım Eğitimleri","22","136","","0","Ses Tasarım Eğitimleri","22","","0","","0","","0","","","","https://unityverseacademy.com/kategori/ses-tasarim-egitimleri-251/","","","","","","134242","28618","28618","4,241","","548","186","2,946","63,359","Normal","3,431","2","2","","2","2","0","0,890","103","49","0","7","7","0","","","","","efc59a6505483fd721285c6742c8da3a","0,263","","","","","tr","1.1","","","","","","https://www.unityverseacademy.com/kategori/ses-tasarim-egitimleri-251/#!","2026-07-27 17:46:00"
"https://www.unityverseacademy.com/uploads/p/p/cocuk-ve-gencler-icin-unity-ile-oyun-gelistirme-ozel-ders_1.jpg?v=1764329665","image/jpeg","200","OK","Indexable","","","0","0","","0","0","","0","","0","","0","","0","","0","","","","","","","","","","126145","126145","126145","18,695","","0","","","","","0,000","2","3","","1","1","0","0,440","0","0","0","0","0","0","","","","","","0,106","Wed, 17 Jun 2026 19:04:47 GMT","","","","","1.1","","","","","","https://www.unityverseacademy.com/uploads/p/p/cocuk-ve-gencler-icin-unity-ile-oyun-gelistirme-ozel-ders_1.jpg?v=1764329665","2026-07-27 17:46:00"
"https://www.unityverseacademy.com/uploads/fm/blobid517.jpg","image/jpeg","200","OK","Indexable","","","0","0","","0","0","","0","","0","","0","","0","","0","","","","","","","","","","172607","172607","172607","25,580","","0","","","","","0,000","2","2","","0","0","0","0,000","0","0","0","0","0","0","","","","","","0,149","Wed, 17 Jun 2026 19:04:46 GMT","","","","","1.1","","","","","","https://www.unityverseacademy.com/uploads/fm/blobid517.jpg","2026-07-27 17:46:00"
"https://www.unityverseacademy.com/urun/blender-ile-3d-modelleme-ve-animasyon-egitimi-online-1594/","text/html; charset=utf-8","200","OK","Non-Indexable","Canonicalised","Blender ile 3D Modelleme & Animasyon Kursu – Canlı Online (Rigging, Texturing, Render)","86","787","2026 Python bootcamp sıfırdan ileri seviye online kursu. Yapay zeka, veri bilimi ve otomasyon için Python öğrenin!","114","698","Python bootcamp online, sıfırdan Python 2026, yapay zeka Python kursu, online Python eğitimi","92","Blender ile 3D Modelleme & Animasyon Kursu – Canlı Online (Rigging, Texturing, Render)","86","","0","Blender ile 3D Modelleme Eğitimi","32","Ne Öğreneceğim?","15","","","","https://unityverseacademy.com/urun/2026-python-bootcamp-sifirdan-python-canli-online-egitimi-8/","","","","","","148023","37939","37939","5,623","","2237","505","4,430","17,142","Very Hard","12,597","2","2","","27","5","0","2,220","89","47","0","10","10","0","","","","","8dd2fe35c08bef44a3c649b34403a0b7","0,596","","","","","tr","1.1","","","","","","https://www.unityverseacademy.com/urun/blender-ile-3d-modelleme-ve-animasyon-egitimi-online-1594/","2026-07-27 17:46:00"
"https://www.unityverseacademy.com/urun/it-danismanlik-hizmeti-ozel-ders-1435/","text/html; charset=utf-8","200","OK","Non-Indexable","Canonicalised","IT Danışmanlık Hizmeti Özel Ders","32","298","2026 Python bootcamp sıfırdan ileri seviye online kursu. Yapay zeka, veri bilimi ve otomasyon için Python öğrenin!","114","698","Python bootcamp online, sıfırdan Python 2026, yapay zeka Python kursu, online Python eğitimi","92","IT Danışmanlık Hizmeti Özel Ders","32","","0","Eğitim Koordinatörü: Prof. Dr. Çetin Kaya Koç (CV'ye erişmek için tıklayınız)","77","","0","","","","https://unityverseacademy.com/urun/2026-python-bootcamp-sifirdan-python-canli-online-egitimi-8/","","","","","","121447","30927","30927","4,583","","503","140","3,593","46,771","Hard","3,695","2","2","","10","4","0","1,780","72","46","0","11","11","0","","","","","58e332cd6d47f3103329c12ca4fb2de","0,106","","","","","tr","1.1","","","","","","https://www.unityverseacademy.com/urun/it-danismanlik-hizmeti-ozel-ders-1435/","2026-07-27 17:46:01"
"https://www.unityverseacademy.com/urun/2b-cizgi-film-ve-animasyon-yuz-yuze-egitimi-614/","text/html; charset=utf-8","200","OK","Non-Indexable","Canonicalised","2B Çizgi Film ve Animasyon Yüz Yüze Eğitimi","43","400","2026 Python bootcamp sıfırdan ileri seviye online kursu. Yapay zeka, veri bilimi ve otomasyon için Python öğrenin!","114","698","Python bootcamp online, sıfırdan Python 2026, yapay zeka Python kursu, online Python eğitimi","92","2B Çizgi Film ve Animasyon Yüz Yüze Eğitimi","43","","0","2B Çizgi Film ve Animasyon Uzmanlığı Eğitimi Eğitmen: Nevin Eryılmaz (CV için tıklayınız.) Nevin Eryılmaz, geleneksel ve dijital tasarım alanlarındaki 20 yılı aşkın sektör deneyimi yanı sıra, İstinye Üniversitesi'nde Bilgisayar Destekli Tasarım ve Animasyon önlisans ve Dijital Oyun Tasarımı lisans programlarının kurucusudur. Üniversitenin Dijital Oyun Tasarımı bölümündeki tasarım ve yazılım merkezli eğitim anlayışının öncüsü olmakla beraber, 2021 yılında aynı üniversitede Türkiye'nin ilk YÖK onaylı Dijital Oyun Araştırma Merkezi olan Dijital Oyun Geliştirme ve Animasyon Araştırma Uygulama Merkezi'ni kurmuştur ve iki sene boyunca Merkez Müdürü olarak görev almıştır. Merkez'de üniversitenin Animasyon ve Dijital Oyun Tasarımı programlarındaki öğrencilerin kendi oyunlarını geliştirerek oyun marketlerinde yayınlaması ve ticarileşmeleri desteklenmiştir. Eryılmaz'ın sektör ve akademi deneyimli kadrosunun etkisi ile, İstinye Üniversitesi Dijital Oyun Tasarımı bölümü iki senede Türkiye'nin ilk tercih edilen 3 üniversitesi arasına yerleşmiştir. Eryılmaz'ın Milli Eğitim Bakanlığı ve çeşitli dijital oyun şirketleri ortaklığında gerçekleşen proje ve çalışmaları devam etmektedir.","1184","Öğr. Gör. Nevin Eryılmaz'ın katıldığı programlardan bir kaçı:","61","","","","https://unityverseacademy.com/urun/2026-python-bootcamp-sifirdan-python-canli-online-egitimi-8/","","","","","","169765","56297","56297","8,343","","1884","414","4,551","9,172","Very Hard","9,506","2","2","","50","5","0","2,220","111","46","0","11","11","0","","","","","c644ea9e060ab9d2f2e7e8f88a693afa","0,133","","","","","tr","1.1","","","","","","https://www.unityverseacademy.com/urun/2b-cizgi-film-ve-animasyon-yuz-yuze-egitimi-614/","2026-07-27 17:46:01"
"https://www.unityverseacademy.com/uploads/fm/ACP_Logo_Adobe_Certified_Professional_Adobe_Photoshop_digital_badge.png","image/png","200","OK","Indexable","","","0","0","","0","0","","0","","0","","0","","0","","0","","","","","","","","","","14911","14911","14911","2,210","","0","","","","","0,000","2","2","","0","0","0","0,000","0","0","0","0","0","0","","","","","","0,367","Wed, 17 Jun 2026 19:04:45 GMT","","","","","1.1","","","","","","https://www.unityverseacademy.com/uploads/fm/ACP_Logo_Adobe_Certified_Professional_Adobe_Photoshop_digital_badge.png","2026-07-27 17:46:01"
"https://www.unityverseacademy.com/uploads/fm/blobid138.jpg","image/jpeg","200","OK","Indexable","","","0","0","","0","0","","0","","0","","0","","0","","0","","","","","","","","","","220270","220270","220270","32,644","","0","","","","","0,000","2","2","","0","0","0","0,000","0","0","0","0","0","0","","","","","","0,110","Wed, 17 Jun 2026 19:04:46 GMT","","","","","1.1","","","","","","https://www.unityverseacademy.com/uploads/fm/blobid138.jpg","2026-07-27 17:46:01"
"https://www.unityverseacademy.com/uploads/p/p/36-saat-kapsamli-zbrush-modelleme-egitimi-yuz-yuze_1.jpg?v=1762940389","image/jpeg","200","OK","Indexable","","","0","0","","0","0","","0","","0","","0","","0","","0","","","","","","","","","","146303","146303","146303","21,682","","0","","","","","0,000","2","3","","1","1","0","0,440","0","0","0","0","0","0","","","","","","0,461","Wed, 17 Jun 2026 19:04:47 GMT","","","","","1.1","","","","","","https://www.unityverseacademy.com/uploads/p/p/36-saat-kapsamli-zbrush-modelleme-egitimi-yuz-yuze_1.jpg?v=1762940389","2026-07-27 17:46:01"
"https://www.unityverseacademy.com/blog-detay/3dsmax-kursu-294/","text/html; charset=utf-8","200","OK","Non-Indexable","Canonicalised","3DSMax Kursu","12","131","3dsmax eğitimi bilgilendirme yazısı","35","213","unreal engine,","14","3DSMax Kursu","12","","0","3ds Max Nedir? Profesyonel 3D Modelleme, Render ve Animasyon Rehberi","68","3ds Max ile Neler Yapabilirsiniz?","33","","","","https://unityverseacademy.com/blog-detay/3dsmax-kursu-294/","","","","","","99442","25310","25310","3,751","","763","176","4,335","36,783","Hard","6,529","2","2","","31","29","0","12,890","80","54","0","7","7","0","","","","","5c1ec151ec34bc87f60ebb242c5c428d","0,492","","","","","tr","1.1","","","","","","https://www.unityverseacademy.com/blog-detay/3dsmax-kursu-294/","2026-07-27 17:46:01"
"https://www.unityverseacademy.com/uploads/fm/3boyuntlu_modelleme_ve_animasyon10.jpg","image/jpeg","200","OK","Indexable","","","0","0","","0","0","","0","","0","","0","","0","","0","","","","","","","","","","85535","85535","85535","12,676","","0","","","","","0,000","2","2","","0","0","0","0,000","0","0","0","0","0","0","","","","","","0,143","Wed, 17 Jun 2026 19:04:45 GMT","","","","","1.1","","","","","","https://www.unityverseacademy.com/uploads/fm/3boyuntlu_modelleme_ve_animasyon10.jpg","2026-07-27 17:46:01"
"https://www.unityverseacademy.com/public/tema10/js/fancybox/jquery-3.3.1.js?v=5.4.94","application/javascript; charset=UTF-8","200","OK","Indexable","","","0","0","","0","0","","0","","0","","0","","0","","0","","","","","","","","","","0","0","0","0,000","","0","","","","","0,000","2","4","","0","0","0","0,000","0","0","0","0","0","0","","","","","","0,467","Wed, 17 Jun 2026 19:04:45 GMT","","","","","1.1","","","","","","https://www.unityverseacademy.com/public/tema10/js/fancybox/jquery-3.3.1.js?v=5.4.94","2026-07-27 17:46:01"
"https://www.unityverseacademy.com/uploads/fm/ACP_Logo_Adobe_Certified_Professional_Adobe_InDesign_digital_badge.png","image/png","200","OK","Indexable","","","0","0","","0","0","","0","","0","","0","","0","","0","","","","","","","","","","13378","13378","13378","1,983","","0","","","","","0,000","2","2","","0","0","0","0,000","0","0","0","0","0","0","","","","","","0,461","Wed, 17 Jun 2026 19:04:45 GMT","","","","","1.1","","","","","","https://www.unityverseacademy.com/uploads/fm/ACP_Logo_Adobe_Certified_Professional_Adobe_InDesign_digital_badge.png","2026-07-27 17:46:01"
"https://www.unityverseacademy.com/urun/unreal-engine-ile-sanal-gerceklik-yuz-yuze-egitim-654/","text/html; charset=utf-8","200","OK","Non-Indexable","Canonicalised","Unreal Engine 5 ile VR / Sanal Gerçeklik Geliştirme Kursu – Yüz Yüze","68","611","2026 Python bootcamp sıfırdan ileri seviye online kursu. Yapay zeka, veri bilimi ve otomasyon için Python öğrenin!","114","698","Python bootcamp online, sıfırdan Python 2026, yapay zeka Python kursu, online Python eğitimi","92","Unreal Engine 5 ile VR / Sanal Gerçeklik Geliştirme Kursu – Yüz Yüze","68","","0","Unreal Engine ile Sanal Gerçeklik Eğitimi","41","Eğitmen: Burak Kaya","19","","","","https://unityverseacademy.com/urun/2026-python-bootcamp-sifirdan-python-canli-online-egitimi-8/","","","","","","138819","35566","35566","5,271","","1600","366","4,372","12,312","Very Hard","9,871","2","2","","10","4","0","1,780","73","46","0","12","11","0","","","","","c3a5013fa888ce50eb81a91eb8d5963b","0,460","","","","","tr","1.1","","","","","","https://www.unityverseacademy.com/urun/unreal-engine-ile-sanal-gerceklik-yuz-yuze-egitim-654/","2026-07-27 17:46:01"
"https://www.unityverseacademy.com/uploads/fm/ACP_Logo_Adobe_Certified_Professional_Adobe_Premiere_Pro_digital_badge.png","image/png","200","OK","Indexable","","","0","0","","0","0","","0","","0","","0","","0","","0","","","","","","","","","","13190","13190","13190","1,955","","0","","","","","0,000","2","2","","0","0","0","0,000","0","0","0","0","0","0","","","","","","0,134","Wed, 17 Jun 2026 19:04:45 GMT","","","","","1.1","","","","","","https://www.unityverseacademy.com/uploads/fm/ACP_Logo_Adobe_Certified_Professional_Adobe_Premiere_Pro_digital_badge.png","2026-07-27 17:46:02"
"https://www.unityverseacademy.com/urun/zbrush-ile-organik-modelleme-canli-online-ozel-ders-24-saat-1297/","text/html; charset=utf-8","200","OK","Non-Indexable","Canonicalised","ZBrush ile Organik Modelleme Canlı (Online) Özel Ders 24 SAAT","61","567","2026 Python bootcamp sıfırdan ileri seviye online kursu. Yapay zeka, veri bilimi ve otomasyon için Python öğrenin!","114","698","Python bootcamp online, sıfırdan Python 2026, yapay zeka Python kursu, online Python eğitimi","92","ZBrush ile Organik Modelleme Canlı (Online) Özel Ders 24 SAAT","61","","0","Öğrencilerimizin İlham Verici Başarı Hikayelerini Keşfedin https://unityverseacademy.com/blog/10","96","ZBrush ile Organik Modelleme Eğitimi Eğitmen: Öğr. Gör. Deniz Erbaş (CV'ye erişmek için tıklayınız.) Marmara Üniversitesi Grafik Tasarım ve Yüksek Lisans Sinema TV Mezunu, İstanbul Aydın Üniversitesi Sinema TV bölümünde Doktora (PhD.) eğitimine devam etmektedir.","262","","","","https://unityverseacademy.com/urun/2026-python-bootcamp-sifirdan-python-canli-online-egitimi-8/","","","","","","127402","32252","32252","4,780","","637","158","4,032","35,269","Hard","4,432","2","2","","12","5","0","2,220","73","47","0","11","11","0","","","","","565e389cdb274278b1bb83bf70817e3c","0,441","","","","","tr","1.1","","","","","","https://www.unityverseacademy.com/urun/zbrush-ile-organik-modelleme-canli-online-ozel-ders-24-saat-1297/","2026-07-27 17:46:01"
"https://www.unityverseacademy.com/uploads/fm/blobid718.jpg","image/jpeg","200","OK","Indexable","","","0","0","","0","0","","0","","0","","0","","0","","0","","","","","","","","","","148338","148338","148338","21,984","","0","","","","","0,000","2","2","","0","0","0","0,000","0","0","0","0","0","0","","","","","","0,493","Wed, 17 Jun 2026 19:04:46 GMT","","","","","1.1","","","","","","https://www.unityverseacademy.com/uploads/fm/blobid718.jpg","2026-07-27 17:46:01"
"https://www.unityverseacademy.com/urun/mimarlik-ic-mimarlik-icin-3d-tasarim-ve-gorsellestirme-egitimi-yuz-yuze-1504/","text/html; charset=utf-8","200","OK","Non-Indexable","Canonicalised","Mimarlık & İç Mimarlık için 3D Tasarım ve Görselleştirme Eğitimi Yüz Yüze","73","659","2026 Python bootcamp sıfırdan ileri seviye online kursu. Yapay zeka, veri bilimi ve otomasyon için Python öğrenin!","114","698","Python bootcamp online, sıfırdan Python 2026, yapay zeka Python kursu, online Python eğitimi","92","Mimarlık & İç Mimarlık için 3D Tasarım ve Görselleştirme Eğitimi Yüz Yüze","73","","0","Mimarlık & İç Mimarlık için 3D Tasarım ve Görselleştirme Eğitimi Online","71","Ne Öğreneceğim?","15","","","","https://unityverseacademy.com/urun/2026-python-bootcamp-sifirdan-python-canli-online-egitimi-8/","","","","","","147302","38552","38552","5,713","","2387","623","3,831","49,128","Hard","12,110","2","2","","10","4","0","1,780","72","46","0","11","11","0","","","","","29f143ec07144a1f35b2b2b9b133966d","0,329","","","","","tr","1.1","","","","","","https://www.unityverseacademy.com/urun/mimarlik-ic-mimarlik-icin-3d-tasarim-ve-gorsellestirme-egitimi-yuz-yuze-1504/","2026-07-27 17:46:02"
"https://www.unityverseacademy.com/uploads/fm/blobid043.jpg","image/jpeg","200","OK","Indexable","","","0","0","","0","0","","0","","0","","0","","0","","0","","","","","","","","","","189354","189354","189354","28,062","","0","","","","","0,000","2","2","","0","0","0","0,000","0","0","0","0","0","0","","","","","","0,591","Wed, 17 Jun 2026 19:04:46 GMT","","","","","1.1","","","","","","https://www.unityverseacademy.com/uploads/fm/blobid043.jpg","2026-07-27 17:46:02"
"https://www.unityverseacademy.com/uploads/p/p/blender-ve-marvelous-designer-onlinecanli-egitimi_2.jpg?v=1762940584","image/jpeg","200","OK","Indexable","","","0","0","","0","0","","0","","0","","0","","0","","0","","","","","","","","","","163932","163932","163932","24,295","","0","","","","","0,000","2","3","","1","1","0","0,440","0","0","0","0","0","0","","","","","","0,131","Wed, 17 Jun 2026 19:04:47 GMT","","","","","1.1","","","","","","https://www.unityverseacademy.com/uploads/p/p/blender-ve-marvelous-designer-onlinecanli-egitimi_2.jpg?v=1762940584","2026-07-27 17:46:02"
"https://www.unityverseacademy.com/urun/marvelous-designer-ile-giysi-tasarimi-yuz-yuze-egitimi-600/","text/html; charset=utf-8","200","OK","Non-Indexable","Canonicalised","Marvelous Designer ile Dijital Giysi & Kumaş Tasarımı Kursu – Yüz Yüze","70","638","2026 Python bootcamp sıfırdan ileri seviye online kursu. Yapay zeka, veri bilimi ve otomasyon için Python öğrenin!","114","698","Python bootcamp online, sıfırdan Python 2026, yapay zeka Python kursu, online Python eğitimi","92","Marvelous Designer ile Dijital Giysi & Kumaş Tasarımı Kursu – Yüz Yüze","70","","0","pcySXNzep82JPsEnPLYjVd.jpg","26","","0","","","","https://unityverseacademy.com/urun/2026-python-bootcamp-sifirdan-python-canli-online-egitimi-8/","","","","","","170400","57254","57254","8,485","","2288","484","4,727","12,722","Very Hard","11,349","2","2","","12","5","0","2,220","73","46","0","11","11","0","","","","","8ea811b5671dac62203c27b7d792fa5e","0,862","","","","","tr","1.1","","","","","","https://www.unityverseacademy.com/urun/marvelous-designer-ile-giysi-tasarimi-yuz-yuze-egitimi-600/","2026-07-27 17:46:01"
"https://www.unityverseacademy.com/kategori/animasyon-egitimleri-248/#!","text/html; charset=utf-8","200","OK","Non-Indexable","Canonicalised","Animasyon Eğitimleri","20","189","Animasyon Eğitimleri","20","130","","0","Animasyon Eğitimleri","20","","0","","0","","0","","","","https://unityverseacademy.com/kategori/animasyon-egitimleri-248/","","","","","","141941","29016","29016","4,300","","630","203","3,103","63,222","Normal","3,613","2","2","","2","2","0","0,890","112","52","0","7","7","0","","","","","740f0ca46cd272a6ccdd9f5327a06255","0,544","","","","","tr","1.1","","","","","","https://www.unityverseacademy.com/kategori/animasyon-egitimleri-248/#!","2026-07-27 17:46:02"
"https://www.unityverseacademy.com/uploads/p/p/fizik-egitimi-ozel-ders_2.jpg?v=1757943503","image/jpeg","200","OK","Indexable","","","0","0","","0","0","","0","","0","","0","","0","","0","","","","","","","","","","417627","417627","417627","61,892","","0","","","","","0,000","2","3","","1","1","0","0,440","0","0","0","0","0","0","","","","","","0,156","Thu, 18 Jun 2026 12:14:51 GMT","","","","","1.1","","","","","","https://www.unityverseacademy.com/uploads/p/p/fizik-egitimi-ozel-ders_2.jpg?v=1757943503","2026-07-27 17:46:02"
"https://www.unityverseacademy.com/uploads/fm/blobid238.jpg","image/jpeg","200","OK","Indexable","","","0","0","","0","0","","0","","0","","0","","0","","0","","","","","","","","","","213204","213204","213204","31,597","","0","","","","","0,000","2","2","","0","0","0","0,000","0","0","0","0","0","0","","","","","","0,176","Wed, 17 Jun 2026 19:04:46 GMT","","","","","1.1","","","","","","https://www.unityverseacademy.com/uploads/fm/blobid238.jpg","2026-07-27 17:46:02"
"https://www.unityverseacademy.com/uploads/p/p/film-ve-animasyon-icin-storyboard-canli-online-egitimi_1.jpg?v=1759407755","image/jpeg","200","OK","Indexable","","","0","0","","0","0","","0","","0","","0","","0","","0","","","","","","","","","","169420","169420","169420","25,108","","0","","","","","0,000","2","3","","1","1","0","0,440","0","0","0","0","0","0","","","","","","0,652","Wed, 17 Jun 2026 19:04:47 GMT","","","","","1.1","","","","","","https://www.unityverseacademy.com/uploads/p/p/film-ve-animasyon-icin-storyboard-canli-online-egitimi_1.jpg?v=1759407755","2026-07-27 17:46:02"
"https://www.unityverseacademy.com/uploads/p/p/ayrik-matematik-discrete-mathematics-egitimi-ozel-ders_1.jpg?v=1759324738","image/jpeg","200","OK","Indexable","","","0","0","","0","0","","0","","0","","0","","0","","0","","","","","","","","","","160634","160634","160634","23,806","","0","","","","","0,000","2","3","","1","1","0","0,440","0","0","0","0","0","0","","","","","","0,823","Thu, 18 Jun 2026 12:14:51 GMT","","","","","1.1","","","","","","https://www.unityverseacademy.com/uploads/p/p/ayrik-matematik-discrete-mathematics-egitimi-ozel-ders_1.jpg?v=1759324738","2026-07-27 17:46:02"
"https://www.unityverseacademy.com/urun/blender-ile-3d-modelleme-yuzyuze-ozel-ders-40-saat-1641/","text/html; charset=utf-8","200","OK","Non-Indexable","Canonicalised","Blender ile 3D Modelleme (Yüzyüze) Özel Ders 40 SAAT","52","494","2026 Python bootcamp sıfırdan ileri seviye online kursu. Yapay zeka, veri bilimi ve otomasyon için Python öğrenin!","114","698","Python bootcamp online, sıfırdan Python 2026, yapay zeka Python kursu, online Python eğitimi","92","Blender ile 3D Modelleme (Yüzyüze) Özel Ders 40 SAAT","52","Blender ile 3D Modelleme Eğitimi","32","Öğrencilerimizin İlham Verici Başarı Hikayelerini Keşfedin https://unityverseacademy.com/blog/10","96","Ne Öğreneceğim?","15","","","","https://unityverseacademy.com/urun/2026-python-bootcamp-sifirdan-python-canli-online-egitimi-8/","","","","","","151596","50107","50107","7,426","","909","200","4,545","34,604","Hard","5,042","2","2","","12","5","0","2,220","74","47","0","10","10","0","","","","","1aae65b8183f7552b1fb7a45ec2658ee","0,737","","","","","tr","1.1","","","","","","https://www.unityverseacademy.com/urun/blender-ile-3d-modelleme-yuzyuze-ozel-ders-40-saat-1641/","2026-07-27 17:46:03"
"https://www.unityverseacademy.com/uploads/p/p/2b-cizgi-film-ve-animasyon-uzmanligi-canli-online-egitimi_2.jpg?v=1759405086","image/jpeg","200","OK","Indexable","","","0","0","","0","0","","0","","0","","0","","0","","0","","","","","","","","","","162717","162717","162717","24,115","","0","","","","","0,000","2","3","","2","2","0","0,890","0","0","0","0","0","0","","","","","","0,614","Wed, 17 Jun 2026 19:04:47 GMT","","","","","1.1","","","","","","https://www.unityverseacademy.com/uploads/p/p/2b-cizgi-film-ve-animasyon-uzmanligi-canli-online-egitimi_2.jpg?v=1759405086","2026-07-27 17:46:03"
"https://www.unityverseacademy.com/blog-detay/substance-painter-egitimi-286/","text/html; charset=utf-8","200","OK","Non-Indexable","Canonicalised","Substance Painter Eğitimi","25","231","Substance Painter Eğitimi Bilgilendirmesi","41","251","unreal engine,","14","Substance Painter Eğitimi","25","","0","Substance Painter İleri Seviye — PBR Texture, Smart Materials ve Üretim Pipeline Rehberi","88","Substance Painter ile Neler Yapabilirsiniz?","43","","","","https://unityverseacademy.com/blog-detay/substance-painter-egitimi-286/","","","","","","99076","25235","25235","3,740","","723","167","4,329","44,825","Hard","6,079","2","2","","31","29","0","12,890","80","54","0","7","7","0","","","","","d020571d95410a8b851ec44778846f7f","0,911","","","","","tr","1.1","","","","","","https://www.unityverseacademy.com/blog-detay/substance-painter-egitimi-286/","2026-07-27 17:46:03"
"https://www.unityverseacademy.com/uploads/fm/ilyas_sözüer_cfa422_portfolyo.pdf","application/pdf","200","OK","Indexable","","PowerPoint Sunusu","17","175","","0","0","","0","","0","","0","","0","","0","","","","","","","","","","1758290","1758290","1758290","260,579","","0","","","","","0,000","2","2","","2","2","0","0,890","0","0","0","0","0","0","","","","","","0,158","Thu, 18 Jun 2026 12:21:14 GMT","","","","","1.1","","","","","","https://www.unityverseacademy.com/uploads/fm/ilyas_s%C3%B6z%C3%BCer_cfa422_portfolyo.pdf","2026-07-27 17:46:00"
"https://www.unityverseacademy.com/uploads/p/p/yonetmenlik-ve-sinematografiye-giris-yuz-yuze-egitimi_1.jpg?v=1759394204","image/jpeg","200","OK","Indexable","","","0","0","","0","0","","0","","0","","0","","0","","0","","","","","","","","","","132861","132861","132861","19,690","","0","","","","","0,000","2","3","","1","1","0","0,440","0","0","0","0","0","0","","","","","","0,091","Wed, 17 Jun 2026 19:04:47 GMT","","","","","1.1","","","","","","https://www.unityverseacademy.com/uploads/p/p/yonetmenlik-ve-sinematografiye-giris-yuz-yuze-egitimi_1.jpg?v=1759394204","2026-07-27 17:46:04"
"https://www.unityverseacademy.com/uploads/p/p/cocuklar-icin-minecraft-ile-kodlama-egitimi_1.webp?v=1780424011","image/webp","200","OK","Indexable","","","0","0","","0","0","","0","","0","","0","","0","","0","","","","","","","","","","141338","141338","141338","20,946","","0","","","","","0,000","2","3","","1","1","0","0,440","0","0","0","0","0","0","","","","","","0,498","Thu, 18 Jun 2026 12:14:51 GMT","","","","","1.1","","","","","","https://www.unityverseacademy.com/uploads/p/p/cocuklar-icin-minecraft-ile-kodlama-egitimi_1.webp?v=1780424011","2026-07-27 17:46:03"
"https://www.unityverseacademy.com/uploads/p/p/matematik-egitimi-ozel-ders_2.jpg?v=1757940484","image/jpeg","200","OK","Indexable","","","0","0","","0","0","","0","","0","","0","","0","","0","","","","","","","","","","425973","425973","425973","63,129","","0","","","","","0,000","2","3","","1","1","0","0,440","0","0","0","0","0","0","","","","","","0,325","Thu, 18 Jun 2026 12:14:51 GMT","","","","","1.1","","","","","","https://www.unityverseacademy.com/uploads/p/p/matematik-egitimi-ozel-ders_2.jpg?v=1757940484","2026-07-27 17:46:04"
"https://www.unityverseacademy.com/urun/c-programlama-canli-online-egitimi-10","text/html; charset=utf-8","200","OK","Non-Indexable","Canonicalised","C# (C Sharp) Programlama Kursu – Canlı Online Eğitim","52","491","2026 Python bootcamp sıfırdan ileri seviye online kursu. Yapay zeka, veri bilimi ve otomasyon için Python öğrenin!","114","698","Python bootcamp online, sıfırdan Python 2026, yapay zeka Python kursu, online Python eğitimi","92","C# (C Sharp) Programlama Kursu – Canlı Online Eğitim","52","","0","C# Programlama Eğitimi","22","C# Kursu | Ne Öğreneceğim?","26","","","","https://unityverseacademy.com/urun/2026-python-bootcamp-sifirdan-python-canli-online-egitimi-8/","","","","","","149448","38956","38956","5,773","","2467","517","4,772","9,507","Very Hard","14,216","2","1","","11","2","0","0,890","79","46","0","13","12","0","","","","","db5ac08f1c8a0d10c76c3857a1ef33b4","0,441","","","","","tr","1.1","","","","","","https://www.unityverseacademy.com/urun/c-programlama-canli-online-egitimi-10","2026-07-27 17:46:04"
"https://www.unityverseacademy.com/urun/veri-yapilari-egitimi-ozel-ders-1433/","text/html; charset=utf-8","200","OK","Non-Indexable","Canonicalised","Veri Yapıları Eğitimi Özel Ders","31","266","2026 Python bootcamp sıfırdan ileri seviye online kursu. Yapay zeka, veri bilimi ve otomasyon için Python öğrenin!","114","698","Python bootcamp online, sıfırdan Python 2026, yapay zeka Python kursu, online Python eğitimi","92","Veri Yapıları Eğitimi Özel Ders","31","","0","Eğitim Koordinatörü: Doç. Dr. Ali Çivril(CV için tıklayınız.)","61","","0","","","","https://unityverseacademy.com/urun/2026-python-bootcamp-sifirdan-python-canli-online-egitimi-8/","","","","","","121379","30886","30886","4,577","","498","141","3,532","44,753","Hard","3,673","2","2","","10","4","0","1,780","72","46","0","11","11","0","","","","","d79e50ce305feedfbd4cd5bb1bb447e7","0,480","","","","","tr","1.1","","","","","","https://www.unityverseacademy.com/urun/veri-yapilari-egitimi-ozel-ders-1433/","2026-07-27 17:46:04"
"https://www.unityverseacademy.com/urun/yonetmenlik-ve-sinematografiye-giris-canli-online-egitimi-585/","text/html; charset=utf-8","200","OK","Non-Indexable","Canonicalised","Yönetmenlik ve Sinematografiye Giriş Canlı (Online) Eğitimi","59","529","2026 Python bootcamp sıfırdan ileri seviye online kursu. Yapay zeka, veri bilimi ve otomasyon için Python öğrenin!","114","698","Python bootcamp online, sıfırdan Python 2026, yapay zeka Python kursu, online Python eğitimi","92","Yönetmenlik ve Sinematografiye Giriş Canlı (Online) Eğitimi","59","","0","","0","Eğitimimizden kareler:","22","","","","https://unityverseacademy.com/urun/2026-python-bootcamp-sifirdan-python-canli-online-egitimi-8/","","","","","","168920","57824","57824","8,570","","1787","398","4,490","5,809","Very Hard","9,165","2","2","","10","4","0","1,780","73","46","0","12","11","0","","","","","534ea410c997907ff958f41d04c576fe","0,546","","","","","tr","1.1","","","","","","https://www.unityverseacademy.com/urun/yonetmenlik-ve-sinematografiye-giris-canli-online-egitimi-585/","2026-07-27 17:46:04"
"https://www.unityverseacademy.com/urun/lineer-cebir-linear-algebra-egitimi-ozel-ders-1432/","text/html; charset=utf-8","200","OK","Non-Indexable","Canonicalised","Lineer Cebir (Linear Algebra) Eğitimi Özel Ders","47","415","2026 Python bootcamp sıfırdan ileri seviye online kursu. Yapay zeka, veri bilimi ve otomasyon için Python öğrenin!","114","698","Python bootcamp online, sıfırdan Python 2026, yapay zeka Python kursu, online Python eğitimi","92","Lineer Cebir (Linear Algebra) Eğitimi Özel Ders","47","","0","Eğitim Koordinatörü: Doç. Dr. Ali Çivril(CV için tıklayınız.)","61","","0","","","","https://unityverseacademy.com/urun/2026-python-bootcamp-sifirdan-python-canli-online-egitimi-8/","","","","","","121669","30924","30924","4,583","","502","141","3,560","44,301","Hard","3,690","2","2","","10","4","0","1,780","72","46","0","11","11","0","","","","","811b1c9dc133983ea60732ad0828ec34","0,208","","","","","tr","1.1","","","","","","https://www.unityverseacademy.com/urun/lineer-cebir-linear-algebra-egitimi-ozel-ders-1432/","2026-07-27 17:46:04"
"https://www.unityverseacademy.com/uploads/p/p/dijital-oyun-muzigi-teknikleri-yuz-yuze-egitimi_2.jpg?v=1759590509","image/jpeg","200","OK","Indexable","","","0","0","","0","0","","0","","0","","0","","0","","0","","","","","","","","","","107838","107838","107838","15,982","","0","","","","","0,000","2","3","","1","1","0","0,440","0","0","0","0","0","0","","","","","","0,097","Wed, 17 Jun 2026 19:04:47 GMT","","","","","1.1","","","","","","https://www.unityverseacademy.com/uploads/p/p/dijital-oyun-muzigi-teknikleri-yuz-yuze-egitimi_2.jpg?v=1759590509","2026-07-27 17:46:04"
"https://unityverseacademy.com/kategori/staj-garantili-egitimler-266/","text/html; charset=utf-8","200","OK","Indexable","","Staj Garantili Eğitimler, Yazılım Eğitimleri","44","366","Staj Garantili Eğitimler, Yazılım Eğitimleri","44","247","","0","Staj Garantili Eğitimler","24","","0","","0","","0","","","","https://unityverseacademy.com/kategori/staj-garantili-egitimler-266/","","","","","","138241","28953","28953","4,291","","614","195","3,149","67,094","Normal","3,610","2","2","","23","15","0","6,670","109","50","0","7","7","0","","","","","d44e99adb63b9774e4614d900911206d","0,464","","","","","tr","1.1","","","","","","https://unityverseacademy.com/kategori/staj-garantili-egitimler-266/","2026-07-27 17:46:04"
"https://www.unityverseacademy.com/blog-detay/unityverse-academy-mezunu-turgay-sefa-sarigedikin-basari-hikâyesi-313/","text/html; charset=utf-8","200","OK","Non-Indexable","Canonicalised","Unityverse Academy Mezunu Turgay Sefa Sarıgedik’in Başarı Hikâyesi","66","619","unityverse academy blog","23","154","unreal engine,","14","Unityverse Academy Mezunu Turgay Sefa Sarıgedik’in Başarı Hikâyesi","66","","0","Rast Mobile’da Staj Yaptı, Etiya’da İşe Girdi: Unityverse Academy Mezunu Turgay Sefa Sarıgedik’in Başarı Hikâyesi","113","Unityverse Academy’de Yazılım Test Otomasyonu Eğitimi","53","","","","https://unityverseacademy.com/blog-detay/unityverse-academy-mezunu-turgay-sefa-sarigedikin-basari-hikâyesi-313/","","","","","","100221","25378","25378","3,761","","825","171","4,825","23,817","Very Hard","6,951","2","2","","31","29","0","12,890","80","54","0","7","7","0","","","","","9b0c2f9e311a4c0775f4046396c6e4af","0,181","","","","","tr","1.1","","","","","","https://www.unityverseacademy.com/blog-detay/unityverse-academy-mezunu-turgay-sefa-sarigedikin-basari-hik%C3%A2yesi-313/","2026-07-27 17:46:05"
"https://unityverseacademy.com/kategori/3d-modelleme-egitimleri-247/","text/html; charset=utf-8","200","OK","Indexable","","3B Modelleme Eğitimleri","23","218","3d eğitim, blender, modelleme, modelling, substance 3d, maya, autodesk, maya kursu, maya eğitimi, maya","102","648","3d eğitim, blender, modelleme, modelling, substance 3d, maya, autodesk, maya kursu, maya eğitimi, maya","102","3D Modelleme Eğitimleri","23","","0","","0","","0","","","","https://unityverseacademy.com/kategori/3d-modelleme-egitimleri-247/","","","","","","188455","31344","31344","4,645","","1147","318","3,607","65,395","Normal","4,442","2","2","","44","15","0","6,670","172","72","0","7","7","0","","","","","a16af15f671d7687da7e099615d2955f","0,489","","","","","tr","1.1","","","","","","https://unityverseacademy.com/kategori/3d-modelleme-egitimleri-247/","2026-07-27 17:46:04"
"https://www.unityverseacademy.com/urun/rhino-egitimi-40-saat-online-1507/","text/html; charset=utf-8","200","OK","Non-Indexable","Canonicalised","Rhino Eğitimi 40 Saat Online","28","252","2026 Python bootcamp sıfırdan ileri seviye online kursu. Yapay zeka, veri bilimi ve otomasyon için Python öğrenin!","114","698","Python bootcamp online, sıfırdan Python 2026, yapay zeka Python kursu, online Python eğitimi","92","Rhino Eğitimi 40 Saat Online","28","","0","Eğitimimizden kareler:","22","IMG_50372.jpg","13","","","","https://unityverseacademy.com/urun/2026-python-bootcamp-sifirdan-python-canli-online-egitimi-8/","","","","","","124472","31410","31410","4,655","","557","154","3,617","52,950","Fairly Hard","3,838","2","2","","10","4","0","1,780","71","45","0","10","10","0","","","","","e7a3c18a8ccb60f2f91d90fb45d05812","0,198","","","","","tr","1.1","","","","","","https://www.unityverseacademy.com/urun/rhino-egitimi-40-saat-online-1507/","2026-07-27 17:46:05"
"https://unityverseacademy.com/siparis-takip/","text/html; charset=utf-8","200","OK","Indexable","","Sipariş Takip","13","115","Sipariş Takip","13","79","Sipariş Takip","13","","0","","0","Sipariş Takip","13","","0","","","","https://unityverseacademy.com/siparis-takip/","","","","","","91373","22630","22630","3,354","","235","80","2,938","66,693","Normal","2,675","2","1","","32","15","0","6,670","64","40","0","7","7","0","","","","","3a770e3e95b05f706557d503e5a0b93c","0,107","","","","","tr","1.1","","","","","","https://unityverseacademy.com/siparis-takip/","2026-07-27 17:46:05"
"https://www.unityverseacademy.com/urun/autodesk-fusion-360-endustriyel-urun-tasarimi-uzmanligi-yuz-yuze-ozel-ders-20-saat-1591/","text/html; charset=utf-8","200","OK","Non-Indexable","Canonicalised","Autodesk Fusion 360 Endüstriyel Ürün Tasarımı Uzmanlığı Yüz Yüze Özel Ders 20 saat","82","763","2026 Python bootcamp sıfırdan ileri seviye online kursu. Yapay zeka, veri bilimi ve otomasyon için Python öğrenin!","114","698","Python bootcamp online, sıfırdan Python 2026, yapay zeka Python kursu, online Python eğitimi","92","Autodesk Fusion 360 Endüstriyel Ürün Tasarımı Uzmanlığı Yüz Yüze Özel Ders 20 saat","82","","0","","0","","0","","","","https://unityverseacademy.com/urun/2026-python-bootcamp-sifirdan-python-canli-online-egitimi-8/","","","","","","131996","32121","32121","4,760","","1164","241","4,830","21,540","Very Hard","7,688","2","2","","12","5","0","2,220","75","47","0","10","10","0","","","","","5a382d923eb33515a04f016733bfbcb5","0,298","","","","","tr","1.1","","","","","","https://www.unityverseacademy.com/urun/autodesk-fusion-360-endustriyel-urun-tasarimi-uzmanligi-yuz-yuze-ozel-ders-20-saat-1591/","2026-07-27 17:46:05"
"https://www.unityverseacademy.com/uploads/p/p/yapay-zeka-destekli-unity-ile-oyun-gelistirme-egitimi-yuz-yuze_1.webp?v=1780419433","image/webp","200","OK","Indexable","","","0","0","","0","0","","0","","0","","0","","0","","0","","","","","","","","","","141338","141338","141338","20,946","","0","","","","","0,000","2","3","","1","1","0","0,440","0","0","0","0","0","0","","","","","","0,132","Thu, 18 Jun 2026 12:16:26 GMT","","","","","1.1","","","","","","https://www.unityverseacademy.com/uploads/p/p/yapay-zeka-destekli-unity-ile-oyun-gelistirme-egitimi-yuz-yuze_1.webp?v=1780419433","2026-07-27 17:46:05"
"https://www.unityverseacademy.com/urun/profesyonel-3b-modelleme-dijital-sanat-programi-yuz-yuze-1492/","text/html; charset=utf-8","200","OK","Non-Indexable","Canonicalised","Profesyonel 3D Modelleme & Dijital Sanat Kursu – Kapsamlı Yüz Yüze (3D Generalist)","82","761","2026 Python bootcamp sıfırdan ileri seviye online kursu. Yapay zeka, veri bilimi ve otomasyon için Python öğrenin!","114","698","Python bootcamp online, sıfırdan Python 2026, yapay zeka Python kursu, online Python eğitimi","92","Profesyonel 3D Modelleme & Dijital Sanat Kursu – Kapsamlı Yüz Yüze (3D Generalist)","82","","0","","0","Profesyonel 3B Modelleme & Dijital Sanat Programı","49","","","","https://unityverseacademy.com/urun/2026-python-bootcamp-sifirdan-python-canli-online-egitimi-8/","","","","","","152349","39256","39256","5,818","","2549","545","4,677","7,697","Very Hard","14,274","2","2","","12","5","0","2,220","73","47","0","11","11","0","","","","","ed0251ce27367367c1e2516af131947e","0,225","","","","","tr","1.1","","","","","","https://www.unityverseacademy.com/urun/profesyonel-3b-modelleme-dijital-sanat-programi-yuz-yuze-1492/","2026-07-27 17:46:05"
"https://www.unityverseacademy.com/uploads/fm/oyun_site_konulcak12.jpg","image/jpeg","200","OK","Indexable","","","0","0","","0","0","","0","","0","","0","","0","","0","","","","","","","","","","77659","77659","77659","11,509","","0","","","","","0,000","2","2","","0","0","0","0,000","0","0","0","0","0","0","","","","","","0,142","Wed, 17 Jun 2026 19:04:46 GMT","","","","","1.1","","","","","","https://www.unityverseacademy.com/uploads/fm/oyun_site_konulcak12.jpg","2026-07-27 17:46:05"
"https://www.unityverseacademy.com/urun/blender-ile-3d-modelleme-ve-animasyon-egitimi-yuz-yuze-591/","text/html; charset=utf-8","200","OK","Non-Indexable","Canonicalised","Blender ile 3D Modelleme & Animasyon Kursu – Yüz Yüze (Modelleme, Rigging, Render)","82","777","2026 Python bootcamp sıfırdan ileri seviye online kursu. Yapay zeka, veri bilimi ve otomasyon için Python öğrenin!","114","698","Python bootcamp online, sıfırdan Python 2026, yapay zeka Python kursu, online Python eğitimi","92","Blender ile 3D Modelleme & Animasyon Kursu – Yüz Yüze (Modelleme, Rigging, Render)","82","","0","Blender ile 3D Modelleme Eğitimi","32","Ne Öğreneceğim?","15","","","","https://unityverseacademy.com/urun/2026-python-bootcamp-sifirdan-python-canli-online-egitimi-8/","","","","","","148345","37935","37935","5,622","","2237","505","4,430","17,179","Very Hard","12,567","2","2","","27","5","0","2,220","89","47","0","10","10","0","","","","","2fbbf5d9dff8fe7c18e7c591b05d6e60","0,530","","","","","tr","1.1","","","","","","https://www.unityverseacademy.com/urun/blender-ile-3d-modelleme-ve-animasyon-egitimi-yuz-yuze-591/","2026-07-27 17:46:05"
"https://www.unityverseacademy.com/uploads/p/p/substance-3d-painter-canli-online-egitimi_2.jpg?v=1696603605","image/jpeg","200","OK","Indexable","","","0","0","","0","0","","0","","0","","0","","0","","0","","","","","","","","","","131158","131158","131158","19,438","","0","","","","","0,000","2","3","","1","1","0","0,440","0","0","0","0","0","0","","","","","","0,166","Wed, 17 Jun 2026 19:04:47 GMT","","","","","1.1","","","","","","https://www.unityverseacademy.com/uploads/p/p/substance-3d-painter-canli-online-egitimi_2.jpg?v=1696603605","2026-07-27 17:46:06"
"https://www.unityverseacademy.com/uploads/fm/IMG_51152.jpg","image/jpeg","200","OK","Indexable","","","0","0","","0","0","","0","","0","","0","","0","","0","","","","","","","","","","111709","111709","111709","16,555","","0","","","","","0,000","2","2","","0","0","0","0,000","0","0","0","0","0","0","","","","","","0,571","Wed, 17 Jun 2026 19:04:46 GMT","","","","","1.1","","","","","","https://www.unityverseacademy.com/uploads/fm/IMG_51152.jpg","2026-07-27 17:46:05"
"https://www.unityverseacademy.com/blog-detay/maya-egitimi-285/","text/html; charset=utf-8","200","OK","Non-Indexable","Canonicalised","Maya Eğitimi","12","115","Maya eğitimi tanıtımı","21","129","unreal engine,","14","Maya Eğitimi","12","","0","Maya İleri Seviye — Rigging ve Animation Profesyonel Rehberi","60","Maya Rigging & Animation ile Neler Yapabilirsiniz?","50","","","","https://unityverseacademy.com/blog-detay/maya-egitimi-285/","","","","","","98899","25073","25073","3,716","","714","162","4,407","31,147","Hard","6,139","2","2","","31","29","0","12,890","80","54","0","7","7","0","","","","","3676f550700f99a9a4a2d9ca35c84e33","0,619","","","","","tr","1.1","","","","","","https://www.unityverseacademy.com/blog-detay/maya-egitimi-285/","2026-07-27 17:46:06"
"https://www.unityverseacademy.com/urun/matematik-egitimi-ozel-ders-1428/","text/html; charset=utf-8","200","OK","Non-Indexable","Canonicalised","Matematik Eğitimi Özel Ders","27","255","2026 Python bootcamp sıfırdan ileri seviye online kursu. Yapay zeka, veri bilimi ve otomasyon için Python öğrenin!","114","698","Python bootcamp online, sıfırdan Python 2026, yapay zeka Python kursu, online Python eğitimi","92","Matematik Eğitimi Özel Ders","27","","0","Eğitim Koordinatörü: Doç. Dr. Ali Çivril(CV için tıklayınız.)","61","","0","","","","https://unityverseacademy.com/urun/2026-python-bootcamp-sifirdan-python-canli-online-egitimi-8/","","","","","","121279","30861","30861","4,574","","496","141","3,518","44,128","Hard","3,669","2","2","","10","4","0","1,780","72","46","0","11","11","0","","","","","4dcad8a305340bafff93dad919b5cb36","0,258","","","","","tr","1.1","","","","","","https://www.unityverseacademy.com/urun/matematik-egitimi-ozel-ders-1428/","2026-07-27 17:46:06"
"https://www.unityverseacademy.com/uploads/p/p/egitim-koclugu-ozel-ders_1.jpg?v=1759325700","image/jpeg","200","OK","Indexable","","","0","0","","0","0","","0","","0","","0","","0","","0","","","","","","","","","","141438","141438","141438","20,961","","0","","","","","0,000","2","3","","1","1","0","0,440","0","0","0","0","0","0","","","","","","0,832","Thu, 18 Jun 2026 12:14:51 GMT","","","","","1.1","","","","","","https://www.unityverseacademy.com/uploads/p/p/egitim-koclugu-ozel-ders_1.jpg?v=1759325700","2026-07-27 17:46:06"
"https://www.unityverseacademy.com/urun/unreal-engine-ile-sanal-gerceklik-vr-ozel-ders-online-canli-egitim-1029/","text/html; charset=utf-8","200","OK","Non-Indexable","Canonicalised","Unreal Engine 5 VR Geliştirme Özel Ders – Birebir Online Eğitim","63","563","2026 Python bootcamp sıfırdan ileri seviye online kursu. Yapay zeka, veri bilimi ve otomasyon için Python öğrenin!","114","698","Python bootcamp online, sıfırdan Python 2026, yapay zeka Python kursu, online Python eğitimi","92","Unreal Engine 5 VR Geliştirme Özel Ders – Birebir Online Eğitim","63","","0","Unreal Engine ile Sanal Gerçeklik VR Özel Ders","46","Eğitmen: Burak Kaya","19","","","","https://unityverseacademy.com/urun/2026-python-bootcamp-sifirdan-python-canli-online-egitimi-8/","","","","","","139195","35653","35653","5,284","","1620","369","4,390","12,133","Very Hard","9,969","2","2","","12","5","0","2,220","73","46","0","14","12","0","","","","","8ef4c414ff23c6038de76b403cd7368f","0,901","","","","","tr","1.1","","","","","","https://www.unityverseacademy.com/urun/unreal-engine-ile-sanal-gerceklik-vr-ozel-ders-online-canli-egitim-1029/","2026-07-27 17:46:06"
"https://www.unityverseacademy.com/uploads/p/p/fen-bilimleri-egitimi-ozel-ders_1.jpg?v=1757943566","image/jpeg","200","OK","Indexable","","","0","0","","0","0","","0","","0","","0","","0","","0","","","","","","","","","","429641","429641","429641","63,673","","0","","","","","0,000","2","3","","1","1","0","0,440","0","0","0","0","0","0","","","","","","0,420","Thu, 18 Jun 2026 12:14:51 GMT","","","","","1.1","","","","","","https://www.unityverseacademy.com/uploads/p/p/fen-bilimleri-egitimi-ozel-ders_1.jpg?v=1757943566","2026-07-27 17:46:07"
"https://www.unityverseacademy.com/urun/grafik-tasarim-ve-video-efekt-uzmanligi-yuz-yuze-egitimi-staj-garantili-613","text/html; charset=utf-8","200","OK","Non-Indexable","Canonicalised","Grafik Tasarım Kursu & Video Efekt Uzmanlığı – Yüz Yüze (Staj Garantili)","72","648","2026 Python bootcamp sıfırdan ileri seviye online kursu. Yapay zeka, veri bilimi ve otomasyon için Python öğrenin!","114","698","Python bootcamp online, sıfırdan Python 2026, yapay zeka Python kursu, online Python eğitimi","92","Grafik Tasarım Kursu & Video Efekt Uzmanlığı – Yüz Yüze (Staj Garantili)","72","","0","Grafik Tasarım ve Video Efekt Uzmanlığı Eğitimi","47","","0","","","","https://unityverseacademy.com/urun/2026-python-bootcamp-sifirdan-python-canli-online-egitimi-8/","","","","","","171988","42338","42338","6,274","","3225","755","4,272","14,989","Very Hard","15,625","2","1","","30","2","0","0,890","98","47","0","10","10","0","","","","","befe3519c7f415905d9afedc824370d8","0,307","","","","","tr","1.1","","","","","","https://www.unityverseacademy.com/urun/grafik-tasarim-ve-video-efekt-uzmanligi-yuz-yuze-egitimi-staj-garantili-613","2026-07-27 17:46:07"
"https://www.unityverseacademy.com/uploads/fm/Ders_Bilgileri1.png","image/png","200","OK","Indexable","","","0","0","","0","0","","0","","0","","0","","0","","0","","","","","","","","","","48827","48827","48827","7,236","","0","","","","","0,000","2","2","","0","0","0","0,000","0","0","0","0","0","0","","","","","","0,655","Wed, 17 Jun 2026 19:04:45 GMT","","","","","1.1","","","","","","https://www.unityverseacademy.com/uploads/fm/Ders_Bilgileri1.png","2026-07-27 17:46:07"
"https://www.unityverseacademy.com/tum-urunler/?kategori=yazilim","text/html; charset=utf-8","200","OK","Non-Indexable","Canonicalised","Tüm Ürünler","11","111","Tüm Ürünler","11","76","Tüm Ürünler","11","Tüm Ürünler","11","","0","","0","","0","","","","https://www.unityverseacademy.com/tum-urunler/","","","","","","291365","37810","37810","5,603","","1910","540","3,537","66,645","Normal","4,567","2","1","","10","4","0","1,780","302","117","0","7","7","0","","","","","d826d59a3519d73d746a304a54a107f0","0,459","","","","","tr","1.1","","","","","","https://www.unityverseacademy.com/tum-urunler/?kategori=yazilim","2026-07-27 17:46:07"
"https://www.unityverseacademy.com/urun/2b-oyun-karakter-tasarimi-ve-animasyon-ozel-ders-1250/","text/html; charset=utf-8","200","OK","Non-Indexable","Canonicalised","2B Oyun Karakter Tasarımı ve Animasyon Özel Ders","48","460","2026 Python bootcamp sıfırdan ileri seviye online kursu. Yapay zeka, veri bilimi ve otomasyon için Python öğrenin!","114","698","Python bootcamp online, sıfırdan Python 2026, yapay zeka Python kursu, online Python eğitimi","92","2B Oyun Karakter Tasarımı ve Animasyon Özel Ders","48","","0","2B Oyun Karakter Tasarımı ve Animasyon Özel Ders","48","","0","","","","https://unityverseacademy.com/urun/2026-python-bootcamp-sifirdan-python-canli-online-egitimi-8/","","","","","","119445","30162","30162","4,470","","398","114","3,491","58,749","Fairly Hard","3,008","2","2","","12","5","0","2,220","71","45","0","10","10","0","","","","","da6adf67dfd1076208ee234b4a59d869","0,575","","","","","tr","1.1","","","","","","https://www.unityverseacademy.com/urun/2b-oyun-karakter-tasarimi-ve-animasyon-ozel-ders-1250/","2026-07-27 17:46:07"
"https://www.unityverseacademy.com/urun/zbrush-ile-kuyumculuk-ve-taki-tasarimi-egitimi-yuz-yuze-1535/","text/html; charset=utf-8","200","OK","Non-Indexable","Canonicalised","ZBrush ile 3D Kuyumculuk & Takı Tasarımı Kursu – Yüz Yüze (Dijital Mücevher & Prototip)","87","795","2026 Python bootcamp sıfırdan ileri seviye online kursu. Yapay zeka, veri bilimi ve otomasyon için Python öğrenin!","114","698","Python bootcamp online, sıfırdan Python 2026, yapay zeka Python kursu, online Python eğitimi","92","ZBrush ile 3D Kuyumculuk & Takı Tasarımı Kursu – Yüz Yüze (Dijital Mücevher & Prototip)","87","","0","ZBrush ile Organik Modelleme Eğitimi Eğitmen: Öğr. Gör. Deniz Erbaş (CV'ye erişmek için tıklayınız.) Marmara Üniversitesi Grafik Tasarım ve Yüksek Lisans Sinema TV Mezunu, İstanbul Aydın Üniversitesi Sinema TV bölümünde Doktora (PhD.) eğitimine devam etmektedir.","262","Goz Games Kurucu ortağıdır, sektörde 20 yılı aşkın süredir video kurgu, after effects, animasyon, 3D modelleme ve tasarım alanlarında çalışmaktadır. Ayrıca öğrenciler, Türkiye’nin saygın üniversitelerinin teknoparklarından ve Sanayi ve Teknoloji Bakanlığı’ndan onaylı Ar-Ge Projesi kapsamında dijital heykel ve karakter tasarımı proje ekibinde aktif olarak görev alır ve “ZBrush Proje Geliştirme Sertifikası” almaya hak kazanır. Eğitim sürecinde ZBrush yazılımı ile organik modelleme, karakter anatomisi, detaylandırma ve dijital heykel alanlarında ileri düzey teknik ve sanatsal beceriler geliştirirler. Oluşturdukları karakter ve yaratıcı konsept çalışmalarını ArtStation, CGSociety ve diğer uluslararası dijital sanat platformlarında sergileyerek, oyun, film ve dijital sanat endüstrilerinde profesyonel portföy oluştururlar ve kariyer fırsatlarında önemli bir avantaj elde ederler.","885","","","","https://unityverseacademy.com/urun/2026-python-bootcamp-sifirdan-python-canli-online-egitimi-8/","","","","","","138057","34687","34687","5,141","","1425","340","4,191","37,477","Hard","8,555","2","2","","18","5","0","2,220","79","47","0","11","11","0","","","","","7d2c9c66d5f46032c857afdaee4aca63","0,739","","","","","tr","1.1","","","","","","https://www.unityverseacademy.com/urun/zbrush-ile-kuyumculuk-ve-taki-tasarimi-egitimi-yuz-yuze-1535/","2026-07-27 17:46:07"
"https://www.unityverseacademy.com/uploads/p/cd/FOQfsSMU84Pt.jpg","image/jpeg","200","OK","Indexable","","","0","0","","0","0","","0","","0","","0","","0","","0","","","","","","","","","","177368","177368","177368","26,286","","0","","","","","0,000","2","3","","0","0","0","0,000","0","0","0","0","0","0","","","","","","0,178","Wed, 17 Jun 2026 19:04:47 GMT","","","","","1.1","","","","","","https://www.unityverseacademy.com/uploads/p/cd/FOQfsSMU84Pt.jpg","2026-07-27 17:46:08"
"https://www.unityverseacademy.com/urun/unreal-engine-ile-sanal-gerceklik-vr-ozel-ders-yuz-yuze-egitim-1337/","text/html; charset=utf-8","200","OK","Non-Indexable","Canonicalised","Unreal Engine 5 VR Geliştirme Özel Ders – Birebir Yüz Yüze Eğitim","65","588","2026 Python bootcamp sıfırdan ileri seviye online kursu. Yapay zeka, veri bilimi ve otomasyon için Python öğrenin!","114","698","Python bootcamp online, sıfırdan Python 2026, yapay zeka Python kursu, online Python eğitimi","92","Unreal Engine 5 VR Geliştirme Özel Ders – Birebir Yüz Yüze Eğitim","65","","0","Unreal Engine ile Sanal Gerçeklik Eğitimi","41","Eğitmen: Burak Kaya","19","","","","https://unityverseacademy.com/urun/2026-python-bootcamp-sifirdan-python-canli-online-egitimi-8/","","","","","","127763","31926","31926","4,731","","572","161","3,553","46,157","Hard","3,866","2","2","","10","4","0","1,780","72","46","0","14","12","0","","","","","a4e0a5fbb82eed57882efaccee4537b3","0,223","","","","","tr","1.1","","","","","","https://www.unityverseacademy.com/urun/unreal-engine-ile-sanal-gerceklik-vr-ozel-ders-yuz-yuze-egitim-1337/","2026-07-27 17:46:08"
"https://www.unityverseacademy.com/uploads/fm/IMG_50452.jpg","image/jpeg","200","OK","Indexable","","","0","0","","0","0","","0","","0","","0","","0","","0","","","","","","","","","","124548","124548","124548","18,458","","0","","","","","0,000","2","2","","0","0","0","0,000","0","0","0","0","0","0","","","","","","0,143","Wed, 17 Jun 2026 19:04:46 GMT","","","","","1.1","","","","","","https://www.unityverseacademy.com/uploads/fm/IMG_50452.jpg","2026-07-27 17:46:08"
"https://www.unityverseacademy.com/tum-urunler/?kategori=ses-tasarim","text/html; charset=utf-8","200","OK","Non-Indexable","Canonicalised","Tüm Ürünler","11","111","Tüm Ürünler","11","76","Tüm Ürünler","11","Tüm Ürünler","11","","0","","0","","0","","","","https://www.unityverseacademy.com/tum-urunler/","","","","","","142172","31351","31351","4,646","","546","187","2,920","65,041","Normal","3,223","2","1","","16","7","0","3,110","101","50","0","7","7","0","","","","","af130d16f4d82fb76b4528fca6ea2aba","0,423","","","","","tr","1.1","","","","","","https://www.unityverseacademy.com/tum-urunler/?kategori=ses-tasarim","2026-07-27 17:46:08"
"https://www.unityverseacademy.com/urun/insan-kaynaklari-egitimi-ozel-ders-1437/","text/html; charset=utf-8","200","OK","Non-Indexable","Canonicalised","İnsan Kaynakları Eğitimi Özel Ders","34","304","2026 Python bootcamp sıfırdan ileri seviye online kursu. Yapay zeka, veri bilimi ve otomasyon için Python öğrenin!","114","698","Python bootcamp online, sıfırdan Python 2026, yapay zeka Python kursu, online Python eğitimi","92","İnsan Kaynakları Eğitimi Özel Ders","34","","0","Eğitim Koordinatörü: Öğr. Gör. Nevin Eryılmaz (CV için tıklayınız.)","67","","0","","","","https://unityverseacademy.com/urun/2026-python-bootcamp-sifirdan-python-canli-online-egitimi-8/","","","","","","121555","30904","30904","4,580","","499","141","3,539","44,724","Hard","3,687","2","2","","10","4","0","1,780","73","47","0","10","10","0","","","","","8edbb09108b1ec866c670a805ddd95c5","0,172","","","","","tr","1.1","","","","","","https://www.unityverseacademy.com/urun/insan-kaynaklari-egitimi-ozel-ders-1437/","2026-07-27 17:46:08"
"https://www.unityverseacademy.com/uploads/p/p/cocuk-ve-gencler-icin-unity-ile-oyun-gelistirme-canli-online-egitimi_2.jpg?v=1759588466","image/jpeg","200","OK","Indexable","","","0","0","","0","0","","0","","0","","0","","0","","0","","","","","","","","","","126145","126145","126145","18,695","","0","","","","","0,000","2","3","","1","1","0","0,440","0","0","0","0","0","0","","","","","","0,695","Thu, 18 Jun 2026 12:14:51 GMT","","","","","1.1","","","","","","https://www.unityverseacademy.com/uploads/p/p/cocuk-ve-gencler-icin-unity-ile-oyun-gelistirme-canli-online-egitimi_2.jpg?v=1759588466","2026-07-27 17:46:08"
"https://www.unityverseacademy.com/uploads/p/p/c-programlama-canli-online-egitimi_2.jpg?v=1696601125","image/jpeg","200","OK","Indexable","","","0","0","","0","0","","0","","0","","0","","0","","0","","","","","","","","","","143435","143435","143435","21,257","","0","","","","","0,000","2","3","","2","2","0","0,890","0","0","0","0","0","0","","","","","","0,135","Wed, 17 Jun 2026 19:04:47 GMT","","","","","1.1","","","","","","https://www.unityverseacademy.com/uploads/p/p/c-programlama-canli-online-egitimi_2.jpg?v=1696601125","2026-07-27 17:46:09"
"https://www.unityverseacademy.com/uploads/fm/gtvvk_başarı_sertifikası3.jpg","image/jpeg","200","OK","Indexable","","","0","0","","0","0","","0","","0","","0","","0","","0","","","","","","","","","","189564","189564","189564","28,093","","0","","","","","0,000","2","2","","0","0","0","0,000","0","0","0","0","0","0","","","","","","0,623","Wed, 17 Jun 2026 19:04:46 GMT","","","","","1.1","","","","","","https://www.unityverseacademy.com/uploads/fm/gtvvk_ba%C5%9Far%C4%B1_sertifikas%C4%B13.jpg","2026-07-27 17:46:08"
"https://www.unityverseacademy.com/uploads/p/p/unreal-engine-ile-sanal-gerceklik-online-canli-egitim_1.jpg?v=1696602754","image/jpeg","200","OK","Indexable","","","0","0","","0","0","","0","","0","","0","","0","","0","","","","","","","","","","115186","115186","115186","17,071","","0","","","","","0,000","2","3","","1","1","0","0,440","0","0","0","0","0","0","","","","","","0,755","Wed, 17 Jun 2026 19:04:47 GMT","","","","","1.1","","","","","","https://www.unityverseacademy.com/uploads/p/p/unreal-engine-ile-sanal-gerceklik-online-canli-egitim_1.jpg?v=1696602754","2026-07-27 17:46:09"
"https://www.unityverseacademy.com/uploads/p/p/it-danismanlik-hizmeti-ozel-ders_1.jpg?v=1759325219","image/jpeg","200","OK","Indexable","","","0","0","","0","0","","0","","0","","0","","0","","0","","","","","","","","","","140578","140578","140578","20,834","","0","","","","","0,000","2","3","","1","1","0","0,440","0","0","0","0","0","0","","","","","","0,730","Thu, 18 Jun 2026 12:14:51 GMT","","","","","1.1","","","","","","https://www.unityverseacademy.com/uploads/p/p/it-danismanlik-hizmeti-ozel-ders_1.jpg?v=1759325219","2026-07-27 17:46:09"
"https://www.unityverseacademy.com/tum-urunler/?kategori=animasyon","text/html; charset=utf-8","200","OK","Non-Indexable","Canonicalised","Tüm Ürünler","11","111","Tüm Ürünler","11","76","Tüm Ürünler","11","Tüm Ürünler","11","","0","","0","","0","","","","https://www.unityverseacademy.com/tum-urunler/","","","","","","149522","31720","31720","4,701","","632","204","3,098","66,082","Normal","3,420","2","1","","26","12","0","5,330","110","53","0","7","7","0","","","","","46e3d5b7d11f707933cdd9d516b7532c","0,990","","","","","tr","1.1","","","","","","https://www.unityverseacademy.com/tum-urunler/?kategori=animasyon","2026-07-27 17:46:09"
"https://www.unityverseacademy.com/public/tema10/js/vue-bundle.js?v=5.4.94","application/javascript; charset=UTF-8","200","OK","Indexable","","","0","0","","0","0","","0","","0","","0","","0","","0","","","","","","","","","","0","0","0","0,000","","0","","","","","0,000","2","3","","0","0","0","0,000","0","0","0","0","0","0","","","","","","0,724","Wed, 17 Jun 2026 19:04:45 GMT","","","","","1.1","","","","","","https://www.unityverseacademy.com/public/tema10/js/vue-bundle.js?v=5.4.94","2026-07-27 17:46:09"
"https://www.unityverseacademy.com/uploads/fm/blobid139.jpg","image/jpeg","200","OK","Indexable","","","0","0","","0","0","","0","","0","","0","","0","","0","","","","","","","","","","220270","220270","220270","32,644","","0","","","","","0,000","2","2","","0","0","0","0,000","0","0","0","0","0","0","","","","","","0,164","Wed, 17 Jun 2026 19:04:46 GMT","","","","","1.1","","","","","","https://www.unityverseacademy.com/uploads/fm/blobid139.jpg","2026-07-27 17:46:10"
"https://www.unityverseacademy.com/urun/cocuklar-icin-minecraft-ile-kodlama-egitimi-1689/","text/html; charset=utf-8","200","OK","Non-Indexable","Canonicalised","Çocuklar İçin Minecraft Education ile Kodlama ve Programlama Kursu (8-14 Yaş)","77","716","2026 Python bootcamp sıfırdan ileri seviye online kursu. Yapay zeka, veri bilimi ve otomasyon için Python öğrenin!","114","698","Python bootcamp online, sıfırdan Python 2026, yapay zeka Python kursu, online Python eğitimi","92","Çocuklar İçin Minecraft Education ile Kodlama ve Programlama Kursu (8-14 Yaş)","77","","0","Minecraft ile Kodlama ve Oyun Geliştirme Eğitimi","48","Eğitimin Amacı","14","","","","https://unityverseacademy.com/urun/2026-python-bootcamp-sifirdan-python-canli-online-egitimi-8/","","","","","","130243","33877","33877","5,021","","1320","279","4,731","36,422","Hard","8,117","2","2","","12","4","0","1,780","73","45","0","10","10","0","","","","","126c5dc4984123f217ef80334766b9e9","0,783","","","","","tr","1.1","","","","","","https://www.unityverseacademy.com/urun/cocuklar-icin-minecraft-ile-kodlama-egitimi-1689/","2026-07-27 17:46:09"
"https://www.unityverseacademy.com/urun/yapay-zeka-destekli-unity-ile-oyun-gelistirme-egitimi-yuz-yuze-1680/","text/html; charset=utf-8","200","OK","Non-Indexable","Canonicalised","Yapay Zeka (AI) Destekli Unity ile Oyun Geliştirme Kursu – Yüz Yüze","67","603","2026 Python bootcamp sıfırdan ileri seviye online kursu. Yapay zeka, veri bilimi ve otomasyon için Python öğrenin!","114","698","Python bootcamp online, sıfırdan Python 2026, yapay zeka Python kursu, online Python eğitimi","92","Yapay Zeka (AI) Destekli Unity ile Oyun Geliştirme Kursu – Yüz Yüze","67","","0","Sıfırdan Zirveye: 3 Aylık Yapay Zeka Destekli Unity ile Oyun Geliştirme Eğitimi","79","Eğitimin Amacı","14","","","","https://unityverseacademy.com/urun/2026-python-bootcamp-sifirdan-python-canli-online-egitimi-8/","","","","","","140690","36278","36278","5,376","","1470","329","4,468","37,762","Hard","8,219","2","2","","13","4","0","1,780","75","46","0","12","12","0","","","","","41722dcccdfe5df3d17ce038ed8308c6","0,779","","","","","tr","1.1","","","","","","https://www.unityverseacademy.com/urun/yapay-zeka-destekli-unity-ile-oyun-gelistirme-egitimi-yuz-yuze-1680/","2026-07-27 17:46:09"
"https://www.unityverseacademy.com/uploads/p/p/film-muzigi-teknikleri-canli-online-egitimi_2.jpg?v=1759590350","image/jpeg","200","OK","Indexable","","","0","0","","0","0","","0","","0","","0","","0","","0","","","","","","","","","","107043","107043","107043","15,864","","0","","","","","0,000","2","3","","1","1","0","0,440","0","0","0","0","0","0","","","","","","0,632","Wed, 17 Jun 2026 19:04:47 GMT","","","","","1.1","","","","","","https://www.unityverseacademy.com/uploads/p/p/film-muzigi-teknikleri-canli-online-egitimi_2.jpg?v=1759590350","2026-07-27 17:46:10"
"https://www.unityverseacademy.com/uploads/fm/projegeliştirmeai30.png","image/png","200","OK","Indexable","","","0","0","","0","0","","0","","0","","0","","0","","0","","","","","","","","","","104500","104500","104500","15,487","","0","","","","","0,000","2","2","","0","0","0","0,000","0","0","0","0","0","0","","","","","","0,106","Wed, 17 Jun 2026 19:04:46 GMT","","","","","1.1","","","","","","https://www.unityverseacademy.com/uploads/fm/projegeli%C5%9Ftirmeai30.png","2026-07-27 17:46:10"
"https://www.unityverseacademy.com/blog-detay/3ds-max-egitimi-uv-mapping-ve-kaplama-yonetimi-305/","text/html; charset=utf-8","200","OK","Non-Indexable","Canonicalised","3DS Max Eğitimi : UV Mapping ve Kaplama Yönetimi","48","465","3DS Max Eğitimi Tanıtımı","24","153","unreal engine,","14","3DS Max Eğitimi : UV Mapping ve Kaplama Yönetimi","48","","0","3ds Max’te UV Mapping ve Kaplama Yönetimi","41","UV Mapping ile Neler Elde Edersiniz?","36","","","","https://unityverseacademy.com/blog-detay/3ds-max-egitimi-uv-mapping-ve-kaplama-yonetimi-305/","","","","","","100437","25659","25659","3,803","","881","209","4,215","36,813","Hard","7,132","2","2","","31","29","0","12,890","80","54","0","7","7","0","","","","","6ba97aa19126637a5ed2ce5749ed3e07","0,204","","","","","tr","1.1","","","","","","https://www.unityverseacademy.com/blog-detay/3ds-max-egitimi-uv-mapping-ve-kaplama-yonetimi-305/","2026-07-27 17:46:10"
"https://www.unityverseacademy.com/urun/aranan-programci-olma-kampi-yuz-yuze-kursu-staj-garantili-672/","text/html; charset=utf-8","200","OK","Non-Indexable","Canonicalised","Sıfırdan Yazılımcı Olma Bootcamp – Yüz Yüze (Staj Garantili)","60","544","2026 Python bootcamp sıfırdan ileri seviye online kursu. Yapay zeka, veri bilimi ve otomasyon için Python öğrenin!","114","698","Python bootcamp online, sıfırdan Python 2026, yapay zeka Python kursu, online Python eğitimi","92","Sıfırdan Yazılımcı Olma Bootcamp – Yüz Yüze (Staj Garantili)","60","","0","Aranan Programcı Olma Kamp Kursu","32","Ne Öğreneceğim?","15","","","","https://unityverseacademy.com/urun/2026-python-bootcamp-sifirdan-python-canli-online-egitimi-8/","","","","","","191078","49154","49154","7,285","","5120","1151","4,448","19,736","Very Hard","21,698","2","2","","26","5","0","2,220","89","48","0","12","12","0","","","","","a09ace56ee010b6c5a699dec0ebf00b5","0,804","","","","","tr","1.1","","","","","","https://www.unityverseacademy.com/urun/aranan-programci-olma-kampi-yuz-yuze-kursu-staj-garantili-672/","2026-07-27 17:46:10"
"https://www.unityverseacademy.com/blog-detay/blender-egitimi-3d-modelleme-animasyon-ve-render-rehberi-280/","text/html; charset=utf-8","200","OK","Non-Indexable","Canonicalised","Blender Eğitimi - 3D Modelleme, Animasyon ve Render Rehberi","59","555","blender eğitimi kursu tanıtımı","30","178","unreal engine,","14","Blender Eğitimi - 3D Modelleme, Animasyon ve Render Rehberi","59","","0","Blender Nedir? — 3D Modelleme, Animasyon ve Render Rehberi","58","Blender ile Neler Yapabilirsiniz?","33","","","","https://unityverseacademy.com/blog-detay/blender-egitimi-3d-modelleme-animasyon-ve-render-rehberi-280/","","","","","","98067","24925","24925","3,694","","667","157","4,248","50,826","Fairly Hard","5,583","2","2","","31","29","0","12,890","76","51","0","7","7","0","","","","","f72ca7cb0151e6269f101e799bcd9c92","0,261","","","","","tr","1.1","","","","","","https://www.unityverseacademy.com/blog-detay/blender-egitimi-3d-modelleme-animasyon-ve-render-rehberi-280/","2026-07-27 17:46:11"
"https://www.unityverseacademy.com/urun/blender-3b-oyun-modelleme-canli-online-egitim-2","text/html; charset=utf-8","200","OK","Non-Indexable","Canonicalised","Blender 3D Oyun Modelleme Kursu – Online Canlı (Karakter & Çevre Asset)","71","665","2026 Python bootcamp sıfırdan ileri seviye online kursu. Yapay zeka, veri bilimi ve otomasyon için Python öğrenin!","114","698","Python bootcamp online, sıfırdan Python 2026, yapay zeka Python kursu, online Python eğitimi","92","Blender 3D Oyun Modelleme Kursu – Online Canlı (Karakter & Çevre Asset)","71","","0","Blender ile 3D Modelleme Eğitimi","32","Ne Öğreneceğim?","15","","","","https://unityverseacademy.com/urun/2026-python-bootcamp-sifirdan-python-canli-online-egitimi-8/","","","","","","156950","37982","37982","5,629","","2140","451","4,745","11,076","Very Hard","11,564","2","1","","14","2","0","0,890","84","47","0","11","11","0","","","","","748b630a9286fe26ec7e408077db83ed","0,351","","","","","tr","1.1","","","","","","https://www.unityverseacademy.com/urun/blender-3b-oyun-modelleme-canli-online-egitim-2","2026-07-27 17:46:11"
"https://www.unityverseacademy.com/uploads/fm/blobid518.jpg","image/jpeg","200","OK","Indexable","","","0","0","","0","0","","0","","0","","0","","0","","0","","","","","","","","","","172607","172607","172607","25,580","","0","","","","","0,000","2","2","","0","0","0","0,000","0","0","0","0","0","0","","","","","","0,617","Wed, 17 Jun 2026 19:04:46 GMT","","","","","1.1","","","","","","https://www.unityverseacademy.com/uploads/fm/blobid518.jpg","2026-07-27 17:46:10"
"https://www.unityverseacademy.com/uploads/p/p/unreal-engine-ile-oyun-gelistirme-ozel-ders-online-canli-egitim-100-saat_1.jpg?v=1757921756","image/jpeg","200","OK","Indexable","","","0","0","","0","0","","0","","0","","0","","0","","0","","","","","","","","","","38139","38139","38139","5,652","","0","","","","","0,000","2","3","","1","1","0","0,440","0","0","0","0","0","0","","","","","","0,710","Wed, 17 Jun 2026 19:04:47 GMT","","","","","1.1","","","","","","https://www.unityverseacademy.com/uploads/p/p/unreal-engine-ile-oyun-gelistirme-ozel-ders-online-canli-egitim-100-saat_1.jpg?v=1757921756","2026-07-27 17:46:10"
"https://www.unityverseacademy.com/uploads/fm/Hüseyin_Çay_pdf_111.jpg","image/jpeg","200","OK","Indexable","","","0","0","","0","0","","0","","0","","0","","0","","0","","","","","","","","","","36703","36703","36703","5,439","","0","","","","","0,000","2","2","","0","0","0","0,000","0","0","0","0","0","0","","","","","","0,203","Wed, 17 Jun 2026 19:04:46 GMT","","","","","1.1","","","","","","https://www.unityverseacademy.com/uploads/fm/Hu%CC%88seyin_C%CC%A7ay_pdf_111.jpg","2026-07-27 17:46:11"
"https://www.unityverseacademy.com/urun/v-ray-ile-gercekci-ic-ve-dis-mekân-render-uretimi-egitimi-yuz-yuze-1622/","text/html; charset=utf-8","200","OK","Non-Indexable","Canonicalised","V-Ray ile Gerçekçi İç ve Dış Mekân Render Üretimi Eğitimi - Yüz Yüze","68","608","2026 Python bootcamp sıfırdan ileri seviye online kursu. Yapay zeka, veri bilimi ve otomasyon için Python öğrenin!","114","698","Python bootcamp online, sıfırdan Python 2026, yapay zeka Python kursu, online Python eğitimi","92","V-Ray ile Gerçekçi İç ve Dış Mekân Render Üretimi Eğitimi - Yüz Yüze","68","","0","V-Ray ile Gerçekçi İç ve Dış Mekân Render Üretimi Eğitimi","57","Ne Öğreneceğim?","15","","","","https://unityverseacademy.com/urun/2026-python-bootcamp-sifirdan-python-canli-online-egitimi-8/","","","","","","134978","34235","34235","5,074","","1208","280","4,314","36,758","Hard","7,320","2","2","","10","4","0","1,780","72","46","0","11","11","0","","","","","65c6a74eea12578719f86281eca2a0f2","0,150","","","","","tr","1.1","","","","","","https://www.unityverseacademy.com/urun/v-ray-ile-gercekci-ic-ve-dis-mek%C3%A2n-render-uretimi-egitimi-yuz-yuze-1622/","2026-07-27 17:46:11"
"https://www.unityverseacademy.com/urun/film-ve-animasyon-icin-storyboard-yuz-yuze-egitimi-599/","text/html; charset=utf-8","200","OK","Non-Indexable","Canonicalised","Film ve Animasyon için Storyboard Yüz Yüze Eğitimi","50","461","2026 Python bootcamp sıfırdan ileri seviye online kursu. Yapay zeka, veri bilimi ve otomasyon için Python öğrenin!","114","698","Python bootcamp online, sıfırdan Python 2026, yapay zeka Python kursu, online Python eğitimi","92","Film ve Animasyon için Storyboard Yüz Yüze Eğitimi","50","","0","Eğitmen: Nevin Eryılmaz (CV için tıklayınız.) Nevin Eryılmaz, geleneksel ve dijital tasarım alanlarındaki 20 yılı aşkın sektör deneyimi yanı sıra, İstinye Üniversitesi'nde Bilgisayar Destekli Tasarım ve Animasyon önlisans ve Dijital Oyun Tasarımı lisans programlarının kurucusudur. Üniversitenin Dijital Oyun Tasarımı bölümündeki tasarım ve yazılım merkezli eğitim anlayışının öncüsü olmakla beraber, 2021 yılında aynı üniversitede Türkiye'nin ilk YÖK onaylı Dijital Oyun Araştırma Merkezi olan Dijital Oyun Geliştirme ve Animasyon Araştırma Uygulama Merkezi'ni kurmuştur ve iki sene boyunca Merkez Müdürü olarak görev almıştır. Merkez'de üniversitenin Animasyon ve Dijital Oyun Tasarımı programlarındaki öğrencilerin kendi oyunlarını geliştirerek oyun marketlerinde yayınlaması ve ticarileşmeleri desteklenmiştir. Eryılmaz'ın sektör ve akademi deneyimli kadrosunun etkisi ile, İstinye Üniversitesi Dijital Oyun Tasarımı bölümü iki senede Türkiye'nin ilk tercih edilen 3 üniversitesi arasına yerleşmiştir. Eryılmaz'ın Milli Eğitim Bakanlığı ve çeşitli dijital oyun şirketleri ortaklığında gerçekleşen proje ve çalışmaları devam etmektedir.","1139","3boyuntlu_modelleme_ve_animasyon2.jpg","37","","","","https://unityverseacademy.com/urun/2026-python-bootcamp-sifirdan-python-canli-online-egitimi-8/","","","","","","169886","55980","55980","8,296","","1823","398","4,580","8,993","Very Hard","9,230","2","2","","43","5","0","2,220","104","46","0","11","11","0","","","","","357d6879761328aa1e1bc9bab999a72e","0,260","","","","","tr","1.1","","","","","","https://www.unityverseacademy.com/urun/film-ve-animasyon-icin-storyboard-yuz-yuze-egitimi-599/","2026-07-27 17:46:11"
"https://www.unityverseacademy.com/uploads/fm/2B_animasyon_01-1.png","image/png","200","OK","Indexable","","","0","0","","0","0","","0","","0","","0","","0","","0","","","","","","","","","","55242","55242","55242","8,187","","0","","","","","0,000","2","2","","0","0","0","0,000","0","0","0","0","0","0","","","","","","0,178","Wed, 17 Jun 2026 19:04:45 GMT","","","","","1.1","","","","","","https://www.unityverseacademy.com/uploads/fm/2B_animasyon_01-1.png","2026-07-27 17:46:11"
"https://www.unityverseacademy.com/uploads/fm/IMG_58715.jpg","image/jpeg","200","OK","Indexable","","","0","0","","0","0","","0","","0","","0","","0","","0","","","","","","","","","","80270","80270","80270","11,896","","0","","","","","0,000","2","2","","0","0","0","0,000","0","0","0","0","0","0","","","","","","0,790","Wed, 17 Jun 2026 19:04:46 GMT","","","","","1.1","","","","","","https://www.unityverseacademy.com/uploads/fm/IMG_58715.jpg","2026-07-27 17:46:11"
"https://www.unityverseacademy.com/uploads/p/p/unity-ile-oyun-gelistirme-yuz-yuze-ozel-ders_2.jpg?v=1696601901","image/jpeg","200","OK","Indexable","","","0","0","","0","0","","0","","0","","0","","0","","0","","","","","","","","","","126693","126693","126693","18,776","","0","","","","","0,000","2","3","","1","1","0","0,440","0","0","0","0","0","0","","","","","","0,790","Wed, 17 Jun 2026 19:04:47 GMT","","","","","1.1","","","","","","https://www.unityverseacademy.com/uploads/p/p/unity-ile-oyun-gelistirme-yuz-yuze-ozel-ders_2.jpg?v=1696601901","2026-07-27 17:46:11"
"https://www.unityverseacademy.com/uploads/p/p/2b-oyun-karakter-tasarimi-ve-animasyon-ozel-ders_1.jpg?v=1759326687","image/jpeg","200","OK","Indexable","","","0","0","","0","0","","0","","0","","0","","0","","0","","","","","","","","","","155386","155386","155386","23,028","","0","","","","","0,000","2","3","","2","2","0","0,890","0","0","0","0","0","0","","","","","","0,869","Wed, 17 Jun 2026 19:04:47 GMT","","","","","1.1","","","","","","https://www.unityverseacademy.com/uploads/p/p/2b-oyun-karakter-tasarimi-ve-animasyon-ozel-ders_1.jpg?v=1759326687","2026-07-27 17:46:12"
"https://www.unityverseacademy.com/uploads/p/p/yazilim-uzmanligi-canli-online-egitim_2.jpeg?v=1726224788","image/jpeg","200","OK","Indexable","","","0","0","","0","0","","0","","0","","0","","0","","0","","","","","","","","","","53372","53372","53372","7,910","","0","","","","","0,000","2","3","","1","1","0","0,440","0","0","0","0","0","0","","","","","","1,015","Wed, 17 Jun 2026 19:04:47 GMT","","","","","1.1","","","","","","https://www.unityverseacademy.com/uploads/p/p/yazilim-uzmanligi-canli-online-egitim_2.jpeg?v=1726224788","2026-07-27 17:46:12"
"https://www.unityverseacademy.com/uploads/fm/blobid329.jpg","image/jpeg","200","OK","Indexable","","","0","0","","0","0","","0","","0","","0","","0","","0","","","","","","","","","","192339","192339","192339","28,505","","0","","","","","0,000","2","2","","0","0","0","0,000","0","0","0","0","0","0","","","","","","0,960","Wed, 17 Jun 2026 19:04:46 GMT","","","","","1.1","","","","","","https://www.unityverseacademy.com/uploads/fm/blobid329.jpg","2026-07-27 17:46:12"
"https://www.unityverseacademy.com/uploads/p/p/yazilim-uzmanligi-yuz-yuze-egitimi_1.jpeg?v=1713604671","image/jpeg","200","OK","Indexable","","","0","0","","0","0","","0","","0","","0","","0","","0","","","","","","","","","","87399","87399","87399","12,953","","0","","","","","0,000","2","3","","1","1","0","0,440","0","0","0","0","0","0","","","","","","1,681","Wed, 17 Jun 2026 19:04:47 GMT","","","","","1.1","","","","","","https://www.unityverseacademy.com/uploads/p/p/yazilim-uzmanligi-yuz-yuze-egitimi_1.jpeg?v=1713604671","2026-07-27 17:46:12"
"https://www.unityverseacademy.com/urun/yonetmenlik-ve-sinematografiye-giris-yuz-yuze-egitimi-620/","text/html; charset=utf-8","200","OK","Non-Indexable","Canonicalised","Yönetmenlik ve Sinematografiye Giriş Yüz Yüze Eğitimi","53","490","2026 Python bootcamp sıfırdan ileri seviye online kursu. Yapay zeka, veri bilimi ve otomasyon için Python öğrenin!","114","698","Python bootcamp online, sıfırdan Python 2026, yapay zeka Python kursu, online Python eğitimi","92","Yönetmenlik ve Sinematografiye Giriş Yüz Yüze Eğitimi","53","","0","","0","","0","","","","https://unityverseacademy.com/urun/2026-python-bootcamp-sifirdan-python-canli-online-egitimi-8/","","","","","","140911","35902","35902","5,321","","1787","398","4,490","5,903","Very Hard","11,011","2","2","","10","4","0","1,780","73","46","0","12","11","0","","","","","9041e2ebbcb0c301dd70a8c0db086ef4","0,877","","","","","tr","1.1","","","","","","https://www.unityverseacademy.com/urun/yonetmenlik-ve-sinematografiye-giris-yuz-yuze-egitimi-620/","2026-07-27 17:46:13"
"https://www.unityverseacademy.com/urun/ingilizce-egitimi-ozel-ders-1442/","text/html; charset=utf-8","200","OK","Non-Indexable","Canonicalised","İngilizce Eğitimi Özel Ders","27","231","2026 Python bootcamp sıfırdan ileri seviye online kursu. Yapay zeka, veri bilimi ve otomasyon için Python öğrenin!","114","698","Python bootcamp online, sıfırdan Python 2026, yapay zeka Python kursu, online Python eğitimi","92","İngilizce Eğitimi Özel Ders","27","","0","İngilizce Eğitimi Özel Ders","27","","0","","","","https://unityverseacademy.com/urun/2026-python-bootcamp-sifirdan-python-canli-online-egitimi-8/","","","","","","118461","29942","29942","4,437","","377","111","3,396","57,077","Fairly Hard","2,928","2","2","","10","4","0","1,780","70","44","0","10","10","0","","","","","c3d7d21e91cb2adb05b24c7dcc56eb53","1,676","","","","","tr","1.1","","","","","","https://www.unityverseacademy.com/urun/ingilizce-egitimi-ozel-ders-1442/","2026-07-27 17:46:12"
"https://www.unityverseacademy.com/urun/mimarlik-icin-3d-tasarim-ve-gorsellestirme-egitimi-online-120-saat-1578/","text/html; charset=utf-8","200","OK","Non-Indexable","Canonicalised","Mimarlık için 3D Tasarım ve Görselleştirme Eğitimi Online 120 Saat","66","598","2026 Python bootcamp sıfırdan ileri seviye online kursu. Yapay zeka, veri bilimi ve otomasyon için Python öğrenin!","114","698","Python bootcamp online, sıfırdan Python 2026, yapay zeka Python kursu, online Python eğitimi","92","Mimarlık için 3D Tasarım ve Görselleştirme Eğitimi Online 120 Saat","66","","0","Mimarlık & İç Mimarlık için 3D Tasarım ve Görselleştirme Eğitimi Online","71","Ne Öğreneceğim?","15","","","","https://unityverseacademy.com/urun/2026-python-bootcamp-sifirdan-python-canli-online-egitimi-8/","","","","","","145277","36662","36662","5,433","","1811","431","4,202","50,981","Fairly Hard","9,124","2","2","","38","4","0","1,780","100","46","0","11","11","0","","","","","d237ff5b746b5d8cc7730b517d5f27b","2,008","","","","","tr","1.1","","","","","","https://www.unityverseacademy.com/urun/mimarlik-icin-3d-tasarim-ve-gorsellestirme-egitimi-online-120-saat-1578/","2026-07-27 17:46:11"
"https://www.unityverseacademy.com/uploads/p/p/unreal-engine-ile-metaverse-gelistirme-yuz-yuze-egitim_1.jpg?v=1759587967","image/jpeg","200","OK","Indexable","","","0","0","","0","0","","0","","0","","0","","0","","0","","","","","","","","","","111131","111131","111131","16,470","","0","","","","","0,000","2","3","","1","1","0","0,440","0","0","0","0","0","0","","","","","","0,347","Wed, 17 Jun 2026 19:04:47 GMT","","","","","1.1","","","","","","https://www.unityverseacademy.com/uploads/p/p/unreal-engine-ile-metaverse-gelistirme-yuz-yuze-egitim_1.jpg?v=1759587967","2026-07-27 17:46:13"
"https://www.unityverseacademy.com/uploads/p/p/unity-ile-oyun-gelistirme-canli-online-egitimi_1.jpeg?v=1714312907","image/jpeg","200","OK","Indexable","","","0","0","","0","0","","0","","0","","0","","0","","0","","","","","","","","","","79877","79877","79877","11,838","","0","","","","","0,000","2","3","","1","1","0","0,440","0","0","0","0","0","0","","","","","","0,348","Wed, 17 Jun 2026 19:04:47 GMT","","","","","1.1","","","","","","https://www.unityverseacademy.com/uploads/p/p/unity-ile-oyun-gelistirme-canli-online-egitimi_1.jpeg?v=1714312907","2026-07-27 17:46:14"
"https://www.unityverseacademy.com/uploads/fm/IMG_51032.jpg","image/jpeg","200","OK","Indexable","","","0","0","","0","0","","0","","0","","0","","0","","0","","","","","","","","","","110921","110921","110921","16,438","","0","","","","","0,000","2","2","","0","0","0","0,000","0","0","0","0","0","0","","","","","","0,667","Wed, 17 Jun 2026 19:04:46 GMT","","","","","1.1","","","","","","https://www.unityverseacademy.com/uploads/fm/IMG_51032.jpg","2026-07-27 17:46:14"
"https://www.unityverseacademy.com/urun/cocuklar-icin-unity-ile-oyun-gelistirme-ozel-ders-1596/","text/html; charset=utf-8","200","OK","Non-Indexable","Canonicalised","Çocuklar İçin Unity ile Oyun Geliştirme Özel Ders","49","429","2026 Python bootcamp sıfırdan ileri seviye online kursu. Yapay zeka, veri bilimi ve otomasyon için Python öğrenin!","114","698","Python bootcamp online, sıfırdan Python 2026, yapay zeka Python kursu, online Python eğitimi","92","Çocuklar İçin Unity ile Oyun Geliştirme Özel Ders","49","","0","Unity ile Oyun Geliştirme Eğitimi","33","Ne Öğreneceğim?","15","","","","https://unityverseacademy.com/urun/2026-python-bootcamp-sifirdan-python-canli-online-egitimi-8/","","","","","","166140","42112","42112","6,241","","3266","671","4,867","6,351","Very Hard","16,862","2","2","","23","4","0","1,780","87","47","0","12","12","0","","","","","42b3a89cac512861711e6a269a175f9d","0,577","","","","","tr","1.1","","","","","","https://www.unityverseacademy.com/urun/cocuklar-icin-unity-ile-oyun-gelistirme-ozel-ders-1596/","2026-07-27 17:46:14"
"https://www.unityverseacademy.com/uploads/p/p/blender-3b-oyun-modelleme-canli-online-egitim_1.jpg?v=1762940609","image/jpeg","200","OK","Indexable","","","0","0","","0","0","","0","","0","","0","","0","","0","","","","","","","","","","163932","163932","163932","24,295","","0","","","","","0,000","2","3","","2","2","0","0,890","0","0","0","0","0","0","","","","","","0,088","Wed, 17 Jun 2026 19:04:47 GMT","","","","","1.1","","","","","","https://www.unityverseacademy.com/uploads/p/p/blender-3b-oyun-modelleme-canli-online-egitim_1.jpg?v=1762940609","2026-07-27 17:46:14"
"https://www.unityverseacademy.com/uploads/p/p/blender-ile-3d-modelleme-yuz-yuze-egitim_1.jpg?v=1762940678","image/jpeg","200","OK","Indexable","","","0","0","","0","0","","0","","0","","0","","0","","0","","","","","","","","","","163932","163932","163932","24,295","","0","","","","","0,000","2","3","","1","1","0","0,440","0","0","0","0","0","0","","","","","","0,576","Wed, 17 Jun 2026 19:04:47 GMT","","","","","1.1","","","","","","https://www.unityverseacademy.com/uploads/p/p/blender-ile-3d-modelleme-yuz-yuze-egitim_1.jpg?v=1762940678","2026-07-27 17:46:14"
"https://www.unityverseacademy.com/uploads/p/p/aranan-programci-olma-kampi-yuz-yuze-kursu_1.jpeg?v=1713625445","image/jpeg","200","OK","Indexable","","","0","0","","0","0","","0","","0","","0","","0","","0","","","","","","","","","","90671","90671","90671","13,437","","0","","","","","0,000","2","3","","1","1","0","0,440","0","0","0","0","0","0","","","","","","0,830","Wed, 17 Jun 2026 19:04:47 GMT","","","","","1.1","","","","","","https://www.unityverseacademy.com/uploads/p/p/aranan-programci-olma-kampi-yuz-yuze-kursu_1.jpeg?v=1713625445","2026-07-27 17:46:14"
"https://www.unityverseacademy.com/uploads/fm/blobid817.jpg","image/jpeg","200","OK","Indexable","","","0","0","","0","0","","0","","0","","0","","0","","0","","","","","","","","","","142375","142375","142375","21,100","","0","","","","","0,000","2","2","","0","0","0","0,000","0","0","0","0","0","0","","","","","","0,658","Wed, 17 Jun 2026 19:04:46 GMT","","","","","1.1","","","","","","https://www.unityverseacademy.com/uploads/fm/blobid817.jpg","2026-07-27 17:46:14"
"https://www.unityverseacademy.com/kategori/oyun-gelistirme-egitimleri-244/#!","text/html; charset=utf-8","200","OK","Non-Indexable","Canonicalised","Oyun Geliştirme Eğitimleri","26","233","Oyun sektörü hızla büyüyor. Eğer sende bu büyümeye ayak uydurmak istiyorsan bizimle hemen iletişime geç.","104","666","","0","Oyun Geliştirme Eğitimleri","26","","0","","0","","0","","","","https://unityverseacademy.com/kategori/oyun-gelistirme-egitimleri-244/","","","","","","174998","30593","30593","4,534","","971","274","3,544","62,441","Normal","4,126","2","2","","2","2","0","0,890","154","66","0","7","7","0","","","","","494348262b09a9c415c4fbca25bfb14c","0,416","","","","","tr","1.1","","","","","","https://www.unityverseacademy.com/kategori/oyun-gelistirme-egitimleri-244/#!","2026-07-27 17:46:14"
"https://www.unityverseacademy.com/uploads/p/p/substance-3d-painter-yuz-yuze-egitimi_1.jpg?v=1698759736","image/jpeg","200","OK","Indexable","","","0","0","","0","0","","0","","0","","0","","0","","0","","","","","","","","","","131158","131158","131158","19,438","","0","","","","","0,000","2","3","","1","1","0","0,440","0","0","0","0","0","0","","","","","","0,243","Wed, 17 Jun 2026 19:04:47 GMT","","","","","1.1","","","","","","https://www.unityverseacademy.com/uploads/p/p/substance-3d-painter-yuz-yuze-egitimi_1.jpg?v=1698759736","2026-07-27 17:46:15"
"https://www.unityverseacademy.com/kategori/staj-garantili-egitimler-266/#!","text/html; charset=utf-8","200","OK","Non-Indexable","Canonicalised","Staj Garantili Eğitimler, Yazılım Eğitimleri","44","366","Staj Garantili Eğitimler, Yazılım Eğitimleri","44","247","","0","Staj Garantili Eğitimler","24","","0","","0","","0","","","","https://unityverseacademy.com/kategori/staj-garantili-egitimler-266/","","","","","","138241","28953","28953","4,291","","614","195","3,149","67,094","Normal","3,610","2","2","","2","2","0","0,890","109","50","0","7","7","0","","","","","d44e99adb63b9774e4614d900911206d","0,839","","","","","tr","1.1","","","","","","https://www.unityverseacademy.com/kategori/staj-garantili-egitimler-266/#!","2026-07-27 17:46:14"
"https://www.unityverseacademy.com/urun/profesyonel-mimari-render-ve-etkilesim-egitimi-yuz-yuze-24-saat-1612/","text/html; charset=utf-8","200","OK","Non-Indexable","Canonicalised","Profesyonel Mimari Render ve Etkileşim Eğitimi Yüz Yüze 24 Saat","63","582","2026 Python bootcamp sıfırdan ileri seviye online kursu. Yapay zeka, veri bilimi ve otomasyon için Python öğrenin!","114","698","Python bootcamp online, sıfırdan Python 2026, yapay zeka Python kursu, online Python eğitimi","92","Profesyonel Mimari Render ve Etkileşim Eğitimi Yüz Yüze 24 Saat","63","","0","Profesyonel Mimari Render ve Etkileşim Eğitimi","46","Ne Öğreneceğim?","15","","","","https://unityverseacademy.com/urun/2026-python-bootcamp-sifirdan-python-canli-online-egitimi-8/","","","","","","137079","33653","33653","4,987","","1564","346","4,520","36,888","Hard","9,074","2","2","","10","4","0","1,780","72","46","0","11","11","0","","","","","3fbf5c9de99931a773055df8cbe9bc3a","0,838","","","","","tr","1.1","","","","","","https://www.unityverseacademy.com/urun/profesyonel-mimari-render-ve-etkilesim-egitimi-yuz-yuze-24-saat-1612/","2026-07-27 17:46:15"
"https://www.unityverseacademy.com/uploads/p/p/marvelous-designer-ile-giysi-tasarimi-yuz-yuze-egitimi_2.jpg?v=1762940207","image/jpeg","200","OK","Indexable","","","0","0","","0","0","","0","","0","","0","","0","","0","","","","","","","","","","146149","146149","146149","21,659","","0","","","","","0,000","2","3","","1","1","0","0,440","0","0","0","0","0","0","","","","","","0,313","Thu, 18 Jun 2026 12:14:51 GMT","","","","","1.1","","","","","","https://www.unityverseacademy.com/uploads/p/p/marvelous-designer-ile-giysi-tasarimi-yuz-yuze-egitimi_2.jpg?v=1762940207","2026-07-27 17:46:15"
"https://www.unityverseacademy.com/uploads/p/p/unreal-engine-ile-sanal-gerceklik-vr-ozel-ders_2.jpg?v=1696602480","image/jpeg","200","OK","Indexable","","","0","0","","0","0","","0","","0","","0","","0","","0","","","","","","","","","","113195","113195","113195","16,775","","0","","","","","0,000","2","3","","1","1","0","0,440","0","0","0","0","0","0","","","","","","0,763","Wed, 17 Jun 2026 19:04:47 GMT","","","","","1.1","","","","","","https://www.unityverseacademy.com/uploads/p/p/unreal-engine-ile-sanal-gerceklik-vr-ozel-ders_2.jpg?v=1696602480","2026-07-27 17:46:15"
"https://www.unityverseacademy.com/urun/senaryo-yazma-canli-online-egitimi-587/","text/html; charset=utf-8","200","OK","Non-Indexable","Canonicalised","Senaryo Yazma Canlı (Online) Eğitimi","36","332","2026 Python bootcamp sıfırdan ileri seviye online kursu. Yapay zeka, veri bilimi ve otomasyon için Python öğrenin!","114","698","Python bootcamp online, sıfırdan Python 2026, yapay zeka Python kursu, online Python eğitimi","92","Senaryo Yazma Canlı (Online) Eğitimi","36","","0","","0","","0","","","","https://unityverseacademy.com/urun/2026-python-bootcamp-sifirdan-python-canli-online-egitimi-8/","","","","","","168727","57895","57895","8,580","","1824","398","4,583","8,911","Very Hard","9,220","2","2","","10","4","0","1,780","73","46","0","12","11","0","","","","","b22436c186881040266c9e2b286fe458","0,825","","","","","tr","1.1","","","","","","https://www.unityverseacademy.com/urun/senaryo-yazma-canli-online-egitimi-587/","2026-07-27 17:46:15"
"https://www.unityverseacademy.com/urun/fizik-egitimi-ozel-ders-1429/","text/html; charset=utf-8","200","OK","Non-Indexable","Canonicalised","Fizik Eğitimi Özel Ders","23","199","2026 Python bootcamp sıfırdan ileri seviye online kursu. Yapay zeka, veri bilimi ve otomasyon için Python öğrenin!","114","698","Python bootcamp online, sıfırdan Python 2026, yapay zeka Python kursu, online Python eğitimi","92","Fizik Eğitimi Özel Ders","23","","0","Eğitim Koordinatörü: Doç. Dr. Ali Çivril(CV için tıklayınız.)","61","","0","","","","https://unityverseacademy.com/urun/2026-python-bootcamp-sifirdan-python-canli-online-egitimi-8/","","","","","","121191","30856","30856","4,573","","496","141","3,518","44,810","Hard","3,665","2","2","","10","4","0","1,780","72","46","0","11","11","0","","","","","e74823469e0ec62c7b752305dcce7702","0,193","","","","","tr","1.1","","","","","","https://www.unityverseacademy.com/urun/fizik-egitimi-ozel-ders-1429/","2026-07-27 17:46:15"
"https://www.unityverseacademy.com/urun/film-muzigi-teknikleri-canli-online-egitimi-647/","text/html; charset=utf-8","200","OK","Non-Indexable","Canonicalised","Film Müziği Teknikleri Canlı (Online) Eğitimi","45","388","2026 Python bootcamp sıfırdan ileri seviye online kursu. Yapay zeka, veri bilimi ve otomasyon için Python öğrenin!","114","698","Python bootcamp online, sıfırdan Python 2026, yapay zeka Python kursu, online Python eğitimi","92","Film Müziği Teknikleri Canlı (Online) Eğitimi","45","","0","Eğitimimizden kareler:","22","IMG_50372.jpg","13","","","","https://unityverseacademy.com/urun/2026-python-bootcamp-sifirdan-python-canli-online-egitimi-8/","","","","","","151591","53920","53920","7,991","","371","110","3,373","56,559","Fairly Hard","2,262","2","2","","12","5","0","2,220","70","44","0","10","10","0","","","","","f3b27ec9fce5bea99bff8c396d93ea58","0,302","","","","","tr","1.1","","","","","","https://www.unityverseacademy.com/urun/film-muzigi-teknikleri-canli-online-egitimi-647/","2026-07-27 17:46:16"
"https://www.unityverseacademy.com/urun/senaryo-yazma-yuz-yuze-egitimi-622/","text/html; charset=utf-8","200","OK","Non-Indexable","Canonicalised","Senaryo Yazma Yüz Yüze Eğitimi","30","293","2026 Python bootcamp sıfırdan ileri seviye online kursu. Yapay zeka, veri bilimi ve otomasyon için Python öğrenin!","114","698","Python bootcamp online, sıfırdan Python 2026, yapay zeka Python kursu, online Python eğitimi","92","Senaryo Yazma Yüz Yüze Eğitimi","30","","0","","0","Eğitimimizden kareler:","22","","","","https://unityverseacademy.com/urun/2026-python-bootcamp-sifirdan-python-canli-online-egitimi-8/","","","","","","156584","54839","54839","8,127","","652","168","3,881","34,345","Hard","3,587","2","2","","10","4","0","1,780","72","46","0","11","11","0","","","","","2868bd6a3c9739af021480780f66bf3c","0,395","","","","","tr","1.1","","","","","","https://www.unityverseacademy.com/urun/senaryo-yazma-yuz-yuze-egitimi-622/","2026-07-27 17:46:16"
"https://www.unityverseacademy.com/uploads/p/p/ses-tasarimi-canli-online-egitimi_2.jpg?v=1759590828","image/jpeg","200","OK","Indexable","","","0","0","","0","0","","0","","0","","0","","0","","0","","","","","","","","","","105593","105593","105593","15,649","","0","","","","","0,000","2","3","","1","1","0","0,440","0","0","0","0","0","0","","","","","","0,176","Wed, 17 Jun 2026 19:04:47 GMT","","","","","1.1","","","","","","https://www.unityverseacademy.com/uploads/p/p/ses-tasarimi-canli-online-egitimi_2.jpg?v=1759590828","2026-07-27 17:46:16"
"https://www.unityverseacademy.com/uploads/p/p/3ds-max-canli-online-egitimi_1.jpg?v=1762865165","image/jpeg","200","OK","Indexable","","","0","0","","0","0","","0","","0","","0","","0","","0","","","","","","","","","","258715","258715","258715","38,342","","0","","","","","0,000","2","3","","1","1","0","0,440","0","0","0","0","0","0","","","","","","0,181","Thu, 18 Jun 2026 12:14:51 GMT","","","","","1.1","","","","","","https://www.unityverseacademy.com/uploads/p/p/3ds-max-canli-online-egitimi_1.jpg?v=1762865165","2026-07-27 17:46:16"
"https://www.unityverseacademy.com/urun/zbrush-ile-organik-modelleme-yuz-yuze-egitimi-590/","text/html; charset=utf-8","200","OK","Non-Indexable","Canonicalised","ZBrush ile Organik & Karakter Modelleme Kursu – Yüz Yüze (Dijital Sculpting)","76","687","2026 Python bootcamp sıfırdan ileri seviye online kursu. Yapay zeka, veri bilimi ve otomasyon için Python öğrenin!","114","698","Python bootcamp online, sıfırdan Python 2026, yapay zeka Python kursu, online Python eğitimi","92","ZBrush ile Organik & Karakter Modelleme Kursu – Yüz Yüze (Dijital Sculpting)","76","","0","ZBrush ile Organik Modelleme Eğitimi Eğitmen: Öğr. Gör. Deniz Erbaş (CV'ye erişmek için tıklayınız.) Marmara Üniversitesi Grafik Tasarım ve Yüksek Lisans Sinema TV Mezunu, İstanbul Aydın Üniversitesi Sinema TV bölümünde Doktora (PhD.) eğitimine devam etmektedir.","262","Goz Games Kurucu ortağıdır, sektörde 20 yılı aşkın süredir video kurgu, after effects, animasyon, 3D modelleme ve tasarım alanlarında çalışmaktadır. Ayrıca öğrenciler, Türkiye’nin saygın üniversitelerinin teknoparklarından ve Sanayi ve Teknoloji Bakanlığı’ndan onaylı Ar-Ge Projesi kapsamında dijital heykel ve karakter tasarımı proje ekibinde aktif olarak görev alır ve “ZBrush Proje Geliştirme Sertifikası” almaya hak kazanır. Eğitim sürecinde ZBrush yazılımı ile organik modelleme, karakter anatomisi, detaylandırma ve dijital heykel alanlarında ileri düzey teknik ve sanatsal beceriler geliştirirler. Oluşturdukları karakter ve yaratıcı konsept çalışmalarını ArtStation, CGSociety ve diğer uluslararası dijital sanat platformlarında sergileyerek, oyun, film ve dijital sanat endüstrilerinde profesyonel portföy oluştururlar ve kariyer fırsatlarında önemli bir avantaj elde ederler.","885","","","","https://unityverseacademy.com/urun/2026-python-bootcamp-sifirdan-python-canli-online-egitimi-8/","","","","","","145101","37848","37848","5,609","","2145","459","4,673","10,805","Very Hard","12,689","2","2","","12","5","0","2,220","73","47","0","13","12","0","","","","","27b18bf9d74669f7996a5b9283edd1aa","0,848","","","","","tr","1.1","","","","","","https://www.unityverseacademy.com/urun/zbrush-ile-organik-modelleme-yuz-yuze-egitimi-590/","2026-07-27 17:46:15"
"https://www.unityverseacademy.com/uploads/p/p/zbrush-ile-organik-modelleme-online-egitimi_2.jpg?v=1762940418","image/jpeg","200","OK","Indexable","","","0","0","","0","0","","0","","0","","0","","0","","0","","","","","","","","","","146303","146303","146303","21,682","","0","","","","","0,000","2","3","","1","1","0","0,440","0","0","0","0","0","0","","","","","","0,921","Thu, 18 Jun 2026 12:16:26 GMT","","","","","1.1","","","","","","https://www.unityverseacademy.com/uploads/p/p/zbrush-ile-organik-modelleme-online-egitimi_2.jpg?v=1762940418","2026-07-27 17:46:16"
"https://www.unityverseacademy.com/uploads/p/p/dijital-oyun-muzigi-teknikleri-canli-online-egitimi_2.jpg?v=1759590545","image/jpeg","200","OK","Indexable","","","0","0","","0","0","","0","","0","","0","","0","","0","","","","","","","","","","107838","107838","107838","15,982","","0","","","","","0,000","2","3","","1","1","0","0,440","0","0","0","0","0","0","","","","","","0,199","Wed, 17 Jun 2026 19:04:47 GMT","","","","","1.1","","","","","","https://www.unityverseacademy.com/uploads/p/p/dijital-oyun-muzigi-teknikleri-canli-online-egitimi_2.jpg?v=1759590545","2026-07-27 17:46:16"
"https://www.unityverseacademy.com/uploads/p/p/veri-yapilari-egitimi-ozel-ders_1.jpg?v=1759324987","image/jpeg","200","OK","Indexable","","","0","0","","0","0","","0","","0","","0","","0","","0","","","","","","","","","","137863","137863","137863","20,431","","0","","","","","0,000","2","3","","1","1","0","0,440","0","0","0","0","0","0","","","","","","0,851","Thu, 18 Jun 2026 12:16:26 GMT","","","","","1.1","","","","","","https://www.unityverseacademy.com/uploads/p/p/veri-yapilari-egitimi-ozel-ders_1.jpg?v=1759324987","2026-07-27 17:46:16"
"https://www.unityverseacademy.com/urun/turkce-egitimi-ozel-ders-1438/","text/html; charset=utf-8","200","OK","Non-Indexable","Canonicalised","Türkçe Eğitimi Özel Ders","24","219","2026 Python bootcamp sıfırdan ileri seviye online kursu. Yapay zeka, veri bilimi ve otomasyon için Python öğrenin!","114","698","Python bootcamp online, sıfırdan Python 2026, yapay zeka Python kursu, online Python eğitimi","92","Türkçe Eğitimi Özel Ders","24","","0","Türkçe Eğitimi Özel Ders","24","","0","","","","https://unityverseacademy.com/urun/2026-python-bootcamp-sifirdan-python-canli-online-egitimi-8/","","","","","","118901","30106","30106","4,462","","382","115","3,322","59,953","Fairly Hard","2,928","2","2","","10","4","0","1,780","71","45","0","10","10","0","","","","","263f6a6683daa478b335129c8307f17c","1,051","","","","","tr","1.1","","","","","","https://www.unityverseacademy.com/urun/turkce-egitimi-ozel-ders-1438/","2026-07-27 17:46:16"
"https://www.unityverseacademy.com/uploads/p/p/unity-ile-oyun-gelistirme-yuz-yuze-egitimi_1.jpeg?v=1714312888","image/jpeg","200","OK","Indexable","","","0","0","","0","0","","0","","0","","0","","0","","0","","","","","","","","","","79877","79877","79877","11,838","","0","","","","","0,000","2","3","","1","1","0","0,440","0","0","0","0","0","0","","","","","","0,793","Wed, 17 Jun 2026 19:04:47 GMT","","","","","1.1","","","","","","https://www.unityverseacademy.com/uploads/p/p/unity-ile-oyun-gelistirme-yuz-yuze-egitimi_1.jpeg?v=1714312888","2026-07-27 17:46:17"
"https://www.unityverseacademy.com/uploads/p/p/senaryo-yazma-canli-online-egitimi_2.jpg?v=1759587866","image/jpeg","200","OK","Indexable","","","0","0","","0","0","","0","","0","","0","","0","","0","","","","","","","","","","119975","119975","119975","17,780","","0","","","","","0,000","2","3","","1","1","0","0,440","0","0","0","0","0","0","","","","","","0,192","Wed, 17 Jun 2026 19:04:47 GMT","","","","","1.1","","","","","","https://www.unityverseacademy.com/uploads/p/p/senaryo-yazma-canli-online-egitimi_2.jpg?v=1759587866","2026-07-27 17:46:17"
"https://unityverseacademy.com/kategori/ses-tasarim-egitimleri-251/","text/html; charset=utf-8","200","OK","Indexable","","Ses Tasarımı Yüz Yüze Kursları","30","278","Ses Tasarım Eğitimleri","22","136","","0","Ses Tasarım Eğitimleri","22","","0","","0","","0","","","","https://unityverseacademy.com/kategori/ses-tasarim-egitimleri-251/","","","","","","134242","28618","28618","4,241","","548","186","2,946","63,359","Normal","3,431","2","2","","44","15","0","6,670","103","49","0","7","7","0","","","","","efc59a6505483fd721285c6742c8da3a","0,922","","","","","tr","1.1","","","","","","https://unityverseacademy.com/kategori/ses-tasarim-egitimleri-251/","2026-07-27 17:46:17"
"https://www.unityverseacademy.com/public/tema10/js/course-overview.js?v=20260726-2","application/javascript; charset=UTF-8","200","OK","Indexable","","","0","0","","0","0","","0","","0","","0","","0","","0","","","","","","","","","","0","0","0","0,000","","0","","","","","0,000","2","3","","0","0","0","0,000","0","0","0","0","0","0","","","","","","0,311","Sun, 26 Jul 2026 10:06:23 GMT","","","","","1.1","","","","","","https://www.unityverseacademy.com/public/tema10/js/course-overview.js?v=20260726-2","2026-07-27 17:46:17"
"https://www.unityverseacademy.com/urun/marvelous-designer-ile-giysi-tasarimi-uzmanligi-canli-online-egitimi-552/","text/html; charset=utf-8","200","OK","Non-Indexable","Canonicalised","Marvelous Designer Giysi Tasarımı Uzmanlık Kursu – Online Canlı (Kumaş Simülasyonu)","83","785","2026 Python bootcamp sıfırdan ileri seviye online kursu. Yapay zeka, veri bilimi ve otomasyon için Python öğrenin!","114","698","Python bootcamp online, sıfırdan Python 2026, yapay zeka Python kursu, online Python eğitimi","92","Marvelous Designer Giysi Tasarımı Uzmanlık Kursu – Online Canlı (Kumaş Simülasyonu)","83","","0","pcySXNzep82JPsEnPLYjVd.jpg","26","SERTİFİKALAR","12","","","","https://unityverseacademy.com/urun/2026-python-bootcamp-sifirdan-python-canli-online-egitimi-8/","","","","","","147556","38235","38235","5,666","","2302","491","4,688","12,921","Very Hard","13,204","2","2","","12","5","0","2,220","73","46","0","11","11","0","","","","","a193646d7a746036a6a1a87947a0006b","0,446","","","","","tr","1.1","","","","","","https://www.unityverseacademy.com/urun/marvelous-designer-ile-giysi-tasarimi-uzmanligi-canli-online-egitimi-552/","2026-07-27 17:46:17"
"https://www.unityverseacademy.com/uploads/fm/ACP_Logo_Adobe_Certified_Professional_Adobe_Illustrator_digital_badge.png","image/png","200","OK","Indexable","","","0","0","","0","0","","0","","0","","0","","0","","0","","","","","","","","","","13370","13370","13370","1,981","","0","","","","","0,000","2","2","","0","0","0","0,000","0","0","0","0","0","0","","","","","","0,089","Wed, 17 Jun 2026 19:04:45 GMT","","","","","1.1","","","","","","https://www.unityverseacademy.com/uploads/fm/ACP_Logo_Adobe_Certified_Professional_Adobe_Illustrator_digital_badge.png","2026-07-27 17:46:18"
"https://www.unityverseacademy.com/uploads/p/p/almanca-egitimi-ozel-ders_1.jpg?v=1759325961","image/jpeg","200","OK","Indexable","","","0","0","","0","0","","0","","0","","0","","0","","0","","","","","","","","","","142897","142897","142897","21,177","","0","","","","","0,000","2","3","","1","1","0","0,440","0","0","0","0","0","0","","","","","","0,352","Thu, 18 Jun 2026 12:14:51 GMT","","","","","1.1","","","","","","https://www.unityverseacademy.com/uploads/p/p/almanca-egitimi-ozel-ders_1.jpg?v=1759325961","2026-07-27 17:46:18"
"https://www.unityverseacademy.com/uploads/fm/dijital_oyun_geliştirme_(1)3.jpg","image/jpeg","200","OK","Indexable","","","0","0","","0","0","","0","","0","","0","","0","","0","","","","","","","","","","84932","84932","84932","12,587","","0","","","","","0,000","2","2","","0","0","0","0,000","0","0","0","0","0","0","","","","","","0,433","Wed, 17 Jun 2026 19:04:46 GMT","","","","","1.1","","","","","","https://www.unityverseacademy.com/uploads/fm/dijital_oyun_geli%C5%9Ftirme_(1)3.jpg","2026-07-27 17:46:17"
"https://www.unityverseacademy.com/urun/sketchupta-mimari-ve-ic-mekân-modelleme-egitimi-uygulamali-yuz-yuze-1620/","text/html; charset=utf-8","200","OK","Non-Indexable","Canonicalised","SketchUp’ta Mimari ve İç Mekân Modelleme Eğitimi (Uygulamalı) - Yüz Yüze","72","674","2026 Python bootcamp sıfırdan ileri seviye online kursu. Yapay zeka, veri bilimi ve otomasyon için Python öğrenin!","114","698","Python bootcamp online, sıfırdan Python 2026, yapay zeka Python kursu, online Python eğitimi","92","SketchUp’ta Mimari ve İç Mekân Modelleme Eğitimi (Uygulamalı) - Yüz Yüze","72","","0","SketchUp’ta Mimari ve İç Mekân Modelleme Eğitimi (Uygulamalı)","61","Ne Öğreneceğim?","15","","","","https://unityverseacademy.com/urun/2026-python-bootcamp-sifirdan-python-canli-online-egitimi-8/","","","","","","134686","34009","34009","5,040","","1151","292","3,942","46,276","Hard","6,683","2","2","","10","4","0","1,780","72","46","0","11","11","0","","","","","dee9361724c3cc90c6cd7242b16560ac","0,580","","","","","tr","1.1","","","","","","https://www.unityverseacademy.com/urun/sketchupta-mimari-ve-ic-mek%C3%A2n-modelleme-egitimi-uygulamali-yuz-yuze-1620/","2026-07-27 17:46:18"
"https://www.unityverseacademy.com/urun/2b-cizgi-film-ve-animasyon-uzmanligi-canli-online-egitimi-565","text/html; charset=utf-8","200","OK","Non-Indexable","Canonicalised","2B Çizgi Film ve Animasyon Uzmanlığı Canlı (Online) Eğitimi","59","533","2026 Python bootcamp sıfırdan ileri seviye online kursu. Yapay zeka, veri bilimi ve otomasyon için Python öğrenin!","114","698","Python bootcamp online, sıfırdan Python 2026, yapay zeka Python kursu, online Python eğitimi","92","2B Çizgi Film ve Animasyon Uzmanlığı Canlı (Online) Eğitimi","59","","0","2B Çizgi Film ve Animasyon Uzmanlığı Eğitimi Eğitmen: Nevin Eryılmaz (CV için tıklayınız.) Nevin Eryılmaz, geleneksel ve dijital tasarım alanlarındaki 20 yılı aşkın sektör deneyimi yanı sıra, İstinye Üniversitesi'nde Bilgisayar Destekli Tasarım ve Animasyon önlisans ve Dijital Oyun Tasarımı lisans programlarının kurucusudur. Üniversitenin Dijital Oyun Tasarımı bölümündeki tasarım ve yazılım merkezli eğitim anlayışının öncüsü olmakla beraber, 2021 yılında aynı üniversitede Türkiye'nin ilk YÖK onaylı Dijital Oyun Araştırma Merkezi olan Dijital Oyun Geliştirme ve Animasyon Araştırma Uygulama Merkezi'ni kurmuştur ve iki sene boyunca Merkez Müdürü olarak görev almıştır. Merkez'de üniversitenin Animasyon ve Dijital Oyun Tasarımı programlarındaki öğrencilerin kendi oyunlarını geliştirerek oyun marketlerinde yayınlaması ve ticarileşmeleri desteklenmiştir. Eryılmaz'ın sektör ve akademi deneyimli kadrosunun etkisi ile, İstinye Üniversitesi Dijital Oyun Tasarımı bölümü iki senede Türkiye'nin ilk tercih edilen 3 üniversitesi arasına yerleşmiştir. Eryılmaz'ın Milli Eğitim Bakanlığı ve çeşitli dijital oyun şirketleri ortaklığında gerçekleşen proje ve çalışmaları devam etmektedir.","1184","Öğr. Gör. Nevin Eryılmaz'ın katıldığı programlardan bir kaçı:","61","","","","https://unityverseacademy.com/urun/2026-python-bootcamp-sifirdan-python-canli-online-egitimi-8/","","","","","","170081","56189","56189","8,327","","1885","414","4,553","9,092","Very Hard","9,498","2","1","","44","2","0","0,890","111","45","0","11","11","0","","","","","523e133058a35ad45ba89aa6f9a2c28f","0,488","","","","","tr","1.1","","","","","","https://www.unityverseacademy.com/urun/2b-cizgi-film-ve-animasyon-uzmanligi-canli-online-egitimi-565","2026-07-27 17:46:17"
"https://www.unityverseacademy.com/uploads/p/p/blender-ile-3d-modelleme-ve-animasyon-egitimi-online_1.jpg?v=1764078559","image/jpeg","200","OK","Indexable","","","0","0","","0","0","","0","","0","","0","","0","","0","","","","","","","","","","42457","42457","42457","6,292","","0","","","","","0,000","2","3","","1","1","0","0,440","0","0","0","0","0","0","","","","","","0,609","Thu, 18 Jun 2026 12:14:51 GMT","","","","","1.1","","","","","","https://www.unityverseacademy.com/uploads/p/p/blender-ile-3d-modelleme-ve-animasyon-egitimi-online_1.jpg?v=1764078559","2026-07-27 17:46:18"
"https://www.unityverseacademy.com/uploads/p/p/blender-ile-3d-modelleme-online-ozel-ders_1.jpg?v=1762940649","image/jpeg","200","OK","Indexable","","","0","0","","0","0","","0","","0","","0","","0","","0","","","","","","","","","","163932","163932","163932","24,295","","0","","","","","0,000","2","3","","1","1","0","0,440","0","0","0","0","0","0","","","","","","0,573","Wed, 17 Jun 2026 19:04:47 GMT","","","","","1.1","","","","","","https://www.unityverseacademy.com/uploads/p/p/blender-ile-3d-modelleme-online-ozel-ders_1.jpg?v=1762940649","2026-07-27 17:46:18"
"https://www.unityverseacademy.com/urun/36-saat-kapsamli-zbrush-modelleme-egitimi-yuz-yuze-1539/","text/html; charset=utf-8","200","OK","Non-Indexable","Canonicalised","ZBrush Kapsamlı Sculpting Kursu – 36 Saat Yüz Yüze (Organik & Hard Surface)","75","702","2026 Python bootcamp sıfırdan ileri seviye online kursu. Yapay zeka, veri bilimi ve otomasyon için Python öğrenin!","114","698","Python bootcamp online, sıfırdan Python 2026, yapay zeka Python kursu, online Python eğitimi","92","ZBrush Kapsamlı Sculpting Kursu – 36 Saat Yüz Yüze (Organik & Hard Surface)","75","","0","ZBrush ile Organik Modelleme Eğitimi Eğitmen: Öğr. Gör. Deniz Erbaş (CV'ye erişmek için tıklayınız.) Marmara Üniversitesi Grafik Tasarım ve Yüksek Lisans Sinema TV Mezunu, İstanbul Aydın Üniversitesi Sinema TV bölümünde Doktora (PhD.) eğitimine devam etmektedir.","262","Goz Games Kurucu ortağıdır, sektörde 20 yılı aşkın süredir video kurgu, after effects, animasyon, 3D modelleme ve tasarım alanlarında çalışmaktadır. Ayrıca öğrenciler, Türkiye’nin saygın üniversitelerinin teknoparklarından ve Sanayi ve Teknoloji Bakanlığı’ndan onaylı Ar-Ge Projesi kapsamında dijital heykel ve karakter tasarımı proje ekibinde aktif olarak görev alır ve “ZBrush Proje Geliştirme Sertifikası” almaya hak kazanır. Eğitim sürecinde ZBrush yazılımı ile organik modelleme, karakter anatomisi, detaylandırma ve dijital heykel alanlarında ileri düzey teknik ve sanatsal beceriler geliştirirler. Oluşturdukları karakter ve yaratıcı konsept çalışmalarını ArtStation, CGSociety ve diğer uluslararası dijital sanat platformlarında sergileyerek, oyun, film ve dijital sanat endüstrilerinde profesyonel portföy oluştururlar ve kariyer fırsatlarında önemli bir avantaj elde ederler.","885","","","","https://unityverseacademy.com/urun/2026-python-bootcamp-sifirdan-python-canli-online-egitimi-8/","","","","","","139520","34945","34945","5,179","","1599","381","4,197","37,819","Hard","9,125","2","2","","22","6","0","2,670","81","47","0","11","11","0","","","","","8c5321df3ee091de779e4794f6cbdbde","0,131","","","","","tr","1.1","","","","","","https://www.unityverseacademy.com/urun/36-saat-kapsamli-zbrush-modelleme-egitimi-yuz-yuze-1539/","2026-07-27 17:46:18"
"https://www.unityverseacademy.com/uploads/p/o/CLDIvixRzArT.png?v=1731497148","image/png","200","OK","Indexable","","","0","0","","0","0","","0","","0","","0","","0","","0","","","","","","","","","","213577","213577","213577","31,652","","0","","","","","0,000","2","3","","0","0","0","0,000","0","0","0","0","0","0","","","","","","0,156","Wed, 17 Jun 2026 19:04:47 GMT","","","","","1.1","","","","","","https://www.unityverseacademy.com/uploads/p/o/CLDIvixRzArT.png?v=1731497148","2026-07-27 17:46:18"
"https://www.unityverseacademy.com/urun/blender-ile-3d-modelleme-online-ozel-ders-1105/","text/html; charset=utf-8","200","OK","Non-Indexable","Canonicalised","Blender ile 3D Modelleme Özel Ders – Birebir Online Canlı","57","512","2026 Python bootcamp sıfırdan ileri seviye online kursu. Yapay zeka, veri bilimi ve otomasyon için Python öğrenin!","114","698","Python bootcamp online, sıfırdan Python 2026, yapay zeka Python kursu, online Python eğitimi","92","Blender ile 3D Modelleme Özel Ders – Birebir Online Canlı","57","","0","Blender ile 3D Modelleme Eğitimi","32","Ne Öğreneceğim?","15","","","","https://unityverseacademy.com/urun/2026-python-bootcamp-sifirdan-python-canli-online-egitimi-8/","","","","","","133220","33327","33327","4,939","","1016","226","4,496","29,908","Very Hard","6,413","2","2","","20","5","0","2,220","82","47","0","10","10","0","","","","","999ff78d58ef00a2a72d166aaf304a","0,688","","","","","tr","1.1","","","","","","https://www.unityverseacademy.com/urun/blender-ile-3d-modelleme-online-ozel-ders-1105/","2026-07-27 17:46:18"
"https://www.unityverseacademy.com/urun/maya-ile-modelleme-ve-animasyon-canli-online-ozel-ders-35-saat-1259/","text/html; charset=utf-8","200","OK","Non-Indexable","Canonicalised","Maya ile Modelleme ve Animasyon Canlı (Online) Özel Ders 35 SAAT","64","608","2026 Python bootcamp sıfırdan ileri seviye online kursu. Yapay zeka, veri bilimi ve otomasyon için Python öğrenin!","114","698","Python bootcamp online, sıfırdan Python 2026, yapay zeka Python kursu, online Python eğitimi","92","Maya ile Modelleme ve Animasyon Canlı (Online) Özel Ders 35 SAAT","64","Maya ile Modelleme ve Animasyon Eğitimi Eğitmen: Öğr. Gör. Esmanur Bayar (CV için tıklayınız) Yıldız Teknik Üniversitesi Sanat ve Tasarım fakültesi mezunu olan eğitmenimiz ayrıca Yıldız Teknik Üniversitesi İnteraktif Medya alanında doktora yapmaktadır.","252","Öğrencilerimizin İlham Verici Başarı Hikayelerini Keşfedin https://unityverseacademy.com/blog/10","96","","0","","","","https://unityverseacademy.com/urun/2026-python-bootcamp-sifirdan-python-canli-online-egitimi-8/","","","","","","126247","31735","31735","4,703","","508","140","3,629","35,617","Hard","3,671","2","2","","12","5","0","2,220","72","46","0","10","10","0","","","","","35960463ec7767576f2292e2b380561c","0,243","","","","","tr","1.1","","","","","","https://www.unityverseacademy.com/urun/maya-ile-modelleme-ve-animasyon-canli-online-ozel-ders-35-saat-1259/","2026-07-27 17:46:18"
"https://www.unityverseacademy.com/urun/unreal-engine-ile-oyun-gelistirme-150-saatlik-kapsamli-blueprintmufredati-yuz-yuze-egitim-1116/","text/html; charset=utf-8","200","OK","Non-Indexable","Canonicalised","Unreal Engine 5 Blueprint ile Kodsuz Oyun Geliştirme Kursu – 150 Saat Yüz Yüze","78","715","2026 Python bootcamp sıfırdan ileri seviye online kursu. Yapay zeka, veri bilimi ve otomasyon için Python öğrenin!","114","698","Python bootcamp online, sıfırdan Python 2026, yapay zeka Python kursu, online Python eğitimi","92","Unreal Engine 5 Blueprint ile Kodsuz Oyun Geliştirme Kursu – 150 Saat Yüz Yüze","78","","0","Unreal Engine 5 ile Blueprint Oyun Geliştirme Kursu","51","Ne Öğreneceğim?","15","","","","https://unityverseacademy.com/urun/2026-python-bootcamp-sifirdan-python-canli-online-egitimi-8/","","","","","","150392","38742","38742","5,742","","2294","518","4,429","15,033","Very Hard","12,840","2","2","","22","4","0","1,780","87","48","0","12","12","0","","","","","b9f2305f7886c6cea0c558bcf76a5071","0,413","","","","","tr","1.1","","","","","","https://www.unityverseacademy.com/urun/unreal-engine-ile-oyun-gelistirme-150-saatlik-kapsamli-blueprintmufredati-yuz-yuze-egitim-1116/","2026-07-27 17:46:19"
"https://www.unityverseacademy.com/kategori/3d-modelleme-egitimleri-247/#!","text/html; charset=utf-8","200","OK","Non-Indexable","Canonicalised","3B Modelleme Eğitimleri","23","218","3d eğitim, blender, modelleme, modelling, substance 3d, maya, autodesk, maya kursu, maya eğitimi, maya","102","648","3d eğitim, blender, modelleme, modelling, substance 3d, maya, autodesk, maya kursu, maya eğitimi, maya","102","3D Modelleme Eğitimleri","23","","0","","0","","0","","","","https://unityverseacademy.com/kategori/3d-modelleme-egitimleri-247/","","","","","","188455","31344","31344","4,645","","1147","318","3,607","65,395","Normal","4,442","2","2","","2","2","0","0,890","172","72","0","7","7","0","","","","","a16af15f671d7687da7e099615d2955f","0,299","","","","","tr","1.1","","","","","","https://www.unityverseacademy.com/kategori/3d-modelleme-egitimleri-247/#!","2026-07-27 17:46:19"
"https://www.unityverseacademy.com/uploads/p/p/insan-kaynaklari-egitimi-ozel-ders_1.jpg?v=1759325510","image/jpeg","200","OK","Indexable","","","0","0","","0","0","","0","","0","","0","","0","","0","","","","","","","","","","150885","150885","150885","22,361","","0","","","","","0,000","2","3","","1","1","0","0,440","0","0","0","0","0","0","","","","","","0,198","Thu, 18 Jun 2026 12:14:51 GMT","","","","","1.1","","","","","","https://www.unityverseacademy.com/uploads/p/p/insan-kaynaklari-egitimi-ozel-ders_1.jpg?v=1759325510","2026-07-27 17:46:19"
"https://www.unityverseacademy.com/uploads/p/p/aranan-programci-olma-canli-online-kamp-kursu_1.jpeg?v=1726225096","image/jpeg","200","OK","Indexable","","","0","0","","0","0","","0","","0","","0","","0","","0","","","","","","","","","","55647","55647","55647","8,247","","0","","","","","0,000","2","3","","1","1","0","0,440","0","0","0","0","0","0","","","","","","0,188","Wed, 17 Jun 2026 19:04:47 GMT","","","","","1.1","","","","","","https://www.unityverseacademy.com/uploads/p/p/aranan-programci-olma-canli-online-kamp-kursu_1.jpeg?v=1726225096","2026-07-27 17:46:19"
"https://www.unityverseacademy.com/blog-detay/3b-modelleme-egitimleri-zbrush-ileri-seviye-284/","text/html; charset=utf-8","200","OK","Non-Indexable","Canonicalised","3B Modelleme Eğitimleri, ZBrush İleri Seviye","44","391","Zbrush Eğitimi Tanıtımı","23","142","unreal engine,","14","3B Modelleme Eğitimleri, ZBrush İleri Seviye","44","","0","ZBrush İleri Seviye — Organik Sculpting, Detaylı Anatomi ve Dijital Heykel Rehberi","82","ZBrush ile Neler Yapabilirsiniz?","32","","","","https://unityverseacademy.com/blog-detay/3b-modelleme-egitimleri-zbrush-ileri-seviye-284/","","","","","","98216","25008","25008","3,706","","677","162","4,179","45,765","Hard","5,747","2","2","","31","29","0","12,890","76","51","0","7","7","0","","","","","399787ccfde1d67ae16ee1bbf969b469","0,777","","","","","tr","1.1","","","","","","https://www.unityverseacademy.com/blog-detay/3b-modelleme-egitimleri-zbrush-ileri-seviye-284/","2026-07-27 17:46:19"
"https://www.unityverseacademy.com/urun/zbrush-ile-kuyumculuk-ve-taki-tasarimi-egitimi-online-1536/","text/html; charset=utf-8","200","OK","Non-Indexable","Canonicalised","ZBrush ile 3D Kuyumculuk & Takı Tasarımı Kursu – Online (Dijital Mücevher & 3D Baskı)","85","775","2026 Python bootcamp sıfırdan ileri seviye online kursu. Yapay zeka, veri bilimi ve otomasyon için Python öğrenin!","114","698","Python bootcamp online, sıfırdan Python 2026, yapay zeka Python kursu, online Python eğitimi","92","ZBrush ile 3D Kuyumculuk & Takı Tasarımı Kursu – Online (Dijital Mücevher & 3D Baskı)","85","","0","ZBrush ile Organik Modelleme Eğitimi Eğitmen: Öğr. Gör. Deniz Erbaş (CV'ye erişmek için tıklayınız.) Marmara Üniversitesi Grafik Tasarım ve Yüksek Lisans Sinema TV Mezunu, İstanbul Aydın Üniversitesi Sinema TV bölümünde Doktora (PhD.) eğitimine devam etmektedir.","262","Goz Games Kurucu ortağıdır, sektörde 20 yılı aşkın süredir video kurgu, after effects, animasyon, 3D modelleme ve tasarım alanlarında çalışmaktadır. Ayrıca öğrenciler, Türkiye’nin saygın üniversitelerinin teknoparklarından ve Sanayi ve Teknoloji Bakanlığı’ndan onaylı Ar-Ge Projesi kapsamında dijital heykel ve karakter tasarımı proje ekibinde aktif olarak görev alır ve “ZBrush Proje Geliştirme Sertifikası” almaya hak kazanır. Eğitim sürecinde ZBrush yazılımı ile organik modelleme, karakter anatomisi, detaylandırma ve dijital heykel alanlarında ileri düzey teknik ve sanatsal beceriler geliştirirler. Oluşturdukları karakter ve yaratıcı konsept çalışmalarını ArtStation, CGSociety ve diğer uluslararası dijital sanat platformlarında sergileyerek, oyun, film ve dijital sanat endüstrilerinde profesyonel portföy oluştururlar ve kariyer fırsatlarında önemli bir avantaj elde ederler.","885","","","","https://unityverseacademy.com/urun/2026-python-bootcamp-sifirdan-python-canli-online-egitimi-8/","","","","","","138027","34688","34688","5,141","","1428","340","4,200","37,815","Hard","8,563","2","2","","20","6","0","2,670","79","47","0","11","11","0","","","","","7fb9440de04f050f432ebf504a6e2194","0,913","","","","","tr","1.1","","","","","","https://www.unityverseacademy.com/urun/zbrush-ile-kuyumculuk-ve-taki-tasarimi-egitimi-online-1536/","2026-07-27 17:46:18"
"https://www.unityverseacademy.com/public/tema10/js/filters.js?v=5.4.97","application/javascript; charset=UTF-8","200","OK","Indexable","","","0","0","","0","0","","0","","0","","0","","0","","0","","","","","","","","","","0","0","0","0,000","","0","","","","","0,000","2","3","","0","0","0","0,000","0","0","0","0","0","0","","","","","","0,297","Mon, 13 Jul 2026 13:01:47 GMT","","","","","1.1","","","","","","https://www.unityverseacademy.com/public/tema10/js/filters.js?v=5.4.97","2026-07-27 17:46:19"
"https://www.unityverseacademy.com/urun/film-ve-animasyon-icin-storyboard-canli-online-egitimi-551/","text/html; charset=utf-8","200","OK","Non-Indexable","Canonicalised","Film ve Animasyon için Storyboard Canlı (Online) Eğitimi","56","500","2026 Python bootcamp sıfırdan ileri seviye online kursu. Yapay zeka, veri bilimi ve otomasyon için Python öğrenin!","114","698","Python bootcamp online, sıfırdan Python 2026, yapay zeka Python kursu, online Python eğitimi","92","Film ve Animasyon için Storyboard Canlı (Online) Eğitimi","56","","0","Film ve Animasyon için Storyboard Eğitimi","41","Eğitmen: Nevin Eryılmaz (CV için tıklayınız.) Nevin Eryılmaz, geleneksel ve dijital tasarım alanlarındaki 20 yılı aşkın sektör deneyimi yanı sıra, İstinye Üniversitesi'nde Bilgisayar Destekli Tasarım ve Animasyon önlisans ve Dijital Oyun Tasarımı lisans programlarının kurucusudur. Üniversitenin Dijital Oyun Tasarımı bölümündeki tasarım ve yazılım merkezli eğitim anlayışının öncüsü olmakla beraber, 2021 yılında aynı üniversitede Türkiye'nin ilk YÖK onaylı Dijital Oyun Araştırma Merkezi olan Dijital Oyun Geliştirme ve Animasyon Araştırma Uygulama Merkezi'ni kurmuştur ve iki sene boyunca Merkez Müdürü olarak görev almıştır. Merkez'de üniversitenin Animasyon ve Dijital Oyun Tasarımı programlarındaki öğrencilerin kendi oyunlarını geliştirerek oyun marketlerinde yayınlaması ve ticarileşmeleri desteklenmiştir. Eryılmaz'ın sektör ve akademi deneyimli kadrosunun etkisi ile, İstinye Üniversitesi Dijital Oyun Tasarımı bölümü iki senede Türkiye'nin ilk tercih edilen 3 üniversitesi arasına yerleşmiştir. Eryılmaz'ın Milli Eğitim Bakanlığı ve çeşitli dijital oyun şirketleri ortaklığında gerçekleşen proje ve çalışmaları devam etmektedir.","1139","","","","https://unityverseacademy.com/urun/2026-python-bootcamp-sifirdan-python-canli-online-egitimi-8/","","","","","","169957","55773","55773","8,266","","1829","398","4,595","8,964","Very Hard","9,254","2","2","","41","4","0","1,780","104","46","0","11","11","0","","","","","31b7398e8ad1817df558b24094a32c6b","0,834","","","","","tr","1.1","","","","","","https://www.unityverseacademy.com/urun/film-ve-animasyon-icin-storyboard-canli-online-egitimi-551/","2026-07-27 17:46:19"
"https://www.unityverseacademy.com/public/tema10/css/blog-detail-gallery.css?v=1.0.0","text/css; charset=UTF-8","200","OK","Indexable","","","0","0","","0","0","","0","","0","","0","","0","","0","","","","","","","","","","0","0","0","0,000","","0","","","","","0,000","2","3","","0","0","0","0,000","0","0","0","0","0","0","","","","","","0,510","Thu, 16 Jul 2026 16:19:19 GMT","","","","","1.1","","","","","","https://www.unityverseacademy.com/public/tema10/css/blog-detail-gallery.css?v=1.0.0","2026-07-27 17:46:19"
"https://www.unityverseacademy.com/uploads/p/b/oguzhan-durakin-grafik-tasarim-ve-video-kurgu-alanindaki-yolculugu_2.webp?v=1779437508","image/webp","200","OK","Indexable","","","0","0","","0","0","","0","","0","","0","","0","","0","","","","","","","","","","27098","27098","27098","4,016","","0","","","","","0,000","2","3","","0","0","0","0,000","0","0","0","0","0","0","","","","","","0,759","Wed, 17 Jun 2026 19:04:47 GMT","","","","","1.1","","","","","","https://www.unityverseacademy.com/uploads/p/b/oguzhan-durakin-grafik-tasarim-ve-video-kurgu-alanindaki-yolculugu_2.webp?v=1779437508","2026-07-27 17:46:19"
"https://www.unityverseacademy.com/uploads/p/p/unity-ile-oyun-gelistirme-online-ozel-ders_1.jpg?v=1740657991","image/jpeg","200","OK","Indexable","","","0","0","","0","0","","0","","0","","0","","0","","0","","","","","","","","","","40647","40647","40647","6,024","","0","","","","","0,000","2","3","","1","1","0","0,440","0","0","0","0","0","0","","","","","","0,288","Wed, 17 Jun 2026 19:04:47 GMT","","","","","1.1","","","","","","https://www.unityverseacademy.com/uploads/p/p/unity-ile-oyun-gelistirme-online-ozel-ders_1.jpg?v=1740657991","2026-07-27 17:46:20"
"https://unityverseacademy.com/blog-detay/suat-erizin-ayes-celikteki-yazilim-gelistirici-ve-kalite-kontrol-gorevi-97/","text/html; charset=utf-8","200","OK","Indexable","","Suat Eriz'in AYES Çelik'teki Yazılım Geliştirici ve Kalite Kontrol Görevi","73","612","Suat Eriz","9","55","unreal engine,","14","Suat Eriz'in AYES Çelik'teki Yazılım Geliştirici ve Kalite Kontrol Görevi","73","","0","","0","","0","","","","https://unityverseacademy.com/blog-detay/suat-erizin-ayes-celikteki-yazilim-gelistirici-ve-kalite-kontrol-gorevi-97/","","","","","","97866","24903","24903","3,691","","592","137","4,321","36,536","Hard","5,359","2","2","","8","2","0","0,890","76","52","0","9","9","0","","","","","461de0d389c6cf4a7259195b2973bf66","0,506","","","","","tr","1.1","","","","","","https://unityverseacademy.com/blog-detay/suat-erizin-ayes-celikteki-yazilim-gelistirici-ve-kalite-kontrol-gorevi-97/","2026-07-27 17:46:20"
"https://www.unityverseacademy.com/uploads/p/p/unreal-engine-ile-sanal-gerceklik-ozel-ders-online-canli-egitim_1.jpg?v=1696602726","image/jpeg","200","OK","Indexable","","","0","0","","0","0","","0","","0","","0","","0","","0","","","","","","","","","","115186","115186","115186","17,071","","0","","","","","0,000","2","3","","1","1","0","0,440","0","0","0","0","0","0","","","","","","0,708","Wed, 17 Jun 2026 19:04:47 GMT","","","","","1.1","","","","","","https://www.unityverseacademy.com/uploads/p/p/unreal-engine-ile-sanal-gerceklik-ozel-ders-online-canli-egitim_1.jpg?v=1696602726","2026-07-27 17:46:20"
"https://www.unityverseacademy.com/uploads/p/p/zbrush-ile-kuyumculuk-ve-taki-tasarimi-egitimi-online_2.jpg?v=1762940338","image/jpeg","200","OK","Indexable","","","0","0","","0","0","","0","","0","","0","","0","","0","","","","","","","","","","146303","146303","146303","21,682","","0","","","","","0,000","2","3","","1","1","0","0,440","0","0","0","0","0","0","","","","","","0,997","Wed, 17 Jun 2026 19:04:47 GMT","","","","","1.1","","","","","","https://www.unityverseacademy.com/uploads/p/p/zbrush-ile-kuyumculuk-ve-taki-tasarimi-egitimi-online_2.jpg?v=1762940338","2026-07-27 17:46:20"
"https://www.unityverseacademy.com/urun/blender-ile-3d-modelleme-yuzyuze-ozel-ders-30-saat-1640/","text/html; charset=utf-8","200","OK","Non-Indexable","Canonicalised","Blender ile 3D Modelleme (Yüzyüze) Özel Ders 30 SAAT","52","494","2026 Python bootcamp sıfırdan ileri seviye online kursu. Yapay zeka, veri bilimi ve otomasyon için Python öğrenin!","114","698","Python bootcamp online, sıfırdan Python 2026, yapay zeka Python kursu, online Python eğitimi","92","Blender ile 3D Modelleme (Yüzyüze) Özel Ders 30 SAAT","52","Blender ile 3D Modelleme Eğitimi","32","Öğrencilerimizin İlham Verici Başarı Hikayelerini Keşfedin https://unityverseacademy.com/blog/10","96","Ne Öğreneceğim?","15","","","","https://unityverseacademy.com/urun/2026-python-bootcamp-sifirdan-python-canli-online-egitimi-8/","","","","","","151596","50100","50100","7,425","","909","200","4,545","34,604","Hard","5,042","2","2","","12","5","0","2,220","74","47","0","10","10","0","","","","","28c84bfce5d92700a75502913079a22c","0,970","","","","","tr","1.1","","","","","","https://www.unityverseacademy.com/urun/blender-ile-3d-modelleme-yuzyuze-ozel-ders-30-saat-1640/","2026-07-27 17:46:20"
"https://www.unityverseacademy.com/uploads/p/p/unreal-engine-ile-metaverse-gelistirme-online-canli-egitim_2.jpg?v=1696602805","image/jpeg","200","OK","Indexable","","","0","0","","0","0","","0","","0","","0","","0","","0","","","","","","","","","","117548","117548","117548","17,421","","0","","","","","0,000","2","3","","1","1","0","0,440","0","0","0","0","0","0","","","","","","0,923","Wed, 17 Jun 2026 19:04:47 GMT","","","","","1.1","","","","","","https://www.unityverseacademy.com/uploads/p/p/unreal-engine-ile-metaverse-gelistirme-online-canli-egitim_2.jpg?v=1696602805","2026-07-27 17:46:20"
"https://www.unityverseacademy.com/urun/yonetmenlik-ve-sinematografiye-giris-yuz-yuze-ozel-ders-1056/","text/html; charset=utf-8","200","OK","Non-Indexable","Canonicalised","Yönetmenlik ve Sinematografiye Giriş Yüz Yüze Özel Ders","55","514","2026 Python bootcamp sıfırdan ileri seviye online kursu. Yapay zeka, veri bilimi ve otomasyon için Python öğrenin!","114","698","Python bootcamp online, sıfırdan Python 2026, yapay zeka Python kursu, online Python eğitimi","92","Yönetmenlik ve Sinematografiye Giriş Yüz Yüze Özel Ders","55","","0","Eğitimimizden kareler:","22","IMG_50372.jpg","13","","","","https://unityverseacademy.com/urun/2026-python-bootcamp-sifirdan-python-canli-online-egitimi-8/","","","","","","168766","58710","58710","8,701","","1708","384","4,448","7,067","Very Hard","8,761","2","2","","10","4","0","1,780","72","46","0","11","11","0","","","","","52b72be921ce8d98e0f7cfe12b26cd39","1,015","","","","","tr","1.1","","","","","","https://www.unityverseacademy.com/urun/yonetmenlik-ve-sinematografiye-giris-yuz-yuze-ozel-ders-1056/","2026-07-27 17:46:20"
"https://www.unityverseacademy.com/urun/revit-egitimi-yuz-yuze-1581/","text/html; charset=utf-8","200","OK","Non-Indexable","Canonicalised","Revit Eğitimi Yüz Yüze","22","199","2026 Python bootcamp sıfırdan ileri seviye online kursu. Yapay zeka, veri bilimi ve otomasyon için Python öğrenin!","114","698","Python bootcamp online, sıfırdan Python 2026, yapay zeka Python kursu, online Python eğitimi","92","Revit Eğitimi Yüz Yüze","22","","0","Eğitimimizden kareler:","22","IMG_50372.jpg","13","","","","https://unityverseacademy.com/urun/2026-python-bootcamp-sifirdan-python-canli-online-egitimi-8/","","","","","","160605","56504","56504","8,374","","942","234","4,026","57,169","Fairly Hard","4,497","2","2","","19","4","0","1,780","81","46","0","10","10","0","","","","","5e4c88196cac98d5d38e8eb6c0be4310","0,366","","","","","tr","1.1","","","","","","https://www.unityverseacademy.com/urun/revit-egitimi-yuz-yuze-1581/","2026-07-27 17:46:21"
"https://www.unityverseacademy.com/urun/cocuklar-icin-unity-ile-oyun-gelistirme-canli-online-egitimi-1380/","text/html; charset=utf-8","200","OK","Non-Indexable","Canonicalised","Çocuklar İçin Unity ile Oyun Geliştirme ve Kodlama Kursu – Online Canlı (7-17 Yaş)","82","732","2026 Python bootcamp sıfırdan ileri seviye online kursu. Yapay zeka, veri bilimi ve otomasyon için Python öğrenin!","114","698","Python bootcamp online, sıfırdan Python 2026, yapay zeka Python kursu, online Python eğitimi","92","Çocuklar İçin Unity ile Oyun Geliştirme ve Kodlama Kursu – Online Canlı (7-17 Yaş)","82","","0","Unity ile Oyun Geliştirme Eğitimi","33","Ne Öğreneceğim?","15","","","","https://unityverseacademy.com/urun/2026-python-bootcamp-sifirdan-python-canli-online-egitimi-8/","","","","","","165110","41916","41916","6,212","","3261","669","4,874","6,537","Very Hard","16,931","2","2","","23","4","0","1,780","86","47","0","12","12","0","","","","","f56d2ad42ec4d109ab948967c4a07084","0,540","","","","","tr","1.1","","","","","","https://www.unityverseacademy.com/urun/cocuklar-icin-unity-ile-oyun-gelistirme-canli-online-egitimi-1380/","2026-07-27 17:46:22"
"https://www.unityverseacademy.com/uploads/fm/projegeliştirmeai8.png","image/png","200","OK","Indexable","","","0","0","","0","0","","0","","0","","0","","0","","0","","","","","","","","","","104500","104500","104500","15,487","","0","","","","","0,000","2","2","","0","0","0","0,000","0","0","0","0","0","0","","","","","","0,918","Wed, 17 Jun 2026 19:04:46 GMT","","","","","1.1","","","","","","https://www.unityverseacademy.com/uploads/fm/projegeli%C5%9Ftirmeai8.png","2026-07-27 17:46:21"
"https://www.unityverseacademy.com/uploads/p/p/turkce-egitimi-ozel-ders_1.jpg?v=1759325572","image/jpeg","200","OK","Indexable","","","0","0","","0","0","","0","","0","","0","","0","","0","","","","","","","","","","127595","127595","127595","18,910","","0","","","","","0,000","2","3","","1","1","0","0,440","0","0","0","0","0","0","","","","","","0,519","Thu, 18 Jun 2026 12:14:51 GMT","","","","","1.1","","","","","","https://www.unityverseacademy.com/uploads/p/p/turkce-egitimi-ozel-ders_1.jpg?v=1759325572","2026-07-27 17:46:22"
"https://www.unityverseacademy.com/uploads/p/p/zbrush-ile-organik-modelleme-yuz-yuze-egitimi_1.jpg?v=1762940284","image/jpeg","200","OK","Indexable","","","0","0","","0","0","","0","","0","","0","","0","","0","","","","","","","","","","146303","146303","146303","21,682","","0","","","","","0,000","2","3","","1","1","0","0,440","0","0","0","0","0","0","","","","","","0,246","Wed, 17 Jun 2026 19:04:47 GMT","","","","","1.1","","","","","","https://www.unityverseacademy.com/uploads/p/p/zbrush-ile-organik-modelleme-yuz-yuze-egitimi_1.jpg?v=1762940284","2026-07-27 17:46:22"
"https://www.unityverseacademy.com/urun/yazilim-uzmanligi-canli-online-egitim-staj-garantili-668/","text/html; charset=utf-8","200","OK","Non-Indexable","Canonicalised","Full Stack Yazılım Uzmanlığı Kursu – Online Canlı (Staj Garantili)","66","574","2026 Python bootcamp sıfırdan ileri seviye online kursu. Yapay zeka, veri bilimi ve otomasyon için Python öğrenin!","114","698","Python bootcamp online, sıfırdan Python 2026, yapay zeka Python kursu, online Python eğitimi","92","Full Stack Yazılım Uzmanlığı Kursu – Online Canlı (Staj Garantili)","66","","0","Yazılım Kursu | Yazılım Uzmanlığı Eğitimi","41","Unityverse Academy'de Ne Öğreneceğim?","37","","","","https://unityverseacademy.com/urun/2026-python-bootcamp-sifirdan-python-canli-online-egitimi-8/","","","","","","192168","49072","49072","7,272","","5072","1141","4,445","20,396","Very Hard","21,317","2","2","","25","5","0","2,220","89","47","0","13","12","0","","","","","fbb638e22ae9631a663172151b92ea2a","1,098","","","","","tr","1.1","","","","","","https://www.unityverseacademy.com/urun/yazilim-uzmanligi-canli-online-egitim-staj-garantili-668/","2026-07-27 17:46:21"
"https://www.unityverseacademy.com/uploads/fm/OYUN_ÖRNEK_SERTİFİKA3.jpg","image/jpeg","200","OK","Indexable","","","0","0","","0","0","","0","","0","","0","","0","","0","","","","","","","","","","162482","162482","162482","24,080","","0","","","","","0,000","2","2","","0","0","0","0,000","0","0","0","0","0","0","","","","","","0,261","Wed, 17 Jun 2026 19:04:46 GMT","","","","","1.1","","","","","","https://www.unityverseacademy.com/uploads/fm/OYUN_O%CC%88RNEK_SERTI%CC%87FI%CC%87KA3.jpg","2026-07-27 17:46:22"
"https://www.unityverseacademy.com/urun/mimarlik-ic-mimarlik-icin-3d-tasarim-ve-gorsellestirme-egitimi-yuz-yuze-120-saat-1577/","text/html; charset=utf-8","200","OK","Non-Indexable","Canonicalised","Mimarlık & İç Mimarlık için 3D Tasarım ve Görselleştirme Eğitimi Yüz Yüze 120 Saat","82","743","2026 Python bootcamp sıfırdan ileri seviye online kursu. Yapay zeka, veri bilimi ve otomasyon için Python öğrenin!","114","698","Python bootcamp online, sıfırdan Python 2026, yapay zeka Python kursu, online Python eğitimi","92","Mimarlık & İç Mimarlık için 3D Tasarım ve Görselleştirme Eğitimi Yüz Yüze 120 Saat","82","","0","Mimarlık için 3D Tasarım ve Görselleştirme Eğitimi Online","57","Ne Öğreneceğim?","15","","","","https://unityverseacademy.com/urun/2026-python-bootcamp-sifirdan-python-canli-online-egitimi-8/","","","","","","145584","36715","36715","5,441","","1812","432","4,194","51,073","Fairly Hard","9,108","2","2","","38","4","0","1,780","100","46","0","11","11","0","","","","","9aa764f2c5ac44c4addaba1a71a8ed5a","0,811","","","","","tr","1.1","","","","","","https://www.unityverseacademy.com/urun/mimarlik-ic-mimarlik-icin-3d-tasarim-ve-gorsellestirme-egitimi-yuz-yuze-120-saat-1577/","2026-07-27 17:46:22"
"https://www.unityverseacademy.com/uploads/p/p/zbrush-ile-organik-modelleme-canli-online-ozel-ders_1.jpg?v=1762940308","image/jpeg","200","OK","Indexable","","","0","0","","0","0","","0","","0","","0","","0","","0","","","","","","","","","","146303","146303","146303","21,682","","0","","","","","0,000","2","3","","2","2","0","0,890","0","0","0","0","0","0","","","","","","1,313","Wed, 17 Jun 2026 19:04:47 GMT","","","","","1.1","","","","","","https://www.unityverseacademy.com/uploads/p/p/zbrush-ile-organik-modelleme-canli-online-ozel-ders_1.jpg?v=1762940308","2026-07-27 17:46:22"
"https://www.unityverseacademy.com/urun/unreal-engine-ile-sanal-gerceklik-online-canli-egitim-653/","text/html; charset=utf-8","200","OK","Non-Indexable","Canonicalised","Unreal Engine 5 ile VR / Sanal Gerçeklik Geliştirme Kursu – Online Canlı","72","636","2026 Python bootcamp sıfırdan ileri seviye online kursu. Yapay zeka, veri bilimi ve otomasyon için Python öğrenin!","114","698","Python bootcamp online, sıfırdan Python 2026, yapay zeka Python kursu, online Python eğitimi","92","Unreal Engine 5 ile VR / Sanal Gerçeklik Geliştirme Kursu – Online Canlı","72","","0","Unreal Engine ile Sanal Gerçeklik Eğitimi","41","Eğitmen: Burak Kaya","19","","","","https://unityverseacademy.com/urun/2026-python-bootcamp-sifirdan-python-canli-online-egitimi-8/","","","","","","139380","35645","35645","5,283","","1607","367","4,379","12,238","Very Hard","9,877","2","2","","10","4","0","1,780","73","46","0","14","12","0","","","","","4d2bfedf4229705b5c00c0db53be365a","0,252","","","","","tr","1.1","","","","","","https://www.unityverseacademy.com/urun/unreal-engine-ile-sanal-gerceklik-online-canli-egitim-653/","2026-07-27 17:46:23"
"https://www.unityverseacademy.com/uploads/p/p/yazilim-test-otomasyonu-canli-online-egitimi-staj-garantili_1.jpg?v=1761897326","image/jpeg","200","OK","Indexable","","","0","0","","0","0","","0","","0","","0","","0","","0","","","","","","","","","","251626","251626","251626","37,291","","0","","","","","0,000","2","3","","1","1","0","0,440","0","0","0","0","0","0","","","","","","1,454","Wed, 17 Jun 2026 19:04:47 GMT","","","","","1.1","","","","","","https://www.unityverseacademy.com/uploads/p/p/yazilim-test-otomasyonu-canli-online-egitimi-staj-garantili_1.jpg?v=1761897326","2026-07-27 17:46:22"
"https://www.unityverseacademy.com/urun/full-stack-development-yuz-yuze-egitim-staj-garantili-1060/","text/html; charset=utf-8","200","OK","Non-Indexable","Canonicalised","Full Stack Web Geliştirme Kursu – Yüz Yüze (Staj Garantili)","59","527","2026 Python bootcamp sıfırdan ileri seviye online kursu. Yapay zeka, veri bilimi ve otomasyon için Python öğrenin!","114","698","Python bootcamp online, sıfırdan Python 2026, yapay zeka Python kursu, online Python eğitimi","92","Full Stack Web Geliştirme Kursu – Yüz Yüze (Staj Garantili)","59","","0","Full Stack Development Eğitimi","30","Ne Öğreneceğim?","15","","","","https://unityverseacademy.com/urun/2026-python-bootcamp-sifirdan-python-canli-online-egitimi-8/","","","","","","189944","48751","48751","7,225","","5049","1139","4,433","19,429","Very Hard","21,552","2","2","","26","5","0","2,220","88","47","0","12","12","0","","","","","61f499b92819b5a67603660486aecd5","0,812","","","","","tr","1.1","","","","","","https://www.unityverseacademy.com/urun/full-stack-development-yuz-yuze-egitim-staj-garantili-1060/","2026-07-27 17:46:23"
"https://www.unityverseacademy.com/uploads/fm/Yilmaz_Erdogan_CV.pdf","application/pdf","200","OK","Indexable","","Yilmaz_Erdogan_CV_2022","22","231","","0","0","","0","","0","","0","","0","","0","","","","","","","","","","1446066","1446066","1446066","214,307","","0","","","","","0,000","2","2","","18","10","0","4,440","0","0","0","0","0","0","","","","","","0,292","Wed, 17 Jun 2026 19:04:46 GMT","","","","","1.1","","","","","","https://www.unityverseacademy.com/uploads/fm/Yilmaz_Erdogan_CV.pdf","2026-07-27 17:46:19"
"https://unityverseacademy.com/kategori/oyun-gelistirme-ozel-ders-272/","text/html; charset=utf-8","200","OK","Indexable","","Oyun Geliştirme Özel Ders","25","234","Oyun Geliştirme Özel Ders, Özel Dersler","39","238","","0","Oyun Geliştirme Özel Ders","25","","0","","0","","0","","","","https://unityverseacademy.com/kategori/oyun-gelistirme-ozel-ders-272/","","","","","","123807","28168","28168","4,174","","497","164","3,030","73,710","Fairly Easy","3,376","2","2","","23","15","0","6,670","91","44","0","7","7","0","","","","","845894543b51468a1a91de2b857b5999","0,246","","","","","tr","1.1","","","","","","https://unityverseacademy.com/kategori/oyun-gelistirme-ozel-ders-272/","2026-07-27 17:46:24"
"https://www.unityverseacademy.com/uploads/p/p/unreal-engine-ile-sanal-gerceklik-vr-ozel-ders-yuz-yuze-egitim_1.jpg?v=1757921933","image/jpeg","200","OK","Indexable","","","0","0","","0","0","","0","","0","","0","","0","","0","","","","","","","","","","35740","35740","35740","5,297","","0","","","","","0,000","2","3","","1","1","0","0,440","0","0","0","0","0","0","","","","","","0,182","Thu, 18 Jun 2026 12:16:26 GMT","","","","","1.1","","","","","","https://www.unityverseacademy.com/uploads/p/p/unreal-engine-ile-sanal-gerceklik-vr-ozel-ders-yuz-yuze-egitim_1.jpg?v=1757921933","2026-07-27 17:46:24"
"https://www.unityverseacademy.com/uploads/fm/3boyuntlu_modelleme_ve_animasyon3.jpg","image/jpeg","200","OK","Indexable","","","0","0","","0","0","","0","","0","","0","","0","","0","","","","","","","","","","85535","85535","85535","12,676","","0","","","","","0,000","2","2","","0","0","0","0,000","0","0","0","0","0","0","","","","","","0,297","Wed, 17 Jun 2026 19:04:45 GMT","","","","","1.1","","","","","","https://www.unityverseacademy.com/uploads/fm/3boyuntlu_modelleme_ve_animasyon3.jpg","2026-07-27 17:46:24"
"https://www.unityverseacademy.com/urun/ses-tasarimi-canli-online-egitimi-652/","text/html; charset=utf-8","200","OK","Non-Indexable","Canonicalised","Ses Tasarımı Canlı (Online) Eğitimi","35","310","2026 Python bootcamp sıfırdan ileri seviye online kursu. Yapay zeka, veri bilimi ve otomasyon için Python öğrenin!","114","698","Python bootcamp online, sıfırdan Python 2026, yapay zeka Python kursu, online Python eğitimi","92","Ses Tasarımı Canlı (Online) Eğitimi","35","","0","Eğitimimizden kareler:","22","IMG_50372.jpg","13","","","","https://unityverseacademy.com/urun/2026-python-bootcamp-sifirdan-python-canli-online-egitimi-8/","","","","","","151399","53876","53876","7,984","","369","110","3,355","57,616","Fairly Hard","2,251","2","2","","12","5","0","2,220","70","44","0","10","10","0","","","","","85a1e7c32513a9e4508d3164e51a86b0","0,404","","","","","tr","1.1","","","","","","https://www.unityverseacademy.com/urun/ses-tasarimi-canli-online-egitimi-652/","2026-07-27 17:46:24"
"https://www.unityverseacademy.com/uploads/fm/WhatsApp_Image_2022-08-10_at_11_30_58_(2).jpg","image/jpeg","200","OK","Indexable","","","0","0","","0","0","","0","","0","","0","","0","","0","","","","","","","","","","301417","301417","301417","44,670","","0","","","","","0,000","2","2","","0","0","0","0,000","0","0","0","0","0","0","","","","","","0,108","Wed, 17 Jun 2026 19:04:46 GMT","","","","","1.1","","","","","","https://www.unityverseacademy.com/uploads/fm/WhatsApp_Image_2022-08-10_at_11_30_58_(2).jpg","2026-07-27 17:46:24"
"https://www.unityverseacademy.com/urun/unreal-engine-ile-metaverse-gelistirme-online-canli-egitim-851/","text/html; charset=utf-8","200","OK","Non-Indexable","Canonicalised","Unreal Engine 5 ile Metaverse & Sanal Dünya Geliştirme Kursu – Online Canlı","75","682","2026 Python bootcamp sıfırdan ileri seviye online kursu. Yapay zeka, veri bilimi ve otomasyon için Python öğrenin!","114","698","Python bootcamp online, sıfırdan Python 2026, yapay zeka Python kursu, online Python eğitimi","92","Unreal Engine 5 ile Metaverse & Sanal Dünya Geliştirme Kursu – Online Canlı","75","","0","Unreal Engine ile Metaverse Geliştirme Eğitimi","46","Eğitmen: Burak Kaya","19","","","","https://unityverseacademy.com/urun/2026-python-bootcamp-sifirdan-python-canli-online-egitimi-8/","","","","","","142638","35915","35915","5,323","","1729","386","4,479","9,504","Very Hard","10,437","2","2","","17","4","0","1,780","80","46","0","11","11","0","","","","","ec8371f7fc2de8b630ff4153f6942a26","0,516","","","","","tr","1.1","","","","","","https://www.unityverseacademy.com/urun/unreal-engine-ile-metaverse-gelistirme-online-canli-egitim-851/","2026-07-27 17:46:24"
"https://www.unityverseacademy.com/uploads/fm/Adobe_Certified_Professional_Program_Provider_badge.png","image/png","200","OK","Indexable","","","0","0","","0","0","","0","","0","","0","","0","","0","","","","","","","","","","18348","18348","18348","2,719","","0","","","","","0,000","2","2","","0","0","0","0,000","0","0","0","0","0","0","","","","","","0,100","Wed, 17 Jun 2026 19:04:45 GMT","","","","","1.1","","","","","","https://www.unityverseacademy.com/uploads/fm/Adobe_Certified_Professional_Program_Provider_badge.png","2026-07-27 17:46:24"
"https://www.unityverseacademy.com/urun/unreal-engine-ile-oyun-gelistirme-150-saatlik-kapsamli-blueprintmufredati-online-1028/","text/html; charset=utf-8","200","OK","Non-Indexable","Canonicalised","Unreal Engine 5 Blueprint ile Kodsuz Oyun Geliştirme Kursu – 150 Saat Online","76","690","2026 Python bootcamp sıfırdan ileri seviye online kursu. Yapay zeka, veri bilimi ve otomasyon için Python öğrenin!","114","698","Python bootcamp online, sıfırdan Python 2026, yapay zeka Python kursu, online Python eğitimi","92","Unreal Engine 5 Blueprint ile Kodsuz Oyun Geliştirme Kursu – 150 Saat Online","76","","0","Unreal Engine 5 ile Blueprint Oyun Geliştirme Kursu","51","Ne Öğreneceğim?","15","","","","https://unityverseacademy.com/urun/2026-python-bootcamp-sifirdan-python-canli-online-egitimi-8/","","","","","","151108","38874","38874","5,761","","2292","518","4,425","14,836","Very Hard","12,779","2","2","","24","5","0","2,220","87","48","0","12","12","0","","","","","8f0422c8f79065ed8fb0a83d1f0484a8","0,638","","","","","tr","1.1","","","","","","https://www.unityverseacademy.com/urun/unreal-engine-ile-oyun-gelistirme-150-saatlik-kapsamli-blueprintmufredati-online-1028/","2026-07-27 17:46:24"
"https://www.unityverseacademy.com/uploads/p/p/unity-ile-oyun-gelistirme-canli-online-egitimi-8-ay_1.jpeg?v=1753521718","image/jpeg","200","OK","Indexable","","","0","0","","0","0","","0","","0","","0","","0","","0","","","","","","","","","","79877","79877","79877","11,838","","0","","","","","0,000","2","3","","1","1","0","0,440","0","0","0","0","0","0","","","","","","0,928","Wed, 17 Jun 2026 19:04:47 GMT","","","","","1.1","","","","","","https://www.unityverseacademy.com/uploads/p/p/unity-ile-oyun-gelistirme-canli-online-egitimi-8-ay_1.jpeg?v=1753521718","2026-07-27 17:46:24"
"https://www.unityverseacademy.com/urun/unity-ile-oyun-gelistirme-canli-online-egitimi-8-ay-1479/","text/html; charset=utf-8","200","OK","Non-Indexable","Canonicalised","Unity ile Oyun Geliştirme Canlı (Online) Eğitimi 8 ay","53","453","2026 Python bootcamp sıfırdan ileri seviye online kursu. Yapay zeka, veri bilimi ve otomasyon için Python öğrenin!","114","698","Python bootcamp online, sıfırdan Python 2026, yapay zeka Python kursu, online Python eğitimi","92","Unity ile Oyun Geliştirme Canlı (Online) Eğitimi 8 ay","53","","0","Öğrencilerimizin İlham Verici Başarı Hikayelerini Keşfedin https://unityverseacademy.com/blog/10","96","Unity ile Oyun Geliştirme Eğitimi","33","","","","https://unityverseacademy.com/urun/2026-python-bootcamp-sifirdan-python-canli-online-egitimi-8/","","","","","","134272","33802","33802","5,009","","926","211","4,389","23,314","Very Hard","6,010","2","2","","10","4","0","1,780","73","47","0","12","12","0","","","","","914c52586ae5106f17f59304e111f3e","0,836","","","","","tr","1.1","","","","","","https://www.unityverseacademy.com/urun/unity-ile-oyun-gelistirme-canli-online-egitimi-8-ay-1479/","2026-07-27 17:46:23"
"https://www.unityverseacademy.com/blog-detay/blender-egitimi-blender-profesyonel-kullanim-rehberi-308/","text/html; charset=utf-8","200","OK","Non-Indexable","Canonicalised","Blender Eğitimi : Blender Profesyonel Kullanım Rehberi","54","486","Blender Eğitimi Tanıtım Yazısı","30","181","unreal engine,","14","Blender Eğitimi : Blender Profesyonel Kullanım Rehberi","54","","0","Blender Profesyonel Kullanım Rehberi","36","Blender ile Profesyonel Düzeyde Neler Yapabilirsiniz?","53","","","","https://unityverseacademy.com/blog-detay/blender-egitimi-blender-profesyonel-kullanim-rehberi-308/","","","","","","102517","26598","26598","3,942","","1086","224","4,848","27,495","Very Hard","8,904","2","2","","31","29","0","12,890","80","54","0","7","7","0","","","","","5cfdcc6d53726aa06e920c925e9584b3","0,588","","","","","tr","1.1","","","","","","https://www.unityverseacademy.com/blog-detay/blender-egitimi-blender-profesyonel-kullanim-rehberi-308/","2026-07-27 17:46:25"
"https://www.unityverseacademy.com/uploads/fm/blobid419.jpg","image/jpeg","200","OK","Indexable","","","0","0","","0","0","","0","","0","","0","","0","","0","","","","","","","","","","196155","196155","196155","29,070","","0","","","","","0,000","2","2","","0","0","0","0,000","0","0","0","0","0","0","","","","","","0,542","Wed, 17 Jun 2026 19:04:46 GMT","","","","","1.1","","","","","","https://www.unityverseacademy.com/uploads/fm/blobid419.jpg","2026-07-27 17:46:25"
"https://www.unityverseacademy.com/urun/3ds-max-canli-online-egitimi-566/","text/html; charset=utf-8","200","OK","Non-Indexable","Canonicalised","3ds Max ile 3D Modelleme Kursu – Online Canlı (Mimari Görselleştirme & V-Ray)","77","714","2026 Python bootcamp sıfırdan ileri seviye online kursu. Yapay zeka, veri bilimi ve otomasyon için Python öğrenin!","114","698","Python bootcamp online, sıfırdan Python 2026, yapay zeka Python kursu, online Python eğitimi","92","3ds Max ile 3D Modelleme Kursu – Online Canlı (Mimari Görselleştirme & V-Ray)","77","","0","3DS MAX Uzmanlığı Eğitimi","25","Ne Öğreneceğim?","15","","","","https://unityverseacademy.com/urun/2026-python-bootcamp-sifirdan-python-canli-online-egitimi-8/","","","","","","148251","38062","38062","5,641","","2391","519","4,607","16,718","Very Hard","13,237","2","2","","22","5","0","2,220","83","46","0","10","10","0","","","","","c56eb0a77233ba4f22c9b0bec5f3c40e","1,066","","","","","tr","1.1","","","","","","https://www.unityverseacademy.com/urun/3ds-max-canli-online-egitimi-566/","2026-07-27 17:46:24"
"https://www.unityverseacademy.com/urun/fen-bilimleri-egitimi-ozel-ders-1430/","text/html; charset=utf-8","200","OK","Non-Indexable","Canonicalised","Fen Bilimleri Eğitimi Özel Ders","31","269","2026 Python bootcamp sıfırdan ileri seviye online kursu. Yapay zeka, veri bilimi ve otomasyon için Python öğrenin!","114","698","Python bootcamp online, sıfırdan Python 2026, yapay zeka Python kursu, online Python eğitimi","92","Fen Bilimleri Eğitimi Özel Ders","31","","0","Eğitim Koordinatörü: Doç. Dr. Ali Çivril(CV için tıklayınız.)","61","","0","","","","https://unityverseacademy.com/urun/2026-python-bootcamp-sifirdan-python-canli-online-egitimi-8/","","","","","","121357","30876","30876","4,576","","498","141","3,532","44,413","Hard","3,673","2","2","","10","4","0","1,780","72","46","0","11","11","0","","","","","f1af1929a11dd9c26cb67fcb8b2517a4","0,100","","","","","tr","1.1","","","","","","https://www.unityverseacademy.com/urun/fen-bilimleri-egitimi-ozel-ders-1430/","2026-07-27 17:46:26"
"https://www.unityverseacademy.com/uploads/fm/grafik_tasarım_ve_video_kurgu_(1)3.jpg","image/jpeg","200","OK","Indexable","","","0","0","","0","0","","0","","0","","0","","0","","0","","","","","","","","","","85316","85316","85316","12,644","","0","","","","","0,000","2","2","","0","0","0","0,000","0","0","0","0","0","0","","","","","","0,074","Wed, 17 Jun 2026 19:04:46 GMT","","","","","1.1","","","","","","https://www.unityverseacademy.com/uploads/fm/grafik_tasar%C4%B1m_ve_video_kurgu_(1)3.jpg","2026-07-27 17:46:26"
"https://www.unityverseacademy.com/urun/egitim-koclugu-ozel-ders-1439/","text/html; charset=utf-8","200","OK","Non-Indexable","Canonicalised","Eğitim Koçluğu Özel Ders","24","225","2026 Python bootcamp sıfırdan ileri seviye online kursu. Yapay zeka, veri bilimi ve otomasyon için Python öğrenin!","114","698","Python bootcamp online, sıfırdan Python 2026, yapay zeka Python kursu, online Python eğitimi","92","Eğitim Koçluğu Özel Ders","24","","0","Eğitim Koordinatörü: Öğr. Gör. Nevin Eryılmaz (CV için tıklayınız.)","67","","0","","","","https://unityverseacademy.com/urun/2026-python-bootcamp-sifirdan-python-canli-online-egitimi-8/","","","","","","121343","30891","30891","4,578","","497","141","3,525","45,122","Hard","3,677","2","2","","10","4","0","1,780","73","47","0","10","10","0","","","","","707758dcf5aa2fc7b07146d40af0632d","1,171","","","","","tr","1.1","","","","","","https://www.unityverseacademy.com/urun/egitim-koclugu-ozel-ders-1439/","2026-07-27 17:46:25"
"https://www.unityverseacademy.com/uploads/p/p/cocuk-ve-gencler-icin-unity-ile-oyun-gelistirme-yuz-yuze-egitimi_2.jpg?v=1759586740","image/jpeg","200","OK","Indexable","","","0","0","","0","0","","0","","0","","0","","0","","0","","","","","","","","","","126145","126145","126145","18,695","","0","","","","","0,000","2","3","","1","1","0","0,440","0","0","0","0","0","0","","","","","","0,396","Wed, 17 Jun 2026 19:04:47 GMT","","","","","1.1","","","","","","https://www.unityverseacademy.com/uploads/p/p/cocuk-ve-gencler-icin-unity-ile-oyun-gelistirme-yuz-yuze-egitimi_2.jpg?v=1759586740","2026-07-27 17:46:26"
"https://www.unityverseacademy.com/uploads/p/p/film-ve-animasyon-icin-storyboard-yuz-yuze-egitimi-ozel-ders_1.jpg?v=1759586033","image/jpeg","200","OK","Indexable","","","0","0","","0","0","","0","","0","","0","","0","","0","","","","","","","","","","130456","130456","130456","19,334","","0","","","","","0,000","2","3","","1","1","0","0,440","0","0","0","0","0","0","","","","","","0,153","Wed, 17 Jun 2026 19:04:47 GMT","","","","","1.1","","","","","","https://www.unityverseacademy.com/uploads/p/p/film-ve-animasyon-icin-storyboard-yuz-yuze-egitimi-ozel-ders_1.jpg?v=1759586033","2026-07-27 17:46:26"
"https://unityverseacademy.com/kategori/senaryo-sinema-ve-yonetmenlik-egitimleri-252/","text/html; charset=utf-8","200","OK","Indexable","","Senaryo, Sinema ve Yönetmenlik Eğitimleri","41","382","Senaryo, Sinema ve Yönetmenlik Eğitimleri","41","259","","0","Senaryo, Sinema ve Yönetmenlik Eğitimleri","41","","0","","0","","0","","","","https://unityverseacademy.com/kategori/senaryo-sinema-ve-yonetmenlik-egitimleri-252/","","","","","","135099","28703","28703","4,254","","593","189","3,138","59,274","Fairly Hard","3,655","2","2","","44","15","0","6,670","103","49","0","7","7","0","","","","","62cc385e03e0653989f9db84b2a86485","0,378","","","","","tr","1.1","","","","","","https://unityverseacademy.com/kategori/senaryo-sinema-ve-yonetmenlik-egitimleri-252/","2026-07-27 17:46:26"
"https://www.unityverseacademy.com/urun/diferansiyel-denklemler-egitimi-ozel-ders-1434/","text/html; charset=utf-8","200","OK","Non-Indexable","Canonicalised","Diferansiyel Denklemler Eğitimi Özel Ders","41","370","2026 Python bootcamp sıfırdan ileri seviye online kursu. Yapay zeka, veri bilimi ve otomasyon için Python öğrenin!","114","698","Python bootcamp online, sıfırdan Python 2026, yapay zeka Python kursu, online Python eğitimi","92","Diferansiyel Denklemler Eğitimi Özel Ders","41","","0","Eğitim Koordinatörü: Doç. Dr. Ali Çivril(CV için tıklayınız.)","61","","0","","","","https://unityverseacademy.com/urun/2026-python-bootcamp-sifirdan-python-canli-online-egitimi-8/","","","","","","121563","30889","30889","4,578","","498","141","3,532","43,733","Hard","3,683","2","2","","10","4","0","1,780","72","46","0","11","11","0","","","","","ca4716e5e0a7f697531986a0828da625","0,429","","","","","tr","1.1","","","","","","https://www.unityverseacademy.com/urun/diferansiyel-denklemler-egitimi-ozel-ders-1434/","2026-07-27 17:46:26"
"https://www.unityverseacademy.com/uploads/p/b/suat-erizin-ayes-celikteki-yazilim-gelistirici-ve-kalite-kontrol-gorevi_2.webp?v=1779437370","image/webp","200","OK","Indexable","","","0","0","","0","0","","0","","0","","0","","0","","0","","","","","","","","","","28962","28962","28962","4,292","","0","","","","","0,000","2","3","","0","0","0","0,000","0","0","0","0","0","0","","","","","","0,513","Wed, 17 Jun 2026 19:04:47 GMT","","","","","1.1","","","","","","https://www.unityverseacademy.com/uploads/p/b/suat-erizin-ayes-celikteki-yazilim-gelistirici-ve-kalite-kontrol-gorevi_2.webp?v=1779437370","2026-07-27 17:46:26"
"https://www.unityverseacademy.com/uploads/fm/Yılmaz_Erdoğan_pdf_111.jpg","image/jpeg","200","OK","Indexable","","","0","0","","0","0","","0","","0","","0","","0","","0","","","","","","","","","","26693","26693","26693","3,956","","0","","","","","0,000","2","2","","0","0","0","0,000","0","0","0","0","0","0","","","","","","0,520","Wed, 17 Jun 2026 19:04:46 GMT","","","","","1.1","","","","","","https://www.unityverseacademy.com/uploads/fm/Y%C4%B1lmaz_Erdog%CC%86an_pdf_111.jpg","2026-07-27 17:46:26"
"https://www.unityverseacademy.com/uploads/p/p/unreal-engine-5-ile-kodsuz-oyun-gelistirme-online-canli-egitim_1.jpg?v=1687689899","image/jpeg","200","OK","Indexable","","","0","0","","0","0","","0","","0","","0","","0","","0","","","","","","","","","","124435","124435","124435","18,441","","0","","","","","0,000","2","3","","1","1","0","0,440","0","0","0","0","0","0","","","","","","0,380","Wed, 17 Jun 2026 19:04:47 GMT","","","","","1.1","","","","","","https://www.unityverseacademy.com/uploads/p/p/unreal-engine-5-ile-kodsuz-oyun-gelistirme-online-canli-egitim_1.jpg?v=1687689899","2026-07-27 17:46:26"
"https://unityverseacademy.com/urun/2026-python-bootcamp-sifirdan-python-canli-online-egitimi-8/","text/html; charset=utf-8","200","OK","Indexable","","Python Bootcamp 2026 – Sıfırdan İleri Seviye Online Canlı (AI & Veri Bilimi)","76","662","2026 Python bootcamp sıfırdan ileri seviye online kursu. Yapay zeka, veri bilimi ve otomasyon için Python öğrenin!","114","698","Python bootcamp online, sıfırdan Python 2026, yapay zeka Python kursu, online Python eğitimi","92","Python Bootcamp 2026 – Sıfırdan İleri Seviye Online Canlı (AI & Veri Bilimi)","76","","0","Sıfırdan Python Eğitimi","23","Ne Öğreneceğim?","15","","","","https://unityverseacademy.com/urun/2026-python-bootcamp-sifirdan-python-canli-online-egitimi-8/","","","","","","156600","40730","40730","6,036","","2929","591","4,956","6,898","Very Hard","16,068","2","2","","15","2","0","0,890","84","48","0","12","12","0","","","","","5345fd3f1eb0dc2786d5e2cde5cdadf2","0,638","","","","","tr","1.1","","","","","","https://unityverseacademy.com/urun/2026-python-bootcamp-sifirdan-python-canli-online-egitimi-8/","2026-07-27 17:46:26"
"https://www.unityverseacademy.com/urun/zbrush-ile-organik-modelleme-canli-online-ozel-ders-1052/","text/html; charset=utf-8","200","OK","Non-Indexable","Canonicalised","ZBrush Organik Modelleme Özel Ders – Birebir Online (Sculpting & Karakter)","74","677","2026 Python bootcamp sıfırdan ileri seviye online kursu. Yapay zeka, veri bilimi ve otomasyon için Python öğrenin!","114","698","Python bootcamp online, sıfırdan Python 2026, yapay zeka Python kursu, online Python eğitimi","92","ZBrush Organik Modelleme Özel Ders – Birebir Online (Sculpting & Karakter)","74","","0","ZBrush ile Organik Modelleme Eğitimi Eğitmen: Öğr. Gör. Deniz Erbaş (CV'ye erişmek için tıklayınız.) Marmara Üniversitesi Grafik Tasarım ve Yüksek Lisans Sinema TV Mezunu, İstanbul Aydın Üniversitesi Sinema TV bölümünde Doktora (PhD.) eğitimine devam etmektedir.","262","Goz Games Kurucu ortağıdır, sektörde 20 yılı aşkın süredir video kurgu, after effects, animasyon, 3D modelleme ve tasarım alanlarında çalışmaktadır. Ayrıca öğrenciler, Türkiye’nin saygın üniversitelerinin teknoparklarından ve Sanayi ve Teknoloji Bakanlığı’ndan onaylı Ar-Ge Projesi kapsamında dijital heykel ve karakter tasarımı proje ekibinde aktif olarak görev alır ve “ZBrush Proje Geliştirme Sertifikası” almaya hak kazanır. Eğitim sürecinde ZBrush yazılımı ile organik modelleme, karakter anatomisi, detaylandırma ve dijital heykel alanlarında ileri düzey teknik ve sanatsal beceriler geliştirirler. Oluşturdukları karakter ve yaratıcı konsept çalışmalarını ArtStation, CGSociety ve diğer uluslararası dijital sanat platformlarında sergileyerek, oyun, film ve dijital sanat endüstrilerinde profesyonel portföy oluştururlar ve kariyer fırsatlarında önemli bir avantaj elde ederler.","885","","","","https://unityverseacademy.com/urun/2026-python-bootcamp-sifirdan-python-canli-online-egitimi-8/","","","","","","127304","32212","32212","4,774","","631","155","4,071","37,123","Hard","4,372","2","2","","12","5","0","2,220","72","46","0","11","11","0","","","","","36de1a6a337390c18b1dbdd405b6c602","0,353","","","","","tr","1.1","","","","","","https://www.unityverseacademy.com/urun/zbrush-ile-organik-modelleme-canli-online-ozel-ders-1052/","2026-07-27 17:46:26"
"https://www.unityverseacademy.com/urun/grafik-tasarim-ve-video-efekt-canli-online-egitimi/564/","text/html","301","Moved Permanently","Non-Indexable","Redirected","","0","0","","0","0","","0","","0","","0","","0","","0","","","","","","","","","","178","178","178","0,026","","0","","","","","0,000","2","3","","3","3","0","1,330","0","0","0","0","0","0","","","","","","0,095","","https://www.unityverseacademy.com/urun/grafik-tasarim-ve-video-efekt-uzmanligi-canli-online-egitimi-staj-garantili-564/","HTTP Redirect","","","1.1","","","","","","https://www.unityverseacademy.com/urun/grafik-tasarim-ve-video-efekt-canli-online-egitimi/564/","2026-07-27 17:46:27"
"https://www.unityverseacademy.com/uploads/p/p/kurumsal-iletisim-egitimi-ozel-ders_1.jpg?v=1759325379","image/jpeg","200","OK","Indexable","","","0","0","","0","0","","0","","0","","0","","0","","0","","","","","","","","","","147612","147612","147612","21,876","","0","","","","","0,000","2","3","","1","1","0","0,440","0","0","0","0","0","0","","","","","","0,344","Thu, 18 Jun 2026 12:14:51 GMT","","","","","1.1","","","","","","https://www.unityverseacademy.com/uploads/p/p/kurumsal-iletisim-egitimi-ozel-ders_1.jpg?v=1759325379","2026-07-27 17:46:27"
"https://www.unityverseacademy.com/kategori/ozel-dersler-256/#!","text/html; charset=utf-8","200","OK","Non-Indexable","Canonicalised","Özel Dersler","12","109","Özel Dersler","12","73","","0","Özel Dersler","12","","0","","0","","0","","","","https://unityverseacademy.com/kategori/ozel-dersler-256/","","","","","","158550","29896","29896","4,431","","750","253","2,964","59,781","Fairly Hard","3,758","2","2","","2","2","0","0,890","136","60","0","7","7","0","","","","","eb3954c5870acdff9826b06105a58dfa","0,425","","","","","tr","1.1","","","","","","https://www.unityverseacademy.com/kategori/ozel-dersler-256/#!","2026-07-27 17:46:27"
"https://www.unityverseacademy.com/uploads/fm/2B-Oyun-Karakter-Tasarimi-ve-Animasyon-Hizlandirilmis-Egitimi_21.jpg","image/jpeg","200","OK","Indexable","","","0","0","","0","0","","0","","0","","0","","0","","0","","","","","","","","","","77804","77804","77804","11,531","","0","","","","","0,000","2","2","","0","0","0","0,000","0","0","0","0","0","0","","","","","","0,458","Wed, 17 Jun 2026 19:04:45 GMT","","","","","1.1","","","","","","https://www.unityverseacademy.com/uploads/fm/2B-Oyun-Karakter-Tasarimi-ve-Animasyon-Hizlandirilmis-Egitimi_21.jpg","2026-07-27 17:46:27"
"https://www.unityverseacademy.com/urun/sketchupta-mimari-ve-ic-mekân-modelleme-egitimi-uygulamali-online-1619/","text/html; charset=utf-8","200","OK","Non-Indexable","Canonicalised","SketchUp’ta Mimari ve İç Mekân Modelleme Eğitimi (Uygulamalı) - Online","70","649","2026 Python bootcamp sıfırdan ileri seviye online kursu. Yapay zeka, veri bilimi ve otomasyon için Python öğrenin!","114","698","Python bootcamp online, sıfırdan Python 2026, yapay zeka Python kursu, online Python eğitimi","92","SketchUp’ta Mimari ve İç Mekân Modelleme Eğitimi (Uygulamalı) - Online","70","","0","SketchUp’ta Mimari ve İç Mekân Modelleme Eğitimi (Uygulamalı)","61","Ne Öğreneceğim?","15","","","","https://unityverseacademy.com/urun/2026-python-bootcamp-sifirdan-python-canli-online-egitimi-8/","","","","","","134618","33985","33985","5,037","","1150","292","3,938","46,217","Hard","6,683","2","2","","10","4","0","1,780","72","46","0","11","11","0","","","","","61531c79cacf344df8c33d32c8f24d9b","0,502","","","","","tr","1.1","","","","","","https://www.unityverseacademy.com/urun/sketchupta-mimari-ve-ic-mek%C3%A2n-modelleme-egitimi-uygulamali-online-1619/","2026-07-27 17:46:27"
"https://www.unityverseacademy.com/blog-detay/semantik-teknoloji-depo-stok-takip-uygulamasi-tanitimi-251/","text/html; charset=utf-8","200","OK","Non-Indexable","Canonicalised","SEMANTİK TEKNOLOJİ — Depo Stok Takip Uygulaması Tanıtımı","56","566","Semantik Teknoloji Depo Stok Takibi Uygulaması Tanıtımı","55","351","unreal engine,","14","SEMANTİK TEKNOLOJİ — Depo Stok Takip Uygulaması Tanıtımı","56","","0","SEMANTİK TEKNOLOJİ — Akıllı Depo Yönetim Sistemi (WMS)","54","Neyi Çözüyoruz?","15","","","","https://unityverseacademy.com/blog-detay/semantik-teknoloji-depo-stok-takip-uygulamasi-tanitimi-251/","","","","","","101329","26434","26434","3,918","","1007","227","4,436","36,157","Hard","8,184","2","2","","31","29","0","12,890","76","51","0","8","8","0","","","","","4ce50197394f070db621d3f6b9285dba","0,194","","","","","tr","1.1","","","","","","https://www.unityverseacademy.com/blog-detay/semantik-teknoloji-depo-stok-takip-uygulamasi-tanitimi-251/","2026-07-27 17:46:27"
"https://www.unityverseacademy.com/urun/ispanyolca-egitimi-ozel-ders-1441/","text/html; charset=utf-8","200","OK","Non-Indexable","Canonicalised","İspanyolca Eğitimi Özel Ders","28","252","2026 Python bootcamp sıfırdan ileri seviye online kursu. Yapay zeka, veri bilimi ve otomasyon için Python öğrenin!","114","698","Python bootcamp online, sıfırdan Python 2026, yapay zeka Python kursu, online Python eğitimi","92","İspanyolca Eğitimi Özel Ders","28","","0","İspanyolca Eğitimi Özel Ders","28","","0","","","","https://unityverseacademy.com/urun/2026-python-bootcamp-sifirdan-python-canli-online-egitimi-8/","","","","","","118482","29942","29942","4,437","","377","111","3,396","56,179","Fairly Hard","2,931","2","2","","10","4","0","1,780","70","44","0","10","10","0","","","","","132b8df451e196016f3d58fdb79b88c0","0,092","","","","","tr","1.1","","","","","","https://www.unityverseacademy.com/urun/ispanyolca-egitimi-ozel-ders-1441/","2026-07-27 17:46:27"
"https://www.unityverseacademy.com/uploads/p/p/ispanyolca-egitimi-ozel-ders_1.jpg?v=1759326018","image/jpeg","200","OK","Indexable","","","0","0","","0","0","","0","","0","","0","","0","","0","","","","","","","","","","133877","133877","133877","19,841","","0","","","","","0,000","2","3","","1","1","0","0,440","0","0","0","0","0","0","","","","","","0,101","Thu, 18 Jun 2026 12:14:51 GMT","","","","","1.1","","","","","","https://www.unityverseacademy.com/uploads/p/p/ispanyolca-egitimi-ozel-ders_1.jpg?v=1759326018","2026-07-27 17:46:27"
"https://www.unityverseacademy.com/uploads/p/p/yonetmenlik-ve-sinematografiye-giris-yuz-yuze-ozel-ders_2.jpg?v=1759394185","image/jpeg","200","OK","Indexable","","","0","0","","0","0","","0","","0","","0","","0","","0","","","","","","","","","","132861","132861","132861","19,690","","0","","","","","0,000","2","3","","1","1","0","0,440","0","0","0","0","0","0","","","","","","0,453","Wed, 17 Jun 2026 19:04:47 GMT","","","","","1.1","","","","","","https://www.unityverseacademy.com/uploads/p/p/yonetmenlik-ve-sinematografiye-giris-yuz-yuze-ozel-ders_2.jpg?v=1759394185","2026-07-27 17:46:27"
"https://www.unityverseacademy.com/uploads/p/p/film-ve-animasyon-icin-storyboard-yuz-yuze-egitimi_1.jpg?v=1759588333","image/jpeg","200","OK","Indexable","","","0","0","","0","0","","0","","0","","0","","0","","0","","","","","","","","","","136751","136751","136751","20,266","","0","","","","","0,000","2","3","","1","1","0","0,440","0","0","0","0","0","0","","","","","","0,473","Wed, 17 Jun 2026 19:04:47 GMT","","","","","1.1","","","","","","https://www.unityverseacademy.com/uploads/p/p/film-ve-animasyon-icin-storyboard-yuz-yuze-egitimi_1.jpg?v=1759588333","2026-07-27 17:46:27"
"https://www.unityverseacademy.com/uploads/p/p/substance-3d-painter-canli-online-40-saat-ozel-ders_2.jpg?v=1750673095","image/jpeg","200","OK","Indexable","","","0","0","","0","0","","0","","0","","0","","0","","0","","","","","","","","","","131158","131158","131158","19,438","","0","","","","","0,000","2","3","","1","1","0","0,440","0","0","0","0","0","0","","","","","","0,070","Wed, 17 Jun 2026 19:04:47 GMT","","","","","1.1","","","","","","https://www.unityverseacademy.com/uploads/p/p/substance-3d-painter-canli-online-40-saat-ozel-ders_2.jpg?v=1750673095","2026-07-27 17:46:27"
"https://www.unityverseacademy.com/uploads/fm/IMG_49203.jpg","image/jpeg","200","OK","Indexable","","","0","0","","0","0","","0","","0","","0","","0","","0","","","","","","","","","","91267","91267","91267","13,526","","0","","","","","0,000","2","2","","0","0","0","0,000","0","0","0","0","0","0","","","","","","0,728","Wed, 17 Jun 2026 19:04:46 GMT","","","","","1.1","","","","","","https://www.unityverseacademy.com/uploads/fm/IMG_49203.jpg","2026-07-27 17:46:27"
