"Address","Status Code","Status","HTML Word Count","Rendered HTML Word Count","Word Count Change","JS Word Count %","HTML Title","Rendered HTML Title","HTML H1","Rendered HTML H1","HTML Meta Description","Rendered HTML Meta Description","HTML Canonical","Rendered HTML Canonical","Unique Inlinks","Unique JS Inlinks","Unique Outlinks","Unique JS Outlinks","Unique External Outlinks","Unique External JS Outlinks","HTML Meta Robots 1","Rendered HTML Meta Robots 1","Pretty URL","Ugly URL","JS Error","JS Warning","JS Info","JS Debug","JS Issue"
"https://unityverseacademy.com/","200","OK","2242","0","","","En İyi Staj Garantili Yazılım, Oyun ve Tasarım Kursları","","En çok tercih edilen eğitimler","","En iyi Staj garantili yazılım, oyun, uygulama geliştirme, grafik tasarım, siber güvenlik eğitimleri,  E-devlet ve uluslararası sertifikalarla meslek kursları","","https://unityverseacademy.com/","","174","0","76","0","7","0","","","https://unityverseacademy.com/","https://unityverseacademy.com/","","","","",""
"https://unityverseacademy.com/kategori/animasyon-egitimleri-248/","200","OK","630","0","","","Animasyon Eğitimleri","","Animasyon Eğitimleri","","Animasyon Eğitimleri","","https://unityverseacademy.com/kategori/animasyon-egitimleri-248/","","174","0","51","0","7","0","","","https://unityverseacademy.com/kategori/animasyon-egitimleri-248/","https://unityverseacademy.com/kategori/animasyon-egitimleri-248/","","","","",""
"https://unityverseacademy.com/urun/autodesk-fusion-360-endustriyel-urun-tasarimi-uzmanligi-canli-online-egitimi-584/","200","OK","2218","0","","","Autodesk Fusion 360 Endüstriyel Ürün Tasarımı Uzmanlığı Canlı (Online) Eğitimi","","Autodesk Fusion 360 Endüstriyel Ürün Tasarımı Uzmanlığı Canlı (Online) Eğitimi","","Autodesk Fusion 360 Endüstriyel Ürün Tasarımı Uzmanlığı Canlı (Online) Eğitimi, katılımcılara endüstriyel ürünlerin tasarımı, geliştirilmesi ve üretim aşamalarına uygun şekilde projeler oluşturma yeteneği kazandırır. Bu eğitimd","","https://unityverseacademy.com/urun/autodesk-fusion-360-endustriyel-urun-tasarimi-uzmanligi-canli-online-egitimi-584/","","4","0","47","0","12","0","","","https://unityverseacademy.com/urun/autodesk-fusion-360-endustriyel-urun-tasarimi-uzmanligi-canli-online-egitimi-584/","https://unityverseacademy.com/urun/autodesk-fusion-360-endustriyel-urun-tasarimi-uzmanligi-canli-online-egitimi-584/","","","","",""
"https://unityverseacademy.com/urun/desinatorluk-canli-online-egitimi-563/","200","OK","3297","0","","","Desinatörlük & Desen Tasarım Kursu | Online","","Desinatörlük & Tekstil Desen Tasarım Kursu – Online Canlı","","Desinatörlük ve tekstil desen tasarım canlı online kursu. Evinizden baskı desen ve kumaş tasarımı öğrenin!","","https://unityverseacademy.com/urun/desinatorluk-canli-online-egitimi-563/","","4","0","43","0","12","0","","","https://unityverseacademy.com/urun/desinatorluk-canli-online-egitimi-563/","https://unityverseacademy.com/urun/desinatorluk-canli-online-egitimi-563/","","","","",""
"https://unityverseacademy.com/sayfa/iptal-ve-iade-kosullari-28/","200","OK","535","0","","","İptal ve İade Koşulları","","İptal ve İade Koşulları","","İptal ve İade Koşulları","","https://unityverseacademy.com/sayfa/iptal-ve-iade-kosullari-28/","","174","0","40","0","7","0","","","https://unityverseacademy.com/sayfa/iptal-ve-iade-kosullari-28/","https://unityverseacademy.com/sayfa/iptal-ve-iade-kosullari-28/","","","","",""
"https://unityverseacademy.com/kategori/oyun-gelistirme-egitimleri-244/","200","OK","971","0","","","Oyun Geliştirme Eğitimleri","","Oyun Geliştirme Eğitimleri","","Oyun sektörü hızla büyüyor. Eğer sende bu büyümeye ayak uydurmak istiyorsan bizimle hemen iletişime geç.","","https://unityverseacademy.com/kategori/oyun-gelistirme-egitimleri-244/","","174","0","65","0","7","0","","","https://unityverseacademy.com/kategori/oyun-gelistirme-egitimleri-244/","https://unityverseacademy.com/kategori/oyun-gelistirme-egitimleri-244/","","","","",""
"https://unityverseacademy.com/sayfa/uyelik-sozlesmesi-ve-gizlilik-politikasi-27/","200","OK","4217","0","","","Üyelik Sözleşmesi ve Gizlilik Politikası","","Üyelik Sözleşmesi ve Gizlilik Politikası","","Üyelik Sözleşmesi ve Gizlilik Politikası","","https://unityverseacademy.com/sayfa/uyelik-sozlesmesi-ve-gizlilik-politikasi-27/","","174","0","40","0","8","0","","","https://unityverseacademy.com/sayfa/uyelik-sozlesmesi-ve-gizlilik-politikasi-27/","https://unityverseacademy.com/sayfa/uyelik-sozlesmesi-ve-gizlilik-politikasi-27/","","","","",""
"https://unityverseacademy.com/urun/unity-ile-oyun-gelistirme-canli-online-egitimi-staj-garantili-17/","200","OK","4528","0","","","Unity Oyun Geliştirme Kursu Online | Staj Garantili","","Unity ile Oyun Geliştirme Kursu – Online Canlı Eğitim (Staj Garantili)","","Staj garantili Unity oyun geliştirme online kursu. Canlı derslerle C# programlama ve Unity ile 2D/3D oyun geliştirmeyi öğrenin. Hemen kayıt olun!","","https://unityverseacademy.com/urun/unity-ile-oyun-gelistirme-canli-online-egitimi-staj-garantili-17/","","4","0","44","0","15","0","","","https://unityverseacademy.com/urun/unity-ile-oyun-gelistirme-canli-online-egitimi-staj-garantili-17/","https://unityverseacademy.com/urun/unity-ile-oyun-gelistirme-canli-online-egitimi-staj-garantili-17/","","","","",""
"https://unityverseacademy.com/kategori/mimarlik-egitimleri-259/","200","OK","859","0","","","Mimarlık Eğitimleri","","Mimarlık Eğitimleri","","Mimarlık Eğitimleri","","https://unityverseacademy.com/kategori/mimarlik-egitimleri-259/","","174","0","65","0","7","0","","","https://unityverseacademy.com/kategori/mimarlik-egitimleri-259/","https://unityverseacademy.com/kategori/mimarlik-egitimleri-259/","","","","",""
"https://unityverseacademy.com/sayfa/hakkimizda-25/","200","OK","926","0","","","Hakkımızda","","HAKKIMIZDA","","HAKKIMIZDA","","https://unityverseacademy.com/sayfa/hakkimizda-25/","","174","0","40","0","7","0","","","https://unityverseacademy.com/sayfa/hakkimizda-25/","https://unityverseacademy.com/sayfa/hakkimizda-25/","","","","",""
"https://unityverseacademy.com/blog-detay/suleyman-ozgonul-oyun-gelistiricilikte-zirveye-giden-yol-129/","200","OK","552","0","","","Süleyman Özgönül: Oyun Geliştiricilikte Zirveye Giden Yol","","Süleyman Özgönül: Oyun Geliştiricilikte Zirveye Giden Yol","","Süleyman Özgönül: Oyun Geliştiricilikte Zirveye Giden Yol","","https://unityverseacademy.com/blog-detay/suleyman-ozgonul-oyun-gelistiricilikte-zirveye-giden-yol-129/","","3","0","52","0","8","0","","","https://unityverseacademy.com/blog-detay/suleyman-ozgonul-oyun-gelistiricilikte-zirveye-giden-yol-129/","https://unityverseacademy.com/blog-detay/suleyman-ozgonul-oyun-gelistiricilikte-zirveye-giden-yol-129/","","","","",""
"https://unityverseacademy.com/urun/profesyonel-3b-modelleme-dijital-sanat-programi-online-1/","200","OK","2580","0","","","Profesyonel 3D Modelleme Kursu Online | 3D Artist","","Profesyonel 3D Modelleme & Dijital Sanat Kursu – Kapsamlı Online (3D Generalist Programı)","","Profesyonel 3D modelleme ve dijital sanat kapsamlı online programı. 3D generalist olarak sektöre hazırlanın!","","https://unityverseacademy.com/urun/profesyonel-3b-modelleme-dijital-sanat-programi-online-1/","","4","0","45","0","12","0","","","https://unityverseacademy.com/urun/profesyonel-3b-modelleme-dijital-sanat-programi-online-1/","https://unityverseacademy.com/urun/profesyonel-3b-modelleme-dijital-sanat-programi-online-1/","","","","",""
"https://unityverseacademy.com/kategori/mimarlik-egitimleri-ozel-ders-274/","200","OK","481","0","","","Mimarlık Eğitimleri Özel Ders","","Mimarlık Eğitimleri Özel Ders","","Mimarlık Eğitimleri Özel Ders, Özel Dersler","","https://unityverseacademy.com/kategori/mimarlik-egitimleri-ozel-ders-274/","","174","0","41","0","7","0","","","https://unityverseacademy.com/kategori/mimarlik-egitimleri-ozel-ders-274/","https://unityverseacademy.com/kategori/mimarlik-egitimleri-ozel-ders-274/","","","","",""
"https://unityverseacademy.com/blog-detay/filiz-tumuklunun-yazilim-test-otomasyonu-egitimi-ve-kariyer-basarisi-90/","200","OK","781","0","","","Filiz Tümüklü’nün Yazılım Test Otomasyonu Eğitimi ve Kariyer Başarısı","","Filiz Tümüklü’nün Yazılım Test Otomasyonu Eğitimi ve Kariyer Başarısı","","Filiz Tümüklü’nün Yazılım Test Otomasyonu Eğitimi ve Kariyer Başarısı","","https://unityverseacademy.com/blog-detay/filiz-tumuklunun-yazilim-test-otomasyonu-egitimi-ve-kariyer-basarisi-90/","","2","0","52","0","8","0","","","https://unityverseacademy.com/blog-detay/filiz-tumuklunun-yazilim-test-otomasyonu-egitimi-ve-kariyer-basarisi-90/","https://unityverseacademy.com/blog-detay/filiz-tumuklunun-yazilim-test-otomasyonu-egitimi-ve-kariyer-basarisi-90/","","","","",""
"https://unityverseacademy.com/kategori/dijital-pazarlama-egitimleri-255/","200","OK","522","0","","","Dijital Pazarlama Eğitimleri","","Dijital Pazarlama Eğitimleri","","Dijital Pazarlama Eğitimleri","","https://unityverseacademy.com/kategori/dijital-pazarlama-egitimleri-255/","","174","0","45","0","7","0","","","https://unityverseacademy.com/kategori/dijital-pazarlama-egitimleri-255/","https://unityverseacademy.com/kategori/dijital-pazarlama-egitimleri-255/","","","","",""
"https://unityverseacademy.com/kategori/ozel-dersler-256/","200","OK","750","0","","","Özel Dersler","","Özel Dersler","","Özel Dersler","","https://unityverseacademy.com/kategori/ozel-dersler-256/","","174","0","59","0","7","0","","","https://unityverseacademy.com/kategori/ozel-dersler-256/","https://unityverseacademy.com/kategori/ozel-dersler-256/","","","","",""
"https://unityverseacademy.com/urun/2b-cizgi-film-ve-animasyon-uzmanligi-canli-online-egitimi-565/","200","OK","2502","0","","","2B Çizgi Film ve Animasyon Uzmanlığı Canlı (Online) Eğitimi","","2B Çizgi Film ve Animasyon Uzmanlığı Canlı (Online) Eğitimi","","2B Çizgi Film ve Animasyon Uzmanlığı Canlı (Online) Eğitimi, katılımcılara 2D animasyonun temellerini öğretirken, yaratıcı ve teknik becerilerini geliştirmelerine yardımcı olan kapsamlı bir eğitim programıdır. Bu eğitimde, 2B animasyo","","https://unityverseacademy.com/urun/2b-cizgi-film-ve-animasyon-uzmanligi-canli-online-egitimi-565/","","4","0","44","0","12","0","","","https://unityverseacademy.com/urun/2b-cizgi-film-ve-animasyon-uzmanligi-canli-online-egitimi-565/","https://unityverseacademy.com/urun/2b-cizgi-film-ve-animasyon-uzmanligi-canli-online-egitimi-565/","","","","",""
"https://unityverseacademy.com/os/KARIYER-14/","200","OK","251","0","","","KARIYER iŞ","","","","KARIYER","","https://unityverseacademy.com/os/kariyer-is-14/","","170","0","40","0","7","0","","","https://unityverseacademy.com/os/KARIYER-14/","https://unityverseacademy.com/os/KARIYER-14/","","","","",""
"https://unityverseacademy.com/blog-detay/burak-ercayanin-yazilim-test-otomasyonu-egitimi-ve-testiniumdaki-isi-88/","200","OK","762","0","","","Burak Erçayan’ın Yazılım Test Otomasyonu Eğitimi ve Testinium’daki İşi","","Burak Erçayan’ın Yazılım Test Otomasyonu Eğitimi ve Testinium’daki İşi","","Burak Erçayan’ın Yazılım Test Otomasyonu Eğitimi ve Testinium’daki İşi","","https://unityverseacademy.com/blog-detay/burak-ercayanin-yazilim-test-otomasyonu-egitimi-ve-testiniumdaki-isi-88/","","2","0","52","0","7","0","","","https://unityverseacademy.com/blog-detay/burak-ercayanin-yazilim-test-otomasyonu-egitimi-ve-testiniumdaki-isi-88/","https://unityverseacademy.com/blog-detay/burak-ercayanin-yazilim-test-otomasyonu-egitimi-ve-testiniumdaki-isi-88/","","","","",""
"https://unityverseacademy.com/sayfa/kisisel-verilerin-korunmasi-hakkinda-aydinlatma-bildirimi-29/","200","OK","2534","0","","","Kişisel Verilerin Korunması Hakkında Aydınlatma Bildirimi","","Kişisel Verilerin Korunması Hakkında Aydınlatma Bildirimi","","Kişisel Verilerin Korunması Hakkında Aydınlatma Bildirimi","","https://unityverseacademy.com/sayfa/kisisel-verilerin-korunmasi-hakkinda-aydinlatma-bildirimi-29/","","174","0","40","0","7","0","","","https://unityverseacademy.com/sayfa/kisisel-verilerin-korunmasi-hakkinda-aydinlatma-bildirimi-29/","https://unityverseacademy.com/sayfa/kisisel-verilerin-korunmasi-hakkinda-aydinlatma-bildirimi-29/","","","","",""
"https://unityverseacademy.com/blog-detay/elif-arslanin-yazilim-gelistirici-olarak-ayakkabi-dunyasindaki-baslangici-94/","200","OK","558","0","","","Elif Arslan'ın Yazılım Geliştirici Olarak Ayakkabı Dünyası'ndaki Başlangıcı","","Elif Arslan'ın Yazılım Geliştirici Olarak Ayakkabı Dünyası'ndaki Başlangıcı","","Elif Arslan","","https://unityverseacademy.com/blog-detay/elif-arslanin-yazilim-gelistirici-olarak-ayakkabi-dunyasindaki-baslangici-94/","","2","0","52","0","8","0","","","https://unityverseacademy.com/blog-detay/elif-arslanin-yazilim-gelistirici-olarak-ayakkabi-dunyasindaki-baslangici-94/","https://unityverseacademy.com/blog-detay/elif-arslanin-yazilim-gelistirici-olarak-ayakkabi-dunyasindaki-baslangici-94/","","","","",""
"https://unityverseacademy.com/kategori/muhasebe-ve-ofis-egitimleri-258/","200","OK","560","0","","","Muhasebe ve Ofis Eğitimleri","","Muhasebe ve Ofis Eğitimleri","","Muhasebe ve Ofis Eğitimleri","","https://unityverseacademy.com/kategori/muhasebe-ve-ofis-egitimleri-258/","","174","0","48","0","7","0","","","https://unityverseacademy.com/kategori/muhasebe-ve-ofis-egitimleri-258/","https://unityverseacademy.com/kategori/muhasebe-ve-ofis-egitimleri-258/","","","","",""
"https://unityverseacademy.com/blog-detay/oguzhan-durakin-grafik-tasarim-ve-video-kurgu-alanindaki-yolculugu-100/","200","OK","683","0","","","Oğuzhan Durak'ın Grafik Tasarım ve Video Kurgu Alanındaki Yolculuğu","","Oğuzhan Durak'ın Grafik Tasarım ve Video Kurgu Alanındaki Yolculuğu","","Oğuzhan Durak","","https://unityverseacademy.com/blog-detay/oguzhan-durakin-grafik-tasarim-ve-video-kurgu-alanindaki-yolculugu-100/","","3","0","52","0","8","0","","","https://unityverseacademy.com/blog-detay/oguzhan-durakin-grafik-tasarim-ve-video-kurgu-alanindaki-yolculugu-100/","https://unityverseacademy.com/blog-detay/oguzhan-durakin-grafik-tasarim-ve-video-kurgu-alanindaki-yolculugu-100/","","","","",""
"https://unityverseacademy.com/sayfa/mesafeli-satis-sozlesmesi-26/","200","OK","3886","0","","","Mesafeli Satış Sözleşmesi","","Mesafeli Satış Sözleşmesi","","Mesafeli Satış Sözleşmesi","","https://unityverseacademy.com/sayfa/mesafeli-satis-sozlesmesi-26/","","174","0","40","0","7","0","","","https://unityverseacademy.com/sayfa/mesafeli-satis-sozlesmesi-26/","https://unityverseacademy.com/sayfa/mesafeli-satis-sozlesmesi-26/","","","","",""
"https://unityverseacademy.com/urun/2b-oyun-karakter-tasarimi-ve-animasyon-canli-online-egitimi-553/","200","OK","2710","0","","","2B Oyun Karakter Tasarımı ve Animasyon Canlı (Online) Eğitimi","","2B Oyun Karakter Tasarımı ve Animasyon Canlı (Online) Eğitimi","","2B Oyun Karakter Tasarımı ve Animasyon Canlı (Online) Eğitimi, oyun geliştirme ve animasyon alanlarında kariyer yapmak isteyenler için kapsamlı bir eğitim programıdır. Bu eğitim, katılımcılara 2B oyun karakterlerinin tasarımını ve animas","","https://unityverseacademy.com/urun/2b-oyun-karakter-tasarimi-ve-animasyon-canli-online-egitimi-553/","","4","0","43","0","13","0","","","https://unityverseacademy.com/urun/2b-oyun-karakter-tasarimi-ve-animasyon-canli-online-egitimi-553/","https://unityverseacademy.com/urun/2b-oyun-karakter-tasarimi-ve-animasyon-canli-online-egitimi-553/","","","","",""
"https://unityverseacademy.com/blog-detay/berkay-kurt-multiplayer-oyun-gelistiriciliginde-bir-yildiz-130/","200","OK","535","0","","","Berkay Kurt: Multiplayer Oyun Geliştiriciliğinde Bir Yıldız","","Berkay Kurt: Multiplayer Oyun Geliştiriciliğinde Bir Yıldız","","Berkay Kurt: Multiplayer Oyun Geliştiriciliğinde Bir Yıldız","","https://unityverseacademy.com/blog-detay/berkay-kurt-multiplayer-oyun-gelistiriciliginde-bir-yildiz-130/","","3","0","52","0","8","0","","","https://unityverseacademy.com/blog-detay/berkay-kurt-multiplayer-oyun-gelistiriciliginde-bir-yildiz-130/","https://unityverseacademy.com/blog-detay/berkay-kurt-multiplayer-oyun-gelistiriciliginde-bir-yildiz-130/","","","","",""
"https://unityverseacademy.com/blog-detay/fatih-yilmazin-yazilim-yolculugu-ve-lufthansadaki-basarisi-91/","200","OK","832","0","","","Fatih Yılmaz’ın Yazılım Yolculuğu ve Lufthansa’daki Başarısı","","Fatih Yılmaz’ın Yazılım Yolculuğu ve Lufthansa’daki Başarısı","","Fatih Yılmaz’ın Yazılım Yolculuğu ve Lufthansa’daki Başarısı","","https://unityverseacademy.com/blog-detay/fatih-yilmazin-yazilim-yolculugu-ve-lufthansadaki-basarisi-91/","","2","0","52","0","7","0","","","https://unityverseacademy.com/blog-detay/fatih-yilmazin-yazilim-yolculugu-ve-lufthansadaki-basarisi-91/","https://unityverseacademy.com/blog-detay/fatih-yilmazin-yazilim-yolculugu-ve-lufthansadaki-basarisi-91/","","","","",""
"https://unityverseacademy.com/kategori/3d-modelleme-ozel-ders-273/","200","OK","477","0","","","3D Modelleme Özel Ders","","3D Modelleme Özel Ders","","3D Modelleme Özel Ders, Özel Dersler","","https://unityverseacademy.com/kategori/3d-modelleme-ozel-ders-273/","","174","0","41","0","7","0","","","https://unityverseacademy.com/kategori/3d-modelleme-ozel-ders-273/","https://unityverseacademy.com/kategori/3d-modelleme-ozel-ders-273/","","","","",""
"https://unityverseacademy.com/tum-urunler/","200","OK","5788","0","","","Tüm Ürünler","","Tüm Ürünler","","Tüm Ürünler","","https://unityverseacademy.com/tum-urunler/","","170","0","309","0","7","0","","","https://unityverseacademy.com/tum-urunler/","https://unityverseacademy.com/tum-urunler/","","","","",""
"https://unityverseacademy.com/kategori/endustriyel-urun-tasarim-egitimleri-253/","200","OK","588","0","","","Endüstriyel Ürün Tasarım Eğitimleri","","Endüstriyel Ürün Tasarım Eğitimleri","","Endüstriyel Ürün Tasarım Eğitimleri","","https://unityverseacademy.com/kategori/endustriyel-urun-tasarim-egitimleri-253/","","174","0","48","0","7","0","","","https://unityverseacademy.com/kategori/endustriyel-urun-tasarim-egitimleri-253/","https://unityverseacademy.com/kategori/endustriyel-urun-tasarim-egitimleri-253/","","","","",""
"https://unityverseacademy.com/sayfa/kvkk-aydinlatma-metni/","200","OK","2534","0","","","Kişisel Verilerin Korunması Hakkında Aydınlatma Bildirimi","","Kişisel Verilerin Korunması Hakkında Aydınlatma Bildirimi","","Kişisel Verilerin Korunması Hakkında Aydınlatma Bildirimi","","https://unityverseacademy.com/sayfa/kisisel-verilerin-korunmasi-hakkinda-aydinlatma-bildirimi-29/","","2","0","41","0","7","0","","","https://unityverseacademy.com/sayfa/kvkk-aydinlatma-metni/","https://unityverseacademy.com/sayfa/kvkk-aydinlatma-metni/","","","","",""
"https://unityverseacademy.com/kategori/ses-tasarim-egitimleri-251/","200","OK","548","0","","","Ses Tasarımı Yüz Yüze Kursları","","Ses Tasarım Eğitimleri","","Ses Tasarım Eğitimleri","","https://unityverseacademy.com/kategori/ses-tasarim-egitimleri-251/","","174","0","48","0","7","0","","","https://unityverseacademy.com/kategori/ses-tasarim-egitimleri-251/","https://unityverseacademy.com/kategori/ses-tasarim-egitimleri-251/","","","","",""
"https://unityverseacademy.com/kategori/yazilim-egitimleri-ozel-ders-268/","200","OK","477","0","","","Yazılım Eğitimleri Özel Ders","","Yazılım Eğitimleri Özel Ders","","Yazılım Eğitimleri Özel Ders, Özel Dersler","","https://unityverseacademy.com/kategori/yazilim-egitimleri-ozel-ders-268/","","174","0","41","0","7","0","","","https://unityverseacademy.com/kategori/yazilim-egitimleri-ozel-ders-268/","https://unityverseacademy.com/kategori/yazilim-egitimleri-ozel-ders-268/","","","","",""
"https://unityverseacademy.com/blog/","200","OK","755","0","","","Blog","","Blog","","Blog","","https://unityverseacademy.com/blog/","","170","0","72","0","7","0","","","https://unityverseacademy.com/blog/","https://unityverseacademy.com/blog/","","","","",""
"https://unityverseacademy.com/blog-detay/gorkem-tekinin-vakif-katilimdaki-backend-developer-yolculugu-96/","200","OK","565","0","","","Görkem Tekin'in Vakıf Katılım'daki Backend Developer Yolculuğu","","Görkem Tekin'in Vakıf Katılım'daki Backend Developer Yolculuğu","","Görkem Tekin","","https://unityverseacademy.com/blog-detay/gorkem-tekinin-vakif-katilimdaki-backend-developer-yolculugu-96/","","2","0","52","0","9","0","","","https://unityverseacademy.com/blog-detay/gorkem-tekinin-vakif-katilimdaki-backend-developer-yolculugu-96/","https://unityverseacademy.com/blog-detay/gorkem-tekinin-vakif-katilimdaki-backend-developer-yolculugu-96/","","","","",""
"https://unityverseacademy.com/os/KURUMSAL-EGITIMLER-10/","200","OK","718","0","","","Kurumsal Eğitimler","","","","KURUMSAL EĞİTİMLER","","https://unityverseacademy.com/os/kurumsal-egitimler-10/","","170","0","40","0","9","0","","","https://unityverseacademy.com/os/KURUMSAL-EGITIMLER-10/","https://unityverseacademy.com/os/KURUMSAL-EGITIMLER-10/","","","","",""
"https://unityverseacademy.com/kategori/grafik-tasarim-ozel-ders-269/","200","OK","497","0","","","Grafik Tasarım Özel Ders","","Grafik Tasarım Özel Ders","","Grafik Tasarım Özel Ders, Özel Dersler","","https://unityverseacademy.com/kategori/grafik-tasarim-ozel-ders-269/","","174","0","43","0","7","0","","","https://unityverseacademy.com/kategori/grafik-tasarim-ozel-ders-269/","https://unityverseacademy.com/kategori/grafik-tasarim-ozel-ders-269/","","","","",""
"https://unityverseacademy.com/urun/grafik-tasarim-ve-video-efekt-uzmanligi-canli-online-egitimi-staj-garantili-564/","200","OK","4367","0","","","Grafik Tasarım Kursu Online | Staj Garantili","","Grafik Tasarım Kursu & Video Efekt Uzmanlığı – Online Canlı (Staj Garantili)","","Staj garantili grafik tasarım kursu ve video efekt uzmanlığı online eğitimi. Photoshop, Illustrator ve After Effects öğrenin!","","https://unityverseacademy.com/urun/grafik-tasarim-ve-video-efekt-uzmanligi-canli-online-egitimi-staj-garantili-564/","","4","0","45","0","12","0","","","https://unityverseacademy.com/urun/grafik-tasarim-ve-video-efekt-uzmanligi-canli-online-egitimi-staj-garantili-564/","https://unityverseacademy.com/urun/grafik-tasarim-ve-video-efekt-uzmanligi-canli-online-egitimi-staj-garantili-564/","","","","",""
"https://unityverseacademy.com/blog-detay/begum-kiroglunun-grafik-tasarim-ve-video-kurgu-alanindaki-yolculugu-98/","200","OK","667","0","","","Begüm Kıroğlu'nun Grafik Tasarım ve Video Kurgu Alanındaki Yolculuğu","","Begüm Kıroğlu'nun Grafik Tasarım ve Video Kurgu Alanındaki Yolculuğu","","Begüm Kıroğlu","","https://unityverseacademy.com/blog-detay/begum-kiroglunun-grafik-tasarim-ve-video-kurgu-alanindaki-yolculugu-98/","","2","0","52","0","8","0","","","https://unityverseacademy.com/blog-detay/begum-kiroglunun-grafik-tasarim-ve-video-kurgu-alanindaki-yolculugu-98/","https://unityverseacademy.com/blog-detay/begum-kiroglunun-grafik-tasarim-ve-video-kurgu-alanindaki-yolculugu-98/","","","","",""
"https://unityverseacademy.com/urun/c-programlama-canli-online-egitimi-10/","200","OK","2466","0","","","C# Programlama Kursu | Canlı Online Eğitim","","C# (C Sharp) Programlama Kursu – Canlı Online Eğitim","","C# (C Sharp) programlama canlı online kursu. Sıfırdan .NET ve nesne yönelimli programlama öğrenin. Hemen kaydolun!","","https://unityverseacademy.com/urun/c-programlama-canli-online-egitimi-10/","","4","0","44","0","14","0","","","https://unityverseacademy.com/urun/c-programlama-canli-online-egitimi-10/","https://unityverseacademy.com/urun/c-programlama-canli-online-egitimi-10/","","","","",""
"https://unityverseacademy.com/kategori/dil-egitimleri-257/","200","OK","501","0","","","Dil Eğitimleri","","Dil Eğitimleri","","Dil Eğitimleri","","https://unityverseacademy.com/kategori/dil-egitimleri-257/","","174","0","44","0","7","0","","","https://unityverseacademy.com/kategori/dil-egitimleri-257/","https://unityverseacademy.com/kategori/dil-egitimleri-257/","","","","",""
"https://unityverseacademy.com/urun/dijital-oyun-muzigi-teknikleri-canli-online-egitimi-650/","200","OK","305","0","","","Dijital Oyun Müziği Teknikleri Canlı (Online) Eğitimi","","Dijital Oyun Müziği Teknikleri Canlı (Online) Eğitimi","","Dijital Oyun Müziği Teknikleri Canlı (Online) Eğitimi, oyun geliştiricileri ve müzik prodüktörleri için özel olarak tasarlanmış bir eğitimdir. Oyun müziklerinin yaratılması, düzenlenmesi ve oyun içindeki atmosferle uyumlu hale getirilmes","","https://unityverseacademy.com/urun/dijital-oyun-muzigi-teknikleri-canli-online-egitimi-650/","","4","0","43","0","11","0","","","https://unityverseacademy.com/urun/dijital-oyun-muzigi-teknikleri-canli-online-egitimi-650/","https://unityverseacademy.com/urun/dijital-oyun-muzigi-teknikleri-canli-online-egitimi-650/","","","","",""
"https://unityverseacademy.com/blog-detay/suat-erizin-ayes-celikteki-yazilim-gelistirici-ve-kalite-kontrol-gorevi-97/","200","OK","592","0","","","Suat Eriz'in AYES Çelik'teki Yazılım Geliştirici ve Kalite Kontrol Görevi","","Suat Eriz'in AYES Çelik'teki Yazılım Geliştirici ve Kalite Kontrol Görevi","","Suat Eriz","","https://unityverseacademy.com/blog-detay/suat-erizin-ayes-celikteki-yazilim-gelistirici-ve-kalite-kontrol-gorevi-97/","","3","0","52","0","9","0","","","https://unityverseacademy.com/blog-detay/suat-erizin-ayes-celikteki-yazilim-gelistirici-ve-kalite-kontrol-gorevi-97/","https://unityverseacademy.com/blog-detay/suat-erizin-ayes-celikteki-yazilim-gelistirici-ve-kalite-kontrol-gorevi-97/","","","","",""
"https://unityverseacademy.com/urun/grafik-tasarim-ve-video-efekt-uzmanligi-yuz-yuze-egitimi-staj-garantili-613/","200","OK","3772","0","","","Grafik Tasarım Kursu Yüz Yüze | Staj Garantili","","Grafik Tasarım Kursu & Video Efekt Uzmanlığı – Yüz Yüze (Staj Garantili)","","Staj garantili grafik tasarım kursu ve video efekt uzmanlığı yüz yüze eğitimi. Sınıf ortamında uygulamalı Adobe eğitimi!","","https://unityverseacademy.com/urun/grafik-tasarim-ve-video-efekt-uzmanligi-yuz-yuze-egitimi-staj-garantili-613/","","4","0","45","0","12","0","","","https://unityverseacademy.com/urun/grafik-tasarim-ve-video-efekt-uzmanligi-yuz-yuze-egitimi-staj-garantili-613/","https://unityverseacademy.com/urun/grafik-tasarim-ve-video-efekt-uzmanligi-yuz-yuze-egitimi-staj-garantili-613/","","","","",""
"https://unityverseacademy.com/urun/unity-ile-oyun-gelistirme-yuz-yuze-egitimi-staj-garantili-598/","200","OK","4467","0","","","Unity Oyun Geliştirme Kursu Yüz Yüze | Staj Garantili","","Unity Oyun Geliştirme Kursu – Yüz Yüze Sınıf Eğitimi (Staj Garantili)","","Staj garantili Unity oyun geliştirme yüz yüze kursu. Sınıf ortamında uygulamalı C# ve Unity eğitimi ile oyun sektörüne hazırlanın.","","https://unityverseacademy.com/urun/unity-ile-oyun-gelistirme-yuz-yuze-egitimi-staj-garantili-598/","","4","0","44","0","15","0","","","https://unityverseacademy.com/urun/unity-ile-oyun-gelistirme-yuz-yuze-egitimi-staj-garantili-598/","https://unityverseacademy.com/urun/unity-ile-oyun-gelistirme-yuz-yuze-egitimi-staj-garantili-598/","","","","",""
"https://unityverseacademy.com/urun/blender-3b-oyun-modelleme-canli-online-egitim-2/","200","OK","2154","0","","","Blender 3D Oyun Modelleme Kursu | Online Canlı","","Blender 3D Oyun Modelleme Kursu – Online Canlı (Karakter & Çevre Asset)","","Blender ile 3D oyun modelleme canlı online kursu. Karakter, çevre ve prop modelleme öğrenin. Ücretsiz yazılımla 3D artist olun!","","https://unityverseacademy.com/urun/blender-3b-oyun-modelleme-canli-online-egitim-2/","","4","0","46","0","12","0","","","https://unityverseacademy.com/urun/blender-3b-oyun-modelleme-canli-online-egitim-2/","https://unityverseacademy.com/urun/blender-3b-oyun-modelleme-canli-online-egitim-2/","","","","",""
"https://unityverseacademy.com/urun/yazilim-uzmanligi-yuz-yuze-egitimi-staj-garantili-669/","200","OK","5084","0","","","Yazılım Uzmanlığı Yüz Yüze Kursu | Staj Garantili","","Full Stack Yazılım Uzmanlığı Kursu – Yüz Yüze (Staj Garantili)","","Staj garantili yazılım uzmanlığı yüz yüze kursu. Sınıf ortamında uygulamalı yazılım eğitimi ile sektöre hazırlanın.","","https://unityverseacademy.com/urun/yazilim-uzmanligi-yuz-yuze-egitimi-staj-garantili-669/","","5","0","45","0","14","0","","","https://unityverseacademy.com/urun/yazilim-uzmanligi-yuz-yuze-egitimi-staj-garantili-669/","https://unityverseacademy.com/urun/yazilim-uzmanligi-yuz-yuze-egitimi-staj-garantili-669/","","","","",""
"https://unityverseacademy.com/kategori/grafik-tasarim-egitimleri-246/","200","OK","1570","0","","","Grafik - Tasarım Eğitimleri","","Grafik - Tasarım Eğitimleri","","Grafik - Tasarım Eğitimleri","","https://unityverseacademy.com/kategori/grafik-tasarim-egitimleri-246/","","174","0","94","0","7","0","","","https://unityverseacademy.com/kategori/grafik-tasarim-egitimleri-246/","https://unityverseacademy.com/kategori/grafik-tasarim-egitimleri-246/","","","","",""
"https://unityverseacademy.com/blog-detay/enes-bugra-cengizin-full-stack-developer-yolculugu-93/","200","OK","578","0","","","Enes Buğra Cengiz'in Full Stack Developer Yolculuğu","","Enes Buğra Cengiz'in Full Stack Developer Yolculuğu","","Enes Buğra Cengiz","","https://unityverseacademy.com/blog-detay/enes-bugra-cengizin-full-stack-developer-yolculugu-93/","","2","0","52","0","9","0","","","https://unityverseacademy.com/blog-detay/enes-bugra-cengizin-full-stack-developer-yolculugu-93/","https://unityverseacademy.com/blog-detay/enes-bugra-cengizin-full-stack-developer-yolculugu-93/","","","","",""
"https://unityverseacademy.com/kategori/matematik-ozel-ders-267/","200","OK","477","0","","","Matematik Özel Ders","","Matematik Özel Ders","","Matematik Özel Ders, Özel Dersler","","https://unityverseacademy.com/kategori/matematik-ozel-ders-267/","","174","0","41","0","7","0","","","https://unityverseacademy.com/kategori/matematik-ozel-ders-267/","https://unityverseacademy.com/kategori/matematik-ozel-ders-267/","","","","",""
"https://unityverseacademy.com/urun/yazilim-test-otomasyonu-egitimi-canli-online-egitimi-staj-garantili-7/","200","OK","3974","0","","","Test Otomasyon Kursu Online | Staj Garantili QA","","Yazılım Test Otomasyon Kursu – Online Canlı (Staj Garantili) QA & SDET","","Staj garantili yazılım test otomasyon online kursu. Selenium, API test ve QA süreçlerini öğrenin, SDET kariyerine başlayın!","","https://unityverseacademy.com/urun/yazilim-test-otomasyonu-egitimi-canli-online-egitimi-staj-garantili-7/","","5","0","45","0","13","0","","","https://unityverseacademy.com/urun/yazilim-test-otomasyonu-egitimi-canli-online-egitimi-staj-garantili-7/","https://unityverseacademy.com/urun/yazilim-test-otomasyonu-egitimi-canli-online-egitimi-staj-garantili-7/","","","","",""
"https://unityverseacademy.com/sayfa/iletisim-5/","200","OK","327","0","","","İLETİŞİM BİLGİLERİ","","İLETİŞİM BİLGİLERİ","","İLETİŞİM BİLGİLERİ","","https://unityverseacademy.com/sayfa/iletisim-bilgileri-5/","","174","0","40","0","7","0","","","https://unityverseacademy.com/sayfa/iletisim-5/","https://unityverseacademy.com/sayfa/iletisim-5/","","","","",""
"https://unityverseacademy.com/kategori/oyun-gelistirme-ozel-ders-272/","200","OK","497","0","","","Oyun Geliştirme Özel Ders","","Oyun Geliştirme Özel Ders","","Oyun Geliştirme Özel Ders, Özel Dersler","","https://unityverseacademy.com/kategori/oyun-gelistirme-ozel-ders-272/","","174","0","43","0","7","0","","","https://unityverseacademy.com/kategori/oyun-gelistirme-ozel-ders-272/","https://unityverseacademy.com/kategori/oyun-gelistirme-ozel-ders-272/","","","","",""
"https://unityverseacademy.com/blog-detay/arda-bickinnin-yazilim-test-otomasyonu-egitimi-ve-testiniumdaki-staj-sureci-89/","200","OK","834","0","","","Arda Biçkin’nin Yazılım Test Otomasyonu Eğitimi ve Testinium’daki Staj Süreci","","Arda Biçkin’nin Yazılım Test Otomasyonu Eğitimi ve Testinium’daki Staj Süreci","","Arda Biçkin’nin Yazılım Test Otomasyonu Eğitimi ve Testinium’daki Staj Süreci","","https://unityverseacademy.com/blog-detay/arda-bickinnin-yazilim-test-otomasyonu-egitimi-ve-testiniumdaki-staj-sureci-89/","","2","0","52","0","7","0","","","https://unityverseacademy.com/blog-detay/arda-bickinnin-yazilim-test-otomasyonu-egitimi-ve-testiniumdaki-staj-sureci-89/","https://unityverseacademy.com/blog-detay/arda-bickinnin-yazilim-test-otomasyonu-egitimi-ve-testiniumdaki-staj-sureci-89/","","","","",""
"https://unityverseacademy.com/blog-detay/osman-derebasinin-grafik-tasarim-ve-video-kurgu-alanindaki-yolculugu-101/","200","OK","684","0","","","Osman Derebaşı'nın Grafik Tasarım ve Video Kurgu Alanındaki Yolculuğu","","Osman Derebaşı'nın Grafik Tasarım ve Video Kurgu Alanındaki Yolculuğu","","Osman Derebaşı","","https://unityverseacademy.com/blog-detay/osman-derebasinin-grafik-tasarim-ve-video-kurgu-alanindaki-yolculugu-101/","","3","0","52","0","7","0","","","https://unityverseacademy.com/blog-detay/osman-derebasinin-grafik-tasarim-ve-video-kurgu-alanindaki-yolculugu-101/","https://unityverseacademy.com/blog-detay/osman-derebasinin-grafik-tasarim-ve-video-kurgu-alanindaki-yolculugu-101/","","","","",""
"https://unityverseacademy.com/kategori/senaryo-sinema-ve-yonetmenlik-egitimleri-252/","200","OK","593","0","","","Senaryo, Sinema ve Yönetmenlik Eğitimleri","","Senaryo, Sinema ve Yönetmenlik Eğitimleri","","Senaryo, Sinema ve Yönetmenlik Eğitimleri","","https://unityverseacademy.com/kategori/senaryo-sinema-ve-yonetmenlik-egitimleri-252/","","174","0","48","0","7","0","","","https://unityverseacademy.com/kategori/senaryo-sinema-ve-yonetmenlik-egitimleri-252/","https://unityverseacademy.com/kategori/senaryo-sinema-ve-yonetmenlik-egitimleri-252/","","","","",""
"https://unityverseacademy.com/kategori/yazilim-egitimleri-245/","200","OK","2102","0","","","Yazılım  Eğitimleri","","Yazılım Eğitimleri","","Aranan Programcı Olma,Python, Java, C#, c sharp, mobil, mobil uygulama, uygulama geliştirme, kodlama, yazılım, Yazılım Uzmanlığı, C Sharp Programlama, Yazılım Kalitesi ve Testi, yazılım kalitesi, yazılım testi, tester, Software Quality a","","https://unityverseacademy.com/kategori/yazilim-egitimleri-245/","","174","0","122","0","7","0","","","https://unityverseacademy.com/kategori/yazilim-egitimleri-245/","https://unityverseacademy.com/kategori/yazilim-egitimleri-245/","","","","",""
"https://unityverseacademy.com/urun/2026-python-bootcamp-sifirdan-python-canli-online-egitimi-8/","200","OK","2941","0","","","Python Bootcamp 2026 Online | Sıfırdan AI & Veri","","Python Bootcamp 2026 – Sıfırdan İleri Seviye Online Canlı (AI & Veri Bilimi)","","2026 Python bootcamp sıfırdan ileri seviye online kursu. Yapay zeka, veri bilimi ve otomasyon için Python öğrenin!","","https://unityverseacademy.com/urun/2026-python-bootcamp-sifirdan-python-canli-online-egitimi-8/","","4","0","45","0","14","0","","","https://unityverseacademy.com/urun/2026-python-bootcamp-sifirdan-python-canli-online-egitimi-8/","https://unityverseacademy.com/urun/2026-python-bootcamp-sifirdan-python-canli-online-egitimi-8/","","","","",""
"https://unityverseacademy.com/kategori/3d-modelleme-egitimleri-247/","200","OK","1147","0","","","3B Modelleme Eğitimleri","","3D Modelleme Eğitimleri","","3d eğitim, blender, modelleme, modelling, substance 3d, maya, autodesk, maya kursu, maya eğitimi, maya","","https://unityverseacademy.com/kategori/3d-modelleme-egitimleri-247/","","174","0","71","0","7","0","","","https://unityverseacademy.com/kategori/3d-modelleme-egitimleri-247/","https://unityverseacademy.com/kategori/3d-modelleme-egitimleri-247/","","","","",""
"https://unityverseacademy.com/kategori/staj-garantili-egitimler-266/","200","OK","614","0","","","Staj Garantili Eğitimler, Yazılım Eğitimleri","","Staj Garantili Eğitimler","","Staj Garantili Eğitimler, Yazılım Eğitimleri","","https://unityverseacademy.com/kategori/staj-garantili-egitimler-266/","","174","0","49","0","7","0","","","https://unityverseacademy.com/kategori/staj-garantili-egitimler-266/","https://unityverseacademy.com/kategori/staj-garantili-egitimler-266/","","","","",""
"https://unityverseacademy.com/sayfa/egitmenler-10/","200","OK","267","0","","","Eğitmenlerimiz","","EĞİTMENLERİMİZ","","EĞİTMENLERİMİZ","","https://unityverseacademy.com/sayfa/egitmenlerimiz-10/","","174","0","52","0","9","0","","","https://unityverseacademy.com/sayfa/egitmenler-10/","https://unityverseacademy.com/sayfa/egitmenler-10/","","","","",""
"https://unityverseacademy.com/blog-detay/emre-gungorun-sps-senurdaki-robotic-system-developer-yolculugu-95/","200","OK","585","0","","","Emre Güngör'ün SPS SENUR'daki Robotic System Developer Yolculuğu","","Emre Güngör'ün SPS SENUR'daki Robotic System Developer Yolculuğu","","Emre Güngör","","https://unityverseacademy.com/blog-detay/emre-gungorun-sps-senurdaki-robotic-system-developer-yolculugu-95/","","2","0","52","0","8","0","","","https://unityverseacademy.com/blog-detay/emre-gungorun-sps-senurdaki-robotic-system-developer-yolculugu-95/","https://unityverseacademy.com/blog-detay/emre-gungorun-sps-senurdaki-robotic-system-developer-yolculugu-95/","","","","",""
"https://unityverseacademy.com/blog-detay/can-kalyoncuoglu-hayallerden-gerceklere-128/","200","OK","525","0","","","Can Kalyoncuoğlu: Hayallerden Gerçeklere","","Can Kalyoncuoğlu: Hayallerden Gerçeklere","","Can Kalyoncuoğlu: Hayallerden Gerçeklere","","https://unityverseacademy.com/blog-detay/can-kalyoncuoglu-hayallerden-gerceklere-128/","","3","0","52","0","8","0","","","https://unityverseacademy.com/blog-detay/can-kalyoncuoglu-hayallerden-gerceklere-128/","https://unityverseacademy.com/blog-detay/can-kalyoncuoglu-hayallerden-gerceklere-128/","","","","",""
"https://unityverseacademy.com/urun/rhino-egitimi-24-saat-online-ozel-ders-1131/","200","OK","509","0","","","Rhino Eğitimi","","Rhino Eğitimi 24 Saat Online Özel Ders","","Rhino Eğitimi, 3D modelleme ve tasarım süreçlerinde yaygın olarak kullanılan güçlü bir yazılım olan Rhino’yu öğrenmek isteyenler için kapsamlı bir eğitim programıdır. Rhino, özellikle endüstriyel tasarım, mimarlık, iç mimarlık ve","","https://unityverseacademy.com/urun/rhino-egitimi-24-saat-online-ozel-ders-1131/","","3","0","44","0","11","0","","","https://unityverseacademy.com/urun/rhino-egitimi-24-saat-online-ozel-ders-1131/","https://unityverseacademy.com/urun/rhino-egitimi-24-saat-online-ozel-ders-1131/","","","","",""
"https://unityverseacademy.com/urun/unity-ile-oyun-gelistirme-yuz-yuze-ozel-ders-1045/","200","OK","3682","0","","","Unity Oyun Geliştirme Özel Ders | Birebir Yüz Yüze","","Unity Oyun Geliştirme Özel Ders – Birebir Yüz Yüze Eğitim","","Unity ile birebir oyun geliştirme özel dersi. Kişiye özel müfredatla C# ve Unity öğrenin, kendi hızınızda ilerleyin. Hemen bilgi alın!","","https://unityverseacademy.com/urun/unity-ile-oyun-gelistirme-yuz-yuze-ozel-ders-1045/","","3","0","44","0","14","0","","","https://unityverseacademy.com/urun/unity-ile-oyun-gelistirme-yuz-yuze-ozel-ders-1045/","https://unityverseacademy.com/urun/unity-ile-oyun-gelistirme-yuz-yuze-ozel-ders-1045/","","","","",""
"https://unityverseacademy.com/urun/revit-egitimi-yuz-yuze-1581/","200","OK","921","0","","","Revit Eğitimi","","Revit Eğitimi Yüz Yüze","","Revit Eğitimi, mimarlık, mühendislik ve inşaat (AEC) sektörlerinde yaygın olarak kullanılan ve 3D BIM (Building Information Modeling) yazılımı olan Revit","","https://unityverseacademy.com/urun/revit-egitimi-yuz-yuze-1581/","","3","0","44","0","11","0","","","https://unityverseacademy.com/urun/revit-egitimi-yuz-yuze-1581/","https://unityverseacademy.com/urun/revit-egitimi-yuz-yuze-1581/","","","","",""
"https://unityverseacademy.com/blog/10/","200","OK","419","0","","","ÇALIŞMA HAYATINA ATILAN MEZUNLARIMIZIN BAŞARI HİKAYELERİ","","ÇALIŞMA HAYATINA ATILAN MEZUNLARIMIZIN BAŞARI HİKAYELERİ","","ÇALIŞMA HAYATINA ATILAN MEZUNLARIMIZIN BAŞARI HİKAYELERİ","","https://unityverseacademy.com/blog/10/","","106","0","55","0","7","0","","","https://unityverseacademy.com/blog/10/","https://unityverseacademy.com/blog/10/","","","","",""
"https://unityverseacademy.com/urun/autodesk-fusion-360-endustriyel-urun-tasarimi-uzmanligi-yuz-yuze-ozel-ders-20-saat-1591/","200","OK","720","0","","","Autodesk Fusion 360 Endüstriyel Ürün Tasarımı Uzmanlığı Yüz Yüze Özel Ders 20 saat","","Autodesk Fusion 360 Endüstriyel Ürün Tasarımı Uzmanlığı Yüz Yüze Özel Ders 20 saat","","Autodesk Fusion 360 Endüstriyel Ürün Tasarımı Uzmanlığı Yüz Yüze Özel Ders 20 saat ürünü, özellikleri ve en uygun fiyatları Unityverse Academy da. Autodesk Fusion 360 Endüstriyel Ürün Tasarımı Uzmanlığı Yüz Yüze Özel Ders 20 saat, Animasyon Eğitimleri kategorisinde.","","https://unityverseacademy.com/urun/autodesk-fusion-360-endustriyel-urun-tasarimi-uzmanligi-yuz-yuze-ozel-ders-20-saat-1591/","","3","0","45","0","11","0","","","https://unityverseacademy.com/urun/autodesk-fusion-360-endustriyel-urun-tasarimi-uzmanligi-yuz-yuze-ozel-ders-20-saat-1591/","https://unityverseacademy.com/urun/autodesk-fusion-360-endustriyel-urun-tasarimi-uzmanligi-yuz-yuze-ozel-ders-20-saat-1591/","","","","",""
"https://unityverseacademy.com/urun/adobe-photoshop-onlinecanli-egitim-779/","200","OK","2896","0","","","Adobe Photoshop Online Kurs | Grafik Tasarım","","Adobe Photoshop Kursu – Online Canlı Grafik Tasarım Eğitimi","","Adobe Photoshop grafik tasarım kursu online canlı eğitim. Evinizden fotoğraf düzenleme ve dijital tasarım öğrenin!","","https://unityverseacademy.com/urun/adobe-photoshop-onlinecanli-egitim-779/","","3","0","45","0","12","0","","","https://unityverseacademy.com/urun/adobe-photoshop-onlinecanli-egitim-779/","https://unityverseacademy.com/urun/adobe-photoshop-onlinecanli-egitim-779/","","","","",""
"https://unityverseacademy.com/urun/mimarlik-ic-mimarlik-icin-3d-tasarim-ve-gorsellestirme-egitimi-online-1549/","200","OK","3021","0","","","Mimarlık & İç Mimarlık için 3D Tasarım ve Görselleştirme Eğitimi Online","","Mimarlık & İç Mimarlık için 3D Tasarım ve Görselleştirme Eğitimi Online","","Mimarlık & İç Mimarlık için 3D Tasarım ve Görselleştirme Eğitimi Online ürünü, özellikleri ve en uygun fiyatları Unityverse Academy da. Mimarlık & İç Mimarlık için 3D Tasarım ve Görselleştirme Eğitimi Online, Mimarlık Eğitimleri kategorisinde.","","https://unityverseacademy.com/urun/mimarlik-ic-mimarlik-icin-3d-tasarim-ve-gorsellestirme-egitimi-online-1549/","","3","0","44","0","12","0","","","https://unityverseacademy.com/urun/mimarlik-ic-mimarlik-icin-3d-tasarim-ve-gorsellestirme-egitimi-online-1549/","https://unityverseacademy.com/urun/mimarlik-ic-mimarlik-icin-3d-tasarim-ve-gorsellestirme-egitimi-online-1549/","","","","",""
"https://unityverseacademy.com/urun/fen-bilimleri-egitimi-ozel-ders-1430/","200","OK","422","0","","","Fen Bilimleri Eğitimi Özel Ders","","Fen Bilimleri Eğitimi Özel Ders","","Fen Bilimleri Eğitimi Özel Ders ürünü, özellikleri ve en uygun fiyatları Unityverse Academy da. Fen Bilimleri Eğitimi Özel Ders, Özel Dersler kategorisinde.","","https://unityverseacademy.com/urun/fen-bilimleri-egitimi-ozel-ders-1430/","","3","0","44","0","12","0","","","https://unityverseacademy.com/urun/fen-bilimleri-egitimi-ozel-ders-1430/","https://unityverseacademy.com/urun/fen-bilimleri-egitimi-ozel-ders-1430/","","","","",""
"https://unityverseacademy.com/os/kariyer-is-14/","200","OK","251","0","","","KARIYER iŞ","","","","KARIYER","","https://unityverseacademy.com/os/kariyer-is-14/","","1","0","41","0","7","0","","","https://unityverseacademy.com/os/kariyer-is-14/","https://unityverseacademy.com/os/kariyer-is-14/","","","","",""
"https://unityverseacademy.com/urun/3ds-max-corona-ile-fotogercekci-mimari-gorsellestirmeegitimi-online-1614/","200","OK","1694","0","","","3ds Max + Corona ile Fotogerçekçi Mimari Görselleştirme Eğitimi Online","","3ds Max + Corona ile Fotogerçekçi Mimari Görselleştirme Eğitimi Online","","3ds Max + Corona ile Fotogerçekçi Mimari Görselleştirme Eğitimi Online ürünü, özellikleri ve en uygun fiyatları Unityverse Academy da. 3ds Max + Corona ile Fotogerçekçi Mimari Görselleştirme Eğitimi Online, Mimarlık Eğitimleri kategorisinde.","","https://unityverseacademy.com/urun/3ds-max-corona-ile-fotogercekci-mimari-gorsellestirmeegitimi-online-1614/","","3","0","44","0","11","0","","","https://unityverseacademy.com/urun/3ds-max-corona-ile-fotogercekci-mimari-gorsellestirmeegitimi-online-1614/","https://unityverseacademy.com/urun/3ds-max-corona-ile-fotogercekci-mimari-gorsellestirmeegitimi-online-1614/","","","","",""
"https://unityverseacademy.com/urun/microsoft-office-egitimi-10-saat-1639/","200","OK","334","0","","","Microsoft  Office Eğitimi 10 SAAT","","Microsoft Office Eğitimi 10 SAAT","","Microsoft  Office Eğitimi 10 SAAT ürünü, özellikleri ve en uygun fiyatları Unityverse Academy da. Microsoft  Office Eğitimi 10 SAAT, Muhasebe ve Ofis Eğitimleri kategorisinde.","","https://unityverseacademy.com/urun/microsoft-office-egitimi-10-saat-1639/","","3","0","50","0","12","0","","","https://unityverseacademy.com/urun/microsoft-office-egitimi-10-saat-1639/","https://unityverseacademy.com/urun/microsoft-office-egitimi-10-saat-1639/","","","","",""
"https://unityverseacademy.com/urun/cocuk-ve-gencler-icin-unity-ile-oyun-gelistirme-yuz-yuze-egitimi-1042/","200","OK","3484","0","","","Çocuklar İçin Unity Oyun & Kodlama Kursu | Yüz Yüze","","Çocuklar İçin Unity ile Oyun Geliştirme Yüz Yüze Eğitimi","","7-17 yaş çocuklara özel Unity ile oyun geliştirme ve kodlama yüz yüze kursu. Eğlenceli derslerle çocuğunuz oyun tasarımı öğrensin!","","https://unityverseacademy.com/urun/cocuklar-icin-unity-ile-oyun-gelistirme-yuz-yuze-egitimi-1042/","","3","0","44","0","14","0","","","https://unityverseacademy.com/urun/cocuk-ve-gencler-icin-unity-ile-oyun-gelistirme-yuz-yuze-egitimi-1042/","https://unityverseacademy.com/urun/cocuk-ve-gencler-icin-unity-ile-oyun-gelistirme-yuz-yuze-egitimi-1042/","","","","",""
"https://unityverseacademy.com/urun/mimarlik-ic-mimarlik-icin-3d-tasarim-ve-gorsellestirme-egitimi-yuz-yuze-120-saat-1577/","200","OK","2448","0","","","Mimarlık & İç Mimarlık için 3D Tasarım ve Görselleştirme Eğitimi Yüz Yüze 120 Saat","","Mimarlık & İç Mimarlık için 3D Tasarım ve Görselleştirme Eğitimi Yüz Yüze 120 Saat","","Mimarlık & İç Mimarlık için 3D Tasarım ve Görselleştirme Eğitimi Yüz Yüze 120 Saat ürünü, özellikleri ve en uygun fiyatları Unityverse Academy da. Mimarlık & İç Mimarlık için 3D Tasarım ve Görselleştirme Eğitimi Yüz Yüze 120 Saat, Mimarlık Eğitimleri kategorisinde.","","https://unityverseacademy.com/urun/mimarlik-ic-mimarlik-icin-3d-tasarim-ve-gorsellestirme-egitimi-yuz-yuze-120-saat-1577/","","3","0","44","0","12","0","","","https://unityverseacademy.com/urun/mimarlik-ic-mimarlik-icin-3d-tasarim-ve-gorsellestirme-egitimi-yuz-yuze-120-saat-1577/","https://unityverseacademy.com/urun/mimarlik-ic-mimarlik-icin-3d-tasarim-ve-gorsellestirme-egitimi-yuz-yuze-120-saat-1577/","","","","",""
"https://unityverseacademy.com/urun/yapay-zeka-destekli-unity-ile-oyun-gelistirme-egitimi-online-1682/","200","OK","1413","0","","","AI Destekli Unity Oyun Geliştirme | Online Kurs","","Yapay Zeka (AI) Destekli Unity ile Oyun Geliştirme Kursu – Online Canlı","","Yapay zeka (AI) destekli Unity ile oyun geliştirme online kursu. AI teknolojileriyle oyun geliştirin, sektörde fark yaratın. Kaydolun!","","https://unityverseacademy.com/urun/yapay-zeka-destekli-unity-ile-oyun-gelistirme-egitimi-online-1682/","","3","0","44","0","13","0","","","https://unityverseacademy.com/urun/yapay-zeka-destekli-unity-ile-oyun-gelistirme-egitimi-online-1682/","https://unityverseacademy.com/urun/yapay-zeka-destekli-unity-ile-oyun-gelistirme-egitimi-online-1682/","","","","",""
"https://unityverseacademy.com/urun/ic-mimarlik-ve-dekorasyon-egitimi-1132/","200","OK","899","0","","","İç Mimarlık ve Dekorasyon Eğitimi","","İç Mimarlık ve Dekorasyon Eğitimi","","İç Mimarlık ve Dekorasyon Eğitimi, yaşam alanlarını estetik ve fonksiyonel bir şekilde tasarlamak isteyen herkes için kapsamlı bir eğitim programıdır. Bu eğitim, katılımcılara iç mekanların tasarımında kullanılan temel ilkelerden, re","","https://unityverseacademy.com/urun/ic-mimarlik-ve-dekorasyon-egitimi-1132/","","3","0","44","0","12","0","","","https://unityverseacademy.com/urun/ic-mimarlik-ve-dekorasyon-egitimi-1132/","https://unityverseacademy.com/urun/ic-mimarlik-ve-dekorasyon-egitimi-1132/","","","","",""
"https://unityverseacademy.com/urun/unreal-engine-ile-oyun-gelistirme-150-saatlik-kapsamli-blueprintmufredati-online-1028/","200","OK","2748","0","","","UE5 Blueprint Oyun Geliştirme Kursu | 150 Saat Online","","Unreal Engine 5 Blueprint ile Kodsuz Oyun Geliştirme Kursu – 150 Saat Online","","150 saatlik Unreal Engine 5 Blueprint online kursu. Kodsuz (visual scripting) oyun geliştirmeyi öğrenin, profesyonel projeler üretin.","","https://unityverseacademy.com/urun/unreal-engine-ile-oyun-gelistirme-150-saatlik-kapsamli-blueprintmufredati-online-1028/","","3","0","45","0","14","0","","","https://unityverseacademy.com/urun/unreal-engine-ile-oyun-gelistirme-150-saatlik-kapsamli-blueprintmufredati-online-1028/","https://unityverseacademy.com/urun/unreal-engine-ile-oyun-gelistirme-150-saatlik-kapsamli-blueprintmufredati-online-1028/","","","","",""
"https://unityverseacademy.com/urun/flutter-ile-mobil-uygulama-gelistirme-canli-online-egitimi-557/","200","OK","3458","0","","","Flutter Mobil Uygulama Kursu | Online Canlı","","Flutter & Dart ile Cross-Platform Mobil Uygulama Geliştirme Kursu – Online","","Flutter & Dart ile cross-platform mobil uygulama geliştirme online kursu. iOS ve Android için tek kodla uygulama yapın!","","https://unityverseacademy.com/urun/flutter-ile-mobil-uygulama-gelistirme-canli-online-egitimi-557/","","3","0","43","0","13","0","","","https://unityverseacademy.com/urun/flutter-ile-mobil-uygulama-gelistirme-canli-online-egitimi-557/","https://unityverseacademy.com/urun/flutter-ile-mobil-uygulama-gelistirme-canli-online-egitimi-557/","","","","",""
"https://unityverseacademy.com/urun/unity-ile-oyun-gelistirme-online-ozel-ders-1256/","200","OK","2426","0","","","Unity Oyun Geliştirme Online Özel Ders | Birebir","","Unity Oyun Geliştirme Özel Ders – Birebir Online Canlı Eğitim","","Unity ile birebir online oyun geliştirme özel dersi. Evinizden canlı eğitimle C# ve Unity öğrenin. Esnek saat seçenekleriyle başlayın!","","https://unityverseacademy.com/urun/unity-ile-oyun-gelistirme-online-ozel-ders-1256/","","3","0","44","0","14","0","","","https://unityverseacademy.com/urun/unity-ile-oyun-gelistirme-online-ozel-ders-1256/","https://unityverseacademy.com/urun/unity-ile-oyun-gelistirme-online-ozel-ders-1256/","","","","",""
"https://unityverseacademy.com/urun/2b-oyun-karakter-tasarimi-ve-animasyon-ozel-ders-1250/","200","OK","314","0","","","2B Oyun Karakter Tasarımı ve Animasyon Özel Ders","","2B Oyun Karakter Tasarımı ve Animasyon Özel Ders","","2B Oyun Karakter Tasarımı ve Animasyon Özel Ders ürünü, özellikleri ve en uygun fiyatları Unityverse Academy da. 2B Oyun Karakter Tasarımı ve Animasyon Özel Ders, Animasyon Eğitimleri kategorisinde.","","https://unityverseacademy.com/urun/2b-oyun-karakter-tasarimi-ve-animasyon-ozel-ders-1250/","","3","0","43","0","11","0","","","https://unityverseacademy.com/urun/2b-oyun-karakter-tasarimi-ve-animasyon-ozel-ders-1250/","https://unityverseacademy.com/urun/2b-oyun-karakter-tasarimi-ve-animasyon-ozel-ders-1250/","","","","",""
"https://unityverseacademy.com/urun/excel-kursu-temelden-ileri-seviyeye-10-saat-1662/","200","OK","308","0","","","Excel Kursu Temelden İleri Seviyeye 10 saat","","Excel Kursu Temelden İleri Seviyeye 10 saat","","Excel Kursu Temelden İleri Seviyeye 10 saat ürünü, özellikleri ve en uygun fiyatları Unityverse Academy da. Excel Kursu Temelden İleri Seviyeye 10 saat, Muhasebe ve Ofis Eğitimleri kategorisinde.","","https://unityverseacademy.com/urun/excel-kursu-temelden-ileri-seviyeye-10-saat-1662/","","3","0","43","0","11","0","","","https://unityverseacademy.com/urun/excel-kursu-temelden-ileri-seviyeye-10-saat-1662/","https://unityverseacademy.com/urun/excel-kursu-temelden-ileri-seviyeye-10-saat-1662/","","","","",""
"https://unityverseacademy.com/urun/rhino-egitimi-40-saat-online-1507/","200","OK","494","0","","","Rhino Eğitimi 40 Saat Online","","Rhino Eğitimi 40 Saat Online","","Rhino Eğitimi 40 Saat Online ürünü, özellikleri ve en uygun fiyatları Unityverse Academy da. Rhino Eğitimi 40 Saat Online, Mimarlık Eğitimleri kategorisinde.","","https://unityverseacademy.com/urun/rhino-egitimi-40-saat-online-1507/","","3","0","43","0","11","0","","","https://unityverseacademy.com/urun/rhino-egitimi-40-saat-online-1507/","https://unityverseacademy.com/urun/rhino-egitimi-40-saat-online-1507/","","","","",""
"https://unityverseacademy.com/urun/almanca-egitimi-ozel-ders-1440/","200","OK","295","0","","","Almanca Eğitimi Özel Ders","","Almanca Eğitimi Özel Ders","","Almanca Eğitimi Özel Ders ürünü, özellikleri ve en uygun fiyatları Unityverse Academy da. Almanca Eğitimi Özel Ders, Özel Dersler kategorisinde.","","https://unityverseacademy.com/urun/almanca-egitimi-ozel-ders-1440/","","3","0","43","0","11","0","","","https://unityverseacademy.com/urun/almanca-egitimi-ozel-ders-1440/","https://unityverseacademy.com/urun/almanca-egitimi-ozel-ders-1440/","","","","",""
"https://unityverseacademy.com/urun/autocad-elektrik-tesisat-projeleri-egitimi-yapi-denetim-odakli-1637/","200","OK","923","0","","","AutoCAD Elektrik Tesisat Projeleri Eğitimi  (Yapı Denetim Odaklı)","","AutoCAD Elektrik Tesisat Projeleri Eğitimi (Yapı Denetim Odaklı)","","AutoCAD Elektrik Tesisat Projeleri Eğitimi  (Yapı Denetim Odaklı) ürünü, özellikleri ve en uygun fiyatları Unityverse Academy da. AutoCAD Elektrik Tesisat Projeleri Eğitimi  (Yapı Denetim Odaklı), Özel Dersler kategorisinde.","","https://unityverseacademy.com/urun/autocad-elektrik-tesisat-projeleri-egitimi-yapi-denetim-odakli-1637/","","3","0","44","0","11","0","","","https://unityverseacademy.com/urun/autocad-elektrik-tesisat-projeleri-egitimi-yapi-denetim-odakli-1637/","https://unityverseacademy.com/urun/autocad-elektrik-tesisat-projeleri-egitimi-yapi-denetim-odakli-1637/","","","","",""
"https://unityverseacademy.com/urun/gelismis-autocad-elektrik-projeciligi-egitimi-yapi-denetim-odakli-uygulamali-1635/","200","OK","989","0","","","Gelişmiş AutoCAD Elektrik Projeciliği  Eğitimi (Yapı Denetim Odaklı – Uygulamalı)","","Gelişmiş AutoCAD Elektrik Projeciliği Eğitimi (Yapı Denetim Odaklı – Uygulamalı)","","Gelişmiş AutoCAD Elektrik Projeciliği  Eğitimi (Yapı Denetim Odaklı – Uygulamalı) ürünü, özellikleri ve en uygun fiyatları Unityverse Academy da. Gelişmiş AutoCAD Elektrik Projeciliği  Eğitimi (Yapı Denetim Odaklı – Uygulamalı), Özel Dersler kategorisinde.","","https://unityverseacademy.com/urun/gelismis-autocad-elektrik-projeciligi-egitimi-yapi-denetim-odakli-uygulamali-1635/","","3","0","44","0","11","0","","","https://unityverseacademy.com/urun/gelismis-autocad-elektrik-projeciligi-egitimi-yapi-denetim-odakli-uygulamali-1635/","https://unityverseacademy.com/urun/gelismis-autocad-elektrik-projeciligi-egitimi-yapi-denetim-odakli-uygulamali-1635/","","","","",""
"https://unityverseacademy.com/urun/unreal-engine-5-gorsellestirme-ve-animasyon-yuz-yuze-egitim-1032/","200","OK","1793","0","","","UE5 Görselleştirme & Animasyon Kursu | Yüz Yüze","","Unreal Engine 5 ile Mimari Görselleştirme ve Sinematik Animasyon Kursu – Yüz Yüze","","Unreal Engine 5 ile mimari görselleştirme ve sinematik animasyon yüz yüze kursu. Real-time rendering ve sahne tasarımı öğrenin.","","https://unityverseacademy.com/urun/unreal-engine-5-gorsellestirme-ve-animasyon-yuz-yuze-egitim-1032/","","3","0","43","0","13","0","","","https://unityverseacademy.com/urun/unreal-engine-5-gorsellestirme-ve-animasyon-yuz-yuze-egitim-1032/","https://unityverseacademy.com/urun/unreal-engine-5-gorsellestirme-ve-animasyon-yuz-yuze-egitim-1032/","","","","",""
"https://unityverseacademy.com/urun/unreal-engine-ile-sanal-gerceklik-vr-ozel-ders-yuz-yuze-egitim-1337/","200","OK","550","0","","","UE5 VR Özel Ders | Yüz Yüze Birebir Eğitim","","Unreal Engine 5 VR Geliştirme Özel Ders – Birebir Yüz Yüze Eğitim","","Unreal Engine 5 ile VR geliştirme birebir yüz yüze özel ders. Sanal gerçeklik projelerinizi kişiye özel müfredatla geliştirin!","","https://unityverseacademy.com/urun/unreal-engine-ile-sanal-gerceklik-vr-ozel-ders-yuz-yuze-egitim-1337/","","3","0","43","0","14","0","","","https://unityverseacademy.com/urun/unreal-engine-ile-sanal-gerceklik-vr-ozel-ders-yuz-yuze-egitim-1337/","https://unityverseacademy.com/urun/unreal-engine-ile-sanal-gerceklik-vr-ozel-ders-yuz-yuze-egitim-1337/","","","","",""
"https://unityverseacademy.com/urun/grafik-tasarim-ve-video-efekt-uzmanligi-canli-online-egitimi-1484/","200","OK","3768","0","","","Grafik Tasarım Kursu & Video Efekt | Online Canlı","","Grafik Tasarım Kursu & Video Efekt Uzmanlığı – Canlı Online","","Grafik tasarım kursu ve video efekt uzmanlığı canlı online eğitimi. Adobe Photoshop, Illustrator ve After Effects öğrenin!","","https://unityverseacademy.com/urun/grafik-tasarim-ve-video-efekt-uzmanligi-canli-online-egitimi-1484/","","3","0","46","0","11","0","","","https://unityverseacademy.com/urun/grafik-tasarim-ve-video-efekt-uzmanligi-canli-online-egitimi-1484/","https://unityverseacademy.com/urun/grafik-tasarim-ve-video-efekt-uzmanligi-canli-online-egitimi-1484/","","","","",""
"https://unityverseacademy.com/urun/yonetmenlik-ve-sinematografiye-giris-yuz-yuze-egitimi-620/","200","OK","1771","0","","","Yönetmenlik ve Sinematografiye Giriş Yüz Yüze Eğitimi","","Yönetmenlik ve Sinematografiye Giriş Yüz Yüze Eğitimi","","Yönetmenlik ve Sinematografiye Giriş Yüz Yüze Eğitimi, katılımcılara film yönetmenliği ve sinematografi dünyasında temel bilgiler kazandırmayı hedefleyen kapsamlı bir eğitim programıdır. Bu eğitimde, film yapım sürecinin her aşaması","","https://unityverseacademy.com/urun/yonetmenlik-ve-sinematografiye-giris-yuz-yuze-egitimi-620/","","3","0","44","0","12","0","","","https://unityverseacademy.com/urun/yonetmenlik-ve-sinematografiye-giris-yuz-yuze-egitimi-620/","https://unityverseacademy.com/urun/yonetmenlik-ve-sinematografiye-giris-yuz-yuze-egitimi-620/","","","","",""
"https://unityverseacademy.com/urun/zbrush-ile-kuyumculuk-ve-taki-tasarimi-egitimi-online-1536/","200","OK","1427","0","","","ZBrush 3D Takı & Kuyumculuk Kursu | Online","","ZBrush ile 3D Kuyumculuk & Takı Tasarımı Kursu – Online (Dijital Mücevher & 3D Baskı)","","ZBrush ile 3D kuyumculuk ve takı tasarımı online kursu. Dijital mücevher modelleme ve 3D baskıya hazırlık öğrenin!","","https://unityverseacademy.com/urun/zbrush-ile-kuyumculuk-ve-taki-tasarimi-egitimi-online-1536/","","3","0","44","0","12","0","","","https://unityverseacademy.com/urun/zbrush-ile-kuyumculuk-ve-taki-tasarimi-egitimi-online-1536/","https://unityverseacademy.com/urun/zbrush-ile-kuyumculuk-ve-taki-tasarimi-egitimi-online-1536/","","","","",""
"https://unityverseacademy.com/urun/unity-ile-oyun-gelistirme-yuz-yuze-ozel-ders-1361/","200","OK","3675","0","","","Unity C# Oyun Geliştirme Özel Ders | Yüz Yüze","","Unity C# ile Oyun Geliştirme Özel Ders – Birebir Yüz Yüze Eğitim","","Unity C# ile birebir oyun geliştirme özel dersi. Yüz yüze kişiye özel müfredatla kendi hızınızda öğrenin. Hemen bilgi alın!","","https://unityverseacademy.com/urun/unity-ile-oyun-gelistirme-yuz-yuze-ozel-ders-1361/","","3","0","44","0","14","0","","","https://unityverseacademy.com/urun/unity-ile-oyun-gelistirme-yuz-yuze-ozel-ders-1361/","https://unityverseacademy.com/urun/unity-ile-oyun-gelistirme-yuz-yuze-ozel-ders-1361/","","","","",""
"https://unityverseacademy.com/urun/film-ve-animasyon-icin-storyboard-canli-online-egitimi-551/","200","OK","2531","0","","","Film ve Animasyon için Storyboard Canlı (Online) Eğitimi","","Film ve Animasyon için Storyboard Canlı (Online) Eğitimi","","Film ve Animasyon için Storyboard Canlı (Online) Eğitimi, film, animasyon ve video prodüksiyon süreçlerinde güçlü bir görsel anlatım oluşturmak isteyenler için kapsamlı bir eğitim sunmaktadır. Bu eğitimde, storyboard çizimlerinin rolü,","","https://unityverseacademy.com/urun/film-ve-animasyon-icin-storyboard-canli-online-egitimi-551/","","3","0","44","0","12","0","","","https://unityverseacademy.com/urun/film-ve-animasyon-icin-storyboard-canli-online-egitimi-551/","https://unityverseacademy.com/urun/film-ve-animasyon-icin-storyboard-canli-online-egitimi-551/","","","","",""
"https://unityverseacademy.com/urun/autocad-egitimi-1519/","200","OK","813","0","","","AutoCAD Eğitimi","","AutoCAD Eğitimi","","AutoCAD Eğitimi, mühendislik, mimarlık, iç mimarlık ve diğer tasarım disiplinlerinde kullanılan en popüler 2D ve 3D CAD yazılımı olan AutoCAD’i profesyonel seviyede öğrenmek isteyenler için kapsamlı bir eğitim programıdır. AutoCAD, te","","https://unityverseacademy.com/urun/autocad-egitimi-1519/","","3","0","44","0","11","0","","","https://unityverseacademy.com/urun/autocad-egitimi-1519/","https://unityverseacademy.com/urun/autocad-egitimi-1519/","","","","",""
"https://unityverseacademy.com/urun/zbrush-ile-organik-modelleme-yuz-yuze-egitimi-590/","200","OK","2159","0","","","ZBrush Organik Modelleme Kursu | Yüz Yüze","","ZBrush ile Organik & Karakter Modelleme Kursu – Yüz Yüze (Dijital Sculpting)","","ZBrush ile organik ve karakter modelleme yüz yüze kursu. Dijital sculpting, anatomi ve detaylandırma tekniklerini öğrenin!","","https://unityverseacademy.com/urun/zbrush-ile-organik-modelleme-yuz-yuze-egitimi-590/","","3","0","44","0","13","0","","","https://unityverseacademy.com/urun/zbrush-ile-organik-modelleme-yuz-yuze-egitimi-590/","https://unityverseacademy.com/urun/zbrush-ile-organik-modelleme-yuz-yuze-egitimi-590/","","","","",""
"https://unityverseacademy.com/urun/yapay-zeka-destekli-unity-ile-oyun-gelistirme-egitimi-yuz-yuze-1680/","200","OK","1413","0","","","AI Destekli Unity Oyun Geliştirme Kursu | Yüz Yüze","","Yapay Zeka (AI) Destekli Unity ile Oyun Geliştirme Kursu – Yüz Yüze","","Yapay zeka (AI) destekli Unity ile oyun geliştirme yüz yüze kursu. AI araçlarıyla oyun geliştirme sürecinizi hızlandırın. Yeni nesil eğitim!","","https://unityverseacademy.com/urun/yapay-zeka-destekli-unity-ile-oyun-gelistirme-egitimi-yuz-yuze-1680/","","3","0","44","0","13","0","","","https://unityverseacademy.com/urun/yapay-zeka-destekli-unity-ile-oyun-gelistirme-egitimi-yuz-yuze-1680/","https://unityverseacademy.com/urun/yapay-zeka-destekli-unity-ile-oyun-gelistirme-egitimi-yuz-yuze-1680/","","","","",""
"https://unityverseacademy.com/urun/ispanyolca-egitimi-ozel-ders-1441/","200","OK","295","0","","","İspanyolca Eğitimi Özel Ders","","İspanyolca Eğitimi Özel Ders","","İspanyolca Eğitimi Özel Ders ürünü, özellikleri ve en uygun fiyatları Unityverse Academy da. İspanyolca Eğitimi Özel Ders, Özel Dersler kategorisinde.","","https://unityverseacademy.com/urun/ispanyolca-egitimi-ozel-ders-1441/","","3","0","43","0","11","0","","","https://unityverseacademy.com/urun/ispanyolca-egitimi-ozel-ders-1441/","https://unityverseacademy.com/urun/ispanyolca-egitimi-ozel-ders-1441/","","","","",""
"https://unityverseacademy.com/urun/java-yazilim-egitimi-online-819/","200","OK","2863","0","","","Java Programlama Kursu | Online Eğitim 2026","","Java Programlama Kursu – Sıfırdan İleri Seviye Online Eğitim","","Java programlama online kursu. Sıfırdan ileri seviyeye Java, OOP ve Spring Boot öğrenin. Kariyer odaklı eğitim!","","https://unityverseacademy.com/urun/java-yazilim-egitimi-online-819/","","3","0","44","0","13","0","","","https://unityverseacademy.com/urun/java-yazilim-egitimi-online-819/","https://unityverseacademy.com/urun/java-yazilim-egitimi-online-819/","","","","",""
"https://unityverseacademy.com/urun/zbrush-ile-organik-modelleme-canli-yuz-yuze-ozel-ders-1533/","200","OK","1007","0","","","ZBrush Organik Modelleme Özel Ders | Yüz Yüze","","ZBrush Organik Modelleme Özel Ders – Birebir Yüz Yüze (Sculpting & Anatomi)","","ZBrush organik modelleme birebir yüz yüze özel ders. Sculpting, anatomi ve karakter detaylandırmayı kişiye özel öğrenin!","","https://unityverseacademy.com/urun/zbrush-ile-organik-modelleme-canli-yuz-yuze-ozel-ders-1533/","","3","0","44","0","13","0","","","https://unityverseacademy.com/urun/zbrush-ile-organik-modelleme-canli-yuz-yuze-ozel-ders-1533/","https://unityverseacademy.com/urun/zbrush-ile-organik-modelleme-canli-yuz-yuze-ozel-ders-1533/","","","","",""
"https://unityverseacademy.com/urun/unreal-engine-ile-sanal-gerceklik-vr-ozel-ders-online-canli-egitim-1029/","200","OK","1644","0","","","Unreal Engine VR Özel Ders | Online Birebir Eğitim","","Unreal Engine 5 VR Geliştirme Özel Ders – Birebir Online Eğitim","","Unreal Engine 5 ile VR geliştirme birebir online özel ders. Kişisel müfredatla sanal gerçeklik projelerinizi geliştirin. Hemen başvurun!","","https://unityverseacademy.com/urun/unreal-engine-ile-sanal-gerceklik-vr-ozel-ders-online-canli-egitim-1029/","","3","0","43","0","14","0","","","https://unityverseacademy.com/urun/unreal-engine-ile-sanal-gerceklik-vr-ozel-ders-online-canli-egitim-1029/","https://unityverseacademy.com/urun/unreal-engine-ile-sanal-gerceklik-vr-ozel-ders-online-canli-egitim-1029/","","","","",""
"https://unityverseacademy.com/urun/unreal-engine-ile-sanal-gerceklik-ozel-ders-online-canli-egitim-1044/","200","OK","1623","0","","","UE5 Sanal Gerçeklik Özel Ders | Online Birebir","","Unreal Engine 5 Sanal Gerçeklik (VR/AR) Özel Ders – Online Canlı","","Unreal Engine 5 ile sanal gerçeklik (VR/AR) online özel ders. Birebir eğitimle VR/AR geliştirme becerilerinizi ilerletin.","","https://unityverseacademy.com/urun/unreal-engine-ile-sanal-gerceklik-ozel-ders-online-canli-egitim-1044/","","3","0","43","0","13","0","","","https://unityverseacademy.com/urun/unreal-engine-ile-sanal-gerceklik-ozel-ders-online-canli-egitim-1044/","https://unityverseacademy.com/urun/unreal-engine-ile-sanal-gerceklik-ozel-ders-online-canli-egitim-1044/","","","","",""
"https://unityverseacademy.com/urun/microsoft-office-egitimi-1123/","200","OK","305","0","","","Microsoft Office Eğitimi","","Microsoft Office Eğitimi","","Microsoft Office Eğitimi, Word Eğitimi, Excel Eğitimi, PowerPoint Eğitimi, Outlook Eğitimi, Microsoft Office Kursu, Ofis Yazılımları, Veri Analizi, Sunum Hazırlama, E-posta Yönetimi, Microsoft Office İleri Düzey, Excel Formülleri, Microsoft O","","https://unityverseacademy.com/urun/microsoft-office-egitimi-1123/","","3","0","43","0","11","0","","","https://unityverseacademy.com/urun/microsoft-office-egitimi-1123/","https://unityverseacademy.com/urun/microsoft-office-egitimi-1123/","","","","",""
"https://unityverseacademy.com/blog-detay/zbrush-kursu-egitimi-296/","200","OK","720","0","","","Zbrush Kursu Eğitimi","","Zbrush Kursu Eğitimi","","zbrush eğitimi tanıtım yazısı","","https://unityverseacademy.com/blog-detay/zbrush-kursu-egitimi-296/","","24","0","51","0","7","0","","","https://unityverseacademy.com/blog-detay/zbrush-kursu-egitimi-296/","https://unityverseacademy.com/blog-detay/zbrush-kursu-egitimi-296/","","","","",""
"https://unityverseacademy.com/blog-detay/semantik-teknoloji-depo-stok-takip-uygulamasi-tanitimi-251/","200","OK","1007","0","","","SEMANTİK TEKNOLOJİ — Depo Stok Takip Uygulaması Tanıtımı","","SEMANTİK TEKNOLOJİ — Depo Stok Takip Uygulaması Tanıtımı","","Semantik Teknoloji Depo Stok Takibi Uygulaması Tanıtımı","","https://unityverseacademy.com/blog-detay/semantik-teknoloji-depo-stok-takip-uygulamasi-tanitimi-251/","","24","0","51","0","8","0","","","https://unityverseacademy.com/blog-detay/semantik-teknoloji-depo-stok-takip-uygulamasi-tanitimi-251/","https://unityverseacademy.com/blog-detay/semantik-teknoloji-depo-stok-takip-uygulamasi-tanitimi-251/","","","","",""
"https://unityverseacademy.com/urun/flutter-ile-mobil-uygulama-gelistirme-yuz-yuze-egitimi-606/","200","OK","3462","0","","","Flutter Mobil Uygulama Kursu | Yüz Yüze Eğitim","","Flutter & Dart ile Cross-Platform Mobil Uygulama Geliştirme Kursu – Yüz Yüze","","Flutter & Dart ile cross-platform mobil uygulama geliştirme yüz yüze kursu. Uygulamalı eğitimle iOS ve Android öğrenin!","","https://unityverseacademy.com/urun/flutter-ile-mobil-uygulama-gelistirme-yuz-yuze-egitimi-606/","","3","0","43","0","13","0","","","https://unityverseacademy.com/urun/flutter-ile-mobil-uygulama-gelistirme-yuz-yuze-egitimi-606/","https://unityverseacademy.com/urun/flutter-ile-mobil-uygulama-gelistirme-yuz-yuze-egitimi-606/","","","","",""
"https://unityverseacademy.com/urun/lumion-egitimi-1130/","200","OK","291","0","","","Lumion Eğitimi","","Lumion Eğitimi","","Lumion Eğitimi, mimarların, iç mimarların ve 3D tasarımcılarının projelerini etkili bir şekilde görselleştirmeleri için ihtiyacı olan güçlü bir eğitim programıdır. Lumion, 3D modelleme yazılımları ile uyumlu çalışan, hızlı ve ge","","https://unityverseacademy.com/urun/lumion-egitimi-1130/","","3","0","43","0","11","0","","","https://unityverseacademy.com/urun/lumion-egitimi-1130/","https://unityverseacademy.com/urun/lumion-egitimi-1130/","","","","",""
"https://unityverseacademy.com/urun/adobe-photoshop-ve-adobe-illustrator-onlinecanli-egitim-1001/","200","OK","3538","0","","","Photoshop & Illustrator Grafik Tasarım | Online","","Adobe Photoshop & Illustrator Grafik Tasarım Kursu – Online Canlı","","Adobe Photoshop ve Illustrator grafik tasarım kursu online canlı eğitim. İki programı birlikte uzaktan öğrenin!","","https://unityverseacademy.com/urun/adobe-photoshop-ve-adobe-illustrator-onlinecanli-egitim-1001/","","3","0","45","0","12","0","","","https://unityverseacademy.com/urun/adobe-photoshop-ve-adobe-illustrator-onlinecanli-egitim-1001/","https://unityverseacademy.com/urun/adobe-photoshop-ve-adobe-illustrator-onlinecanli-egitim-1001/","","","","",""
"https://unityverseacademy.com/urun/cocuklar-icin-unity-ile-oyun-gelistirme-canli-online-egitimi-1380/","200","OK","3300","0","","","Çocuklar İçin Unity Oyun & Kodlama | Online Kurs","","Çocuklar İçin Unity ile Oyun Geliştirme ve Kodlama Kursu – Online Canlı (7-17 Yaş)","","7-17 yaş çocuklara özel Unity ile oyun geliştirme ve kodlama online kursu. Evinizden eğlenceli derslerle oyun tasarımına başlasın!","","https://unityverseacademy.com/urun/cocuklar-icin-unity-ile-oyun-gelistirme-canli-online-egitimi-1380/","","3","0","45","0","13","0","","","https://unityverseacademy.com/urun/cocuklar-icin-unity-ile-oyun-gelistirme-canli-online-egitimi-1380/","https://unityverseacademy.com/urun/cocuklar-icin-unity-ile-oyun-gelistirme-canli-online-egitimi-1380/","","","","",""
"https://unityverseacademy.com/urun/36-saat-kapsamli-zbrush-modelleme-egitimi-online-1540/","200","OK","1589","0","","","ZBrush Kapsamlı Sculpting Kursu 36 Saat | Online","","ZBrush Kapsamlı Sculpting Kursu – 36 Saat Online (Organik & Hard Surface)","","36 saatlik kapsamlı ZBrush sculpting online kursu. Karakter modelleme, organik ve hard surface teknikleri evinizden öğrenin!","","https://unityverseacademy.com/urun/36-saat-kapsamli-zbrush-modelleme-egitimi-online-1540/","","3","0","44","0","12","0","","","https://unityverseacademy.com/urun/36-saat-kapsamli-zbrush-modelleme-egitimi-online-1540/","https://unityverseacademy.com/urun/36-saat-kapsamli-zbrush-modelleme-egitimi-online-1540/","","","","",""
"https://unityverseacademy.com/urun/unreal-engine-ile-oyun-gelistirme-150-saatlik-kapsamli-blueprintmufredati-yuz-yuze-egitim-1116/","200","OK","2753","0","","","UE5 Blueprint Oyun Kursu | 150 Saat Yüz Yüze","","Unreal Engine 5 Blueprint ile Kodsuz Oyun Geliştirme Kursu – 150 Saat Yüz Yüze","","150 saatlik Unreal Engine 5 Blueprint yüz yüze kursu. Sınıf ortamında uygulamalı kodsuz oyun geliştirme öğrenin. Sertifikalı!","","https://unityverseacademy.com/urun/unreal-engine-ile-oyun-gelistirme-150-saatlik-kapsamli-blueprintmufredati-yuz-yuze-egitim-1116/","","3","0","45","0","14","0","","","https://unityverseacademy.com/urun/unreal-engine-ile-oyun-gelistirme-150-saatlik-kapsamli-blueprintmufredati-yuz-yuze-egitim-1116/","https://unityverseacademy.com/urun/unreal-engine-ile-oyun-gelistirme-150-saatlik-kapsamli-blueprintmufredati-yuz-yuze-egitim-1116/","","","","",""
"https://unityverseacademy.com/urun/film-ve-animasyon-icin-storyboard-yuz-yuze-egitimi-ozel-ders-1287/","200","OK","471","0","","","Storyboard Yüz Yüze Eğitimi","","Film ve Animasyon için Storyboard Yüz Yüze Eğitimi Özel Ders","","Film ve animasyon projeleri için storyboard hazırlama becerisi kazandıran bu eğitim, katılımcılara görsel hikaye anlatımını öğretir. Eğitimde, karakter ve sahne tasarımı, kamera açıları, hareket analizleri ve anlatım akışı gibi teme","","https://unityverseacademy.com/urun/film-ve-animasyon-icin-storyboard-yuz-yuze-egitimi-ozel-ders-1287/","","3","0","43","0","12","0","","","https://unityverseacademy.com/urun/film-ve-animasyon-icin-storyboard-yuz-yuze-egitimi-ozel-ders-1287/","https://unityverseacademy.com/urun/film-ve-animasyon-icin-storyboard-yuz-yuze-egitimi-ozel-ders-1287/","","","","",""
"https://unityverseacademy.com/blog-detay/substance-painter-egitimi-286/","200","OK","723","0","","","Substance Painter Eğitimi","","Substance Painter Eğitimi","","Substance Painter Eğitimi Bilgilendirmesi","","https://unityverseacademy.com/blog-detay/substance-painter-egitimi-286/","","24","0","54","0","7","0","","","https://unityverseacademy.com/blog-detay/substance-painter-egitimi-286/","https://unityverseacademy.com/blog-detay/substance-painter-egitimi-286/","","","","",""
"https://unityverseacademy.com/urun/fizik-egitimi-ozel-ders-1429/","200","OK","419","0","","","Fizik Eğitimi  Özel Ders","","Fizik Eğitimi Özel Ders","","Fizik Eğitimi  Özel Ders ürünü, özellikleri ve en uygun fiyatları Unityverse Academy da. Fizik Eğitimi  Özel Ders, Özel Dersler kategorisinde.","","https://unityverseacademy.com/urun/fizik-egitimi-ozel-ders-1429/","","3","0","44","0","12","0","","","https://unityverseacademy.com/urun/fizik-egitimi-ozel-ders-1429/","https://unityverseacademy.com/urun/fizik-egitimi-ozel-ders-1429/","","","","",""
"https://unityverseacademy.com/urun/java-yazilim-egitimi-yuz-yuze-821/","200","OK","2858","0","","","Java Programlama Kapsamlı Kursu | Yüz Yüze","","Java Programlama Kursu – Kapsamlı Yüz Yüze Eğitim","","Kapsamlı Java programlama yüz yüze kursu. Java SE, EE ve framework'lerle enterprise yazılım geliştirmeyi öğrenin.","","https://unityverseacademy.com/urun/java-yazilim-egitimi-yuz-yuze-821/","","3","0","44","0","13","0","","","https://unityverseacademy.com/urun/java-yazilim-egitimi-yuz-yuze-821/","https://unityverseacademy.com/urun/java-yazilim-egitimi-yuz-yuze-821/","","","","",""
"https://unityverseacademy.com/urun/desinatorluk-yuz-yuze-egitimi-612/","200","OK","3286","0","","","Desinatörlük & Desen Tasarım Kursu | Yüz Yüze","","Desinatörlük & Tekstil Desen Tasarım Kursu – Yüz Yüze","","Desinatörlük ve tekstil desen tasarım yüz yüze kursu. Baskı desen, kumaş tasarımı ve desen çizim tekniklerini öğrenin!","","https://unityverseacademy.com/urun/desinatorluk-yuz-yuze-egitimi-612/","","3","0","43","0","12","0","","","https://unityverseacademy.com/urun/desinatorluk-yuz-yuze-egitimi-612/","https://unityverseacademy.com/urun/desinatorluk-yuz-yuze-egitimi-612/","","","","",""
"https://unityverseacademy.com/urun/zbrush-ile-kuyumculuk-ve-taki-tasarimi-egitimi-yuz-yuze-1535/","200","OK","1435","0","","","ZBrush 3D Takı & Kuyumculuk Kursu | Yüz Yüze","","ZBrush ile 3D Kuyumculuk & Takı Tasarımı Kursu – Yüz Yüze (Dijital Mücevher & Prototip)","","ZBrush ile 3D kuyumculuk ve takı tasarımı yüz yüze kursu. Dijital mücevher modelleme ve 3D baskı prototipleme öğrenin!","","https://unityverseacademy.com/urun/zbrush-ile-kuyumculuk-ve-taki-tasarimi-egitimi-yuz-yuze-1535/","","3","0","44","0","12","0","","","https://unityverseacademy.com/urun/zbrush-ile-kuyumculuk-ve-taki-tasarimi-egitimi-yuz-yuze-1535/","https://unityverseacademy.com/urun/zbrush-ile-kuyumculuk-ve-taki-tasarimi-egitimi-yuz-yuze-1535/","","","","",""
"https://unityverseacademy.com/urun/ingilizce-egitimi-ozel-ders-1442/","200","OK","295","0","","","İngilizce Eğitimi Özel Ders","","İngilizce Eğitimi Özel Ders","","İngilizce Eğitimi Özel Ders ürünü, özellikleri ve en uygun fiyatları Unityverse Academy da. İngilizce Eğitimi Özel Ders, Özel Dersler kategorisinde.","","https://unityverseacademy.com/urun/ingilizce-egitimi-ozel-ders-1442/","","3","0","43","0","11","0","","","https://unityverseacademy.com/urun/ingilizce-egitimi-ozel-ders-1442/","https://unityverseacademy.com/urun/ingilizce-egitimi-ozel-ders-1442/","","","","",""
"https://unityverseacademy.com/urun/unreal-engine-ile-metaverse-gelistirme-yuz-yuze-egitim-850/","200","OK","1924","0","","","UE5 Metaverse Geliştirme Kursu | Yüz Yüze Eğitim","","Unreal Engine 5 ile Metaverse & Sanal Dünya Geliştirme Kursu – Yüz Yüze","","Unreal Engine 5 ile metaverse ve sanal dünya geliştirme yüz yüze kursu. Web3, VR/AR teknolojileriyle geleceğe hazırlanın!","","https://unityverseacademy.com/urun/unreal-engine-ile-metaverse-gelistirme-yuz-yuze-egitim-850/","","3","0","44","0","13","0","","","https://unityverseacademy.com/urun/unreal-engine-ile-metaverse-gelistirme-yuz-yuze-egitim-850/","https://unityverseacademy.com/urun/unreal-engine-ile-metaverse-gelistirme-yuz-yuze-egitim-850/","","","","",""
"https://unityverseacademy.com/urun/desinatorluk-egitimi-ozel-ders-1412/","200","OK","2506","0","","","Desinatörlük Özel Ders | Birebir Desen Tasarım","","Desinatörlük & Tekstil Desen Tasarım Özel Ders – Birebir","","Desinatörlük ve tekstil desen tasarım birebir özel ders. Kişiye özel müfredatla desen çizim ve tasarım öğrenin!","","https://unityverseacademy.com/urun/desinatorluk-egitimi-ozel-ders-1412/","","3","0","44","0","11","0","","","https://unityverseacademy.com/urun/desinatorluk-egitimi-ozel-ders-1412/","https://unityverseacademy.com/urun/desinatorluk-egitimi-ozel-ders-1412/","","","","",""
"https://unityverseacademy.com/urun/it-danismanlik-hizmeti-ozel-ders-1435/","200","OK","427","0","","","IT Danışmanlık Hizmeti Özel Ders","","IT Danışmanlık Hizmeti Özel Ders","","IT Danışmanlık Hizmeti Özel Ders ürünü, özellikleri ve en uygun fiyatları Unityverse Academy da. IT Danışmanlık Hizmeti Özel Ders, Özel Dersler kategorisinde.","","https://unityverseacademy.com/urun/it-danismanlik-hizmeti-ozel-ders-1435/","","3","0","44","0","12","0","","","https://unityverseacademy.com/urun/it-danismanlik-hizmeti-ozel-ders-1435/","https://unityverseacademy.com/urun/it-danismanlik-hizmeti-ozel-ders-1435/","","","","",""
"https://unityverseacademy.com/urun/sosyal-medya-ve-google-reklamciligi-yuz-yuze-egitimi-1558/","200","OK","2046","0","","","Sosyal Medya ve Google Reklamcılığı Canlı (Online) Eğitimi – Dijital Pazarlama Stratejileri","","Sosyal Medya ve Google Reklamcılığı Yüz Yüze Eğitimi","","Sosyal medya ve Google reklamcılığı üzerine canlı online eğitimimizle, dijital pazarlama dünyasında kendinizi geliştirip, profesyonel seviyeye ulaşabilirsiniz. Facebook, Instagram, YouTube, Google Ads gibi platformlarda etkili reklam kampanyala","","https://unityverseacademy.com/urun/sosyal-medya-ve-google-reklamciligi-yuz-yuze-egitimi-1558/","","3","0","44","0","12","0","","","https://unityverseacademy.com/urun/sosyal-medya-ve-google-reklamciligi-yuz-yuze-egitimi-1558/","https://unityverseacademy.com/urun/sosyal-medya-ve-google-reklamciligi-yuz-yuze-egitimi-1558/","","","","",""
"https://unityverseacademy.com/urun/zbrush-ile-organik-modelleme-canli-online-ozel-ders-24-saat-1297/","200","OK","593","0","","","ZBrush ile Organik Modelleme Canlı (Online) Özel Ders 24 SAAT","","ZBrush ile Organik Modelleme Canlı (Online) Özel Ders 24 SAAT","","ZBrush ile Organik Modelleme Canlı (Online) Özel Ders 24 SAAT ürünü, özellikleri ve en uygun fiyatları Unityverse Academy da. ZBrush ile Organik Modelleme Canlı (Online) Özel Ders 24 SAAT, 3D Modelleme Eğitimleri kategorisinde.","","https://unityverseacademy.com/urun/zbrush-ile-organik-modelleme-canli-online-ozel-ders-24-saat-1297/","","3","0","51","0","13","0","","","https://unityverseacademy.com/urun/zbrush-ile-organik-modelleme-canli-online-ozel-ders-24-saat-1297/","https://unityverseacademy.com/urun/zbrush-ile-organik-modelleme-canli-online-ozel-ders-24-saat-1297/","","","","",""
"https://unityverseacademy.com/urun/3ds-max-corona-ile-fotogercekci-mimari-gorsellestirmeegitimi-yuz-yuze-1615/","200","OK","1697","0","","","3ds Max + Corona ile Fotogerçekçi Mimari Görselleştirme Eğitimi Yüz Yüze","","3ds Max + Corona ile Fotogerçekçi Mimari Görselleştirme Eğitimi Yüz Yüze","","3ds Max + Corona ile Fotogerçekçi Mimari Görselleştirme Eğitimi Yüz Yüze ürünü, özellikleri ve en uygun fiyatları Unityverse Academy da. 3ds Max + Corona ile Fotogerçekçi Mimari Görselleştirme Eğitimi Yüz Yüze, Mimarlık Eğitimleri kategorisinde.","","https://unityverseacademy.com/urun/3ds-max-corona-ile-fotogercekci-mimari-gorsellestirmeegitimi-yuz-yuze-1615/","","3","0","44","0","11","0","","","https://unityverseacademy.com/urun/3ds-max-corona-ile-fotogercekci-mimari-gorsellestirmeegitimi-yuz-yuze-1615/","https://unityverseacademy.com/urun/3ds-max-corona-ile-fotogercekci-mimari-gorsellestirmeegitimi-yuz-yuze-1615/","","","","",""
"https://unityverseacademy.com/urun/unreal-engine-ile-metaverse-gelistirme-online-canli-egitim-851/","200","OK","1926","0","","","UE5 Metaverse Kursu Online | Sanal Dünya Geliştirme","","Unreal Engine 5 ile Metaverse & Sanal Dünya Geliştirme Kursu – Online Canlı","","Unreal Engine 5 ile metaverse geliştirme online canlı kursu. Evinizden sanal dünyalar oluşturmayı öğrenin. Kayıt için başvurun!","","https://unityverseacademy.com/urun/unreal-engine-ile-metaverse-gelistirme-online-canli-egitim-851/","","3","0","44","0","14","0","","","https://unityverseacademy.com/urun/unreal-engine-ile-metaverse-gelistirme-online-canli-egitim-851/","https://unityverseacademy.com/urun/unreal-engine-ile-metaverse-gelistirme-online-canli-egitim-851/","","","","",""
"https://unityverseacademy.com/urun/veri-yapilari-egitimi-ozel-ders-1433/","200","OK","422","0","","","Veri Yapıları Eğitimi Özel Ders","","Veri Yapıları Eğitimi Özel Ders","","Veri Yapıları Eğitimi Özel Ders ürünü, özellikleri ve en uygun fiyatları Unityverse Academy da. Veri Yapıları Eğitimi Özel Ders, Özel Dersler kategorisinde.","","https://unityverseacademy.com/urun/veri-yapilari-egitimi-ozel-ders-1433/","","3","0","44","0","12","0","","","https://unityverseacademy.com/urun/veri-yapilari-egitimi-ozel-ders-1433/","https://unityverseacademy.com/urun/veri-yapilari-egitimi-ozel-ders-1433/","","","","",""
"https://unityverseacademy.com/urun/zbrush-ile-organik-modelleme-canli-online-ozel-ders-1052/","200","OK","569","0","","","ZBrush Organik Modelleme Özel Ders | Online","","ZBrush Organik Modelleme Özel Ders – Birebir Online (Sculpting & Karakter)","","ZBrush organik modelleme birebir online özel ders. Dijital sculpting ve karakter modellemeyi kişiye özel müfredatla öğrenin!","","https://unityverseacademy.com/urun/zbrush-ile-organik-modelleme-canli-online-ozel-ders-1052/","","3","0","43","0","12","0","","","https://unityverseacademy.com/urun/zbrush-ile-organik-modelleme-canli-online-ozel-ders-1052/","https://unityverseacademy.com/urun/zbrush-ile-organik-modelleme-canli-online-ozel-ders-1052/","","","","",""
"https://unityverseacademy.com/urun/mimarlik-ic-mimarlik-icin-3d-tasarim-ve-gorsellestirme-egitimi-yuz-yuze-100-saat-1592/","200","OK","1682","0","","","Mimarlık & İç Mimarlık için 3D Tasarım ve Görselleştirme Eğitimi Yüz Yüze 100 Saat","","Mimarlık & İç Mimarlık için 3D Tasarım ve Görselleştirme Eğitimi Yüz Yüze 100 Saat","","Mimarlık & İç Mimarlık için 3D Tasarım ve Görselleştirme Eğitimi Yüz Yüze 100 Saat ürünü, özellikleri ve en uygun fiyatları Unityverse Academy da. Mimarlık & İç Mimarlık için 3D Tasarım ve Görselleştirme Eğitimi Yüz Yüze 100 Saat, Mimarlık Eğitimleri kategorisinde.","","https://unityverseacademy.com/urun/mimarlik-ic-mimarlik-icin-3d-tasarim-ve-gorsellestirme-egitimi-yuz-yuze-100-saat-1592/","","3","0","44","0","12","0","","","https://unityverseacademy.com/urun/mimarlik-ic-mimarlik-icin-3d-tasarim-ve-gorsellestirme-egitimi-yuz-yuze-100-saat-1592/","https://unityverseacademy.com/urun/mimarlik-ic-mimarlik-icin-3d-tasarim-ve-gorsellestirme-egitimi-yuz-yuze-100-saat-1592/","","","","",""
"https://unityverseacademy.com/urun/zbrush-ile-organik-modelleme-online-egitimi-1528/","200","OK","997","0","","","ZBrush Organik Modelleme Kursu | Online Canlı","","ZBrush ile Organik & Karakter Modelleme Kursu – Online Canlı (Dijital Sculpting)","","ZBrush ile organik ve karakter modelleme online kursu. Dijital sculpting ve anatomi becerisi kazanın!","","https://unityverseacademy.com/urun/zbrush-ile-organik-modelleme-online-egitimi-1528/","","3","0","44","0","13","0","","","https://unityverseacademy.com/urun/zbrush-ile-organik-modelleme-online-egitimi-1528/","https://unityverseacademy.com/urun/zbrush-ile-organik-modelleme-online-egitimi-1528/","","","","",""
"https://unityverseacademy.com/urun/adobe-illustrator-onlinecanli-ozel-ders-835/","200","OK","2716","0","","","Illustrator Online Özel Ders | Grafik Tasarım","","Adobe Illustrator Özel Ders – Birebir Online Grafik Tasarım Kursu","","Adobe Illustrator birebir online özel ders. Vektörel grafik tasarım, logo ve illüstrasyon becerisi kazanın. Hemen başlayın!","","https://unityverseacademy.com/urun/adobe-illustrator-onlinecanli-ozel-ders-835/","","3","0","45","0","12","0","","","https://unityverseacademy.com/urun/adobe-illustrator-onlinecanli-ozel-ders-835/","https://unityverseacademy.com/urun/adobe-illustrator-onlinecanli-ozel-ders-835/","","","","",""
"https://unityverseacademy.com/urun/unreal-engine-ile-sanal-gerceklik-online-canli-egitim-653/","200","OK","1636","0","","","Unreal Engine 5 VR Online Kursu | Sanal Gerçeklik","","Unreal Engine 5 ile VR / Sanal Gerçeklik Geliştirme Kursu – Online Canlı","","Unreal Engine 5 ile sanal gerçeklik online canlı kursu. Evinizden VR uygulama geliştirmeyi öğrenin, projelerinizi uzman desteğiyle hayata geçirin.","","https://unityverseacademy.com/urun/unreal-engine-ile-sanal-gerceklik-online-canli-egitim-653/","","3","0","43","0","14","0","","","https://unityverseacademy.com/urun/unreal-engine-ile-sanal-gerceklik-online-canli-egitim-653/","https://unityverseacademy.com/urun/unreal-engine-ile-sanal-gerceklik-online-canli-egitim-653/","","","","",""
"https://unityverseacademy.com/urun/kurumsal-iletisim-egitimi-ozel-ders-1436/","200","OK","423","0","","","Kurumsal İletişim Eğitimi Özel Ders","","Kurumsal İletişim Eğitimi Özel Ders","","Kurumsal İletişim Eğitimi Özel Ders ürünü, özellikleri ve en uygun fiyatları Unityverse Academy da. Kurumsal İletişim Eğitimi Özel Ders, Özel Dersler kategorisinde.","","https://unityverseacademy.com/urun/kurumsal-iletisim-egitimi-ozel-ders-1436/","","3","0","45","0","11","0","","","https://unityverseacademy.com/urun/kurumsal-iletisim-egitimi-ozel-ders-1436/","https://unityverseacademy.com/urun/kurumsal-iletisim-egitimi-ozel-ders-1436/","","","","",""
"https://unityverseacademy.com/urun/adobe-photoshop-ve-adobe-illustrator-yuz-yuze-egitimi-1002/","200","OK","3187","0","","","Photoshop & Illustrator Grafik Tasarım Kursu | YY","","Adobe Photoshop & Illustrator Grafik Tasarım Kursu – Yüz Yüze","","Adobe Photoshop ve Illustrator grafik tasarım kursu yüz yüze. İki programı birlikte öğrenin, tasarım portföyünüzü oluşturun!","","https://unityverseacademy.com/urun/adobe-photoshop-ve-adobe-illustrator-yuz-yuze-egitimi-1002/","","3","0","45","0","12","0","","","https://unityverseacademy.com/urun/adobe-photoshop-ve-adobe-illustrator-yuz-yuze-egitimi-1002/","https://unityverseacademy.com/urun/adobe-photoshop-ve-adobe-illustrator-yuz-yuze-egitimi-1002/","","","","",""
"https://unityverseacademy.com/urun/film-ve-animasyon-icin-storyboard-yuz-yuze-egitimi-599/","200","OK","2525","0","","","Storyboard Yüz Yüze Eğitimi","","Film ve Animasyon için Storyboard Yüz Yüze Eğitimi","","Film ve animasyon projeleri için storyboard hazırlama becerisi kazandıran bu eğitim, katılımcılara görsel hikaye anlatımını öğretir. Eğitimde, karakter ve sahne tasarımı, kamera açıları, hareket analizleri ve anlatım akışı gibi teme","","https://unityverseacademy.com/urun/film-ve-animasyon-icin-storyboard-yuz-yuze-egitimi-599/","","3","0","44","0","12","0","","","https://unityverseacademy.com/urun/film-ve-animasyon-icin-storyboard-yuz-yuze-egitimi-599/","https://unityverseacademy.com/urun/film-ve-animasyon-icin-storyboard-yuz-yuze-egitimi-599/","","","","",""
"https://unityverseacademy.com/urun/adobe-photoshop-yuz-yuze-egitim-783/","200","OK","2546","0","","","Adobe Photoshop Kursu | Yüz Yüze Grafik Tasarım","","Adobe Photoshop Kursu – Yüz Yüze Grafik Tasarım Eğitimi","","Adobe Photoshop grafik tasarım kursu yüz yüze eğitim. Fotoğraf düzenleme, dijital illüstrasyon ve baskı tasarımı öğrenin!","","https://unityverseacademy.com/urun/adobe-photoshop-yuz-yuze-egitim-783/","","3","0","45","0","12","0","","","https://unityverseacademy.com/urun/adobe-photoshop-yuz-yuze-egitim-783/","https://unityverseacademy.com/urun/adobe-photoshop-yuz-yuze-egitim-783/","","","","",""
"https://unityverseacademy.com/urun/turkce-egitimi-ozel-ders-1438/","200","OK","298","0","","","Türkçe Eğitimi Özel Ders","","Türkçe Eğitimi Özel Ders","","Türkçe Eğitimi Özel Ders ürünü, özellikleri ve en uygun fiyatları Unityverse Academy da. Türkçe Eğitimi Özel Ders, Özel Dersler kategorisinde.","","https://unityverseacademy.com/urun/turkce-egitimi-ozel-ders-1438/","","3","0","43","0","11","0","","","https://unityverseacademy.com/urun/turkce-egitimi-ozel-ders-1438/","https://unityverseacademy.com/urun/turkce-egitimi-ozel-ders-1438/","","","","",""
"https://unityverseacademy.com/urun/dijital-pazarlama-pazar-yeri-ve-e-ticaret-yoneticiligi-egitimi-25-saat-ozel-ders-1298/","200","OK","588","0","","","Dijital Pazarlama, Pazar Yeri ve E-Ticaret Yöneticiliği Eğitimi 25 Saat Özel Ders","","Dijital Pazarlama, Pazar Yeri ve E-Ticaret Yöneticiliği Eğitimi 25 Saat Özel Ders","","Dijital Pazarlama, Pazar Yeri ve E-Ticaret Yöneticiliği Eğitimi 25 Saat Özel Ders ürünü, özellikleri ve en uygun fiyatları Unityverse Academy da. Dijital Pazarlama, Pazar Yeri ve E-Ticaret Yöneticiliği Eğitimi 25 Saat Özel Ders, Dijital Pazarlama Eğitimleri kategorisinde.","","https://unityverseacademy.com/urun/dijital-pazarlama-pazar-yeri-ve-e-ticaret-yoneticiligi-egitimi-25-saat-ozel-ders-1298/","","3","0","43","0","11","0","","","https://unityverseacademy.com/urun/dijital-pazarlama-pazar-yeri-ve-e-ticaret-yoneticiligi-egitimi-25-saat-ozel-ders-1298/","https://unityverseacademy.com/urun/dijital-pazarlama-pazar-yeri-ve-e-ticaret-yoneticiligi-egitimi-25-saat-ozel-ders-1298/","","","","",""
"https://unityverseacademy.com/urun/mimarlik-icin-3d-tasarim-ve-gorsellestirme-egitimi-online-120-saat-1578/","200","OK","2439","0","","","Mimarlık için 3D Tasarım ve Görselleştirme Eğitimi Online 120 Saat","","Mimarlık için 3D Tasarım ve Görselleştirme Eğitimi Online 120 Saat","","Mimarlık için 3D Tasarım ve Görselleştirme Eğitimi Online 120 Saat ürünü, özellikleri ve en uygun fiyatları Unityverse Academy da. Mimarlık için 3D Tasarım ve Görselleştirme Eğitimi Online 120 Saat, Mimarlık Eğitimleri kategorisinde.","","https://unityverseacademy.com/urun/mimarlik-icin-3d-tasarim-ve-gorsellestirme-egitimi-online-120-saat-1578/","","3","0","44","0","12","0","","","https://unityverseacademy.com/urun/mimarlik-icin-3d-tasarim-ve-gorsellestirme-egitimi-online-120-saat-1578/","https://unityverseacademy.com/urun/mimarlik-icin-3d-tasarim-ve-gorsellestirme-egitimi-online-120-saat-1578/","","","","",""
"https://unityverseacademy.com/urun/lineer-cebir-linear-algebra-egitimi-ozel-ders-1432/","200","OK","428","0","","","Lineer Cebir (Linear Algebra) Eğitimi  Özel Ders","","Lineer Cebir (Linear Algebra) Eğitimi Özel Ders","","Lineer Cebir (Linear Algebra) Eğitimi  Özel Ders ürünü, özellikleri ve en uygun fiyatları Unityverse Academy da. Lineer Cebir (Linear Algebra) Eğitimi  Özel Ders, Özel Dersler kategorisinde.","","https://unityverseacademy.com/urun/lineer-cebir-linear-algebra-egitimi-ozel-ders-1432/","","3","0","44","0","12","0","","","https://unityverseacademy.com/urun/lineer-cebir-linear-algebra-egitimi-ozel-ders-1432/","https://unityverseacademy.com/urun/lineer-cebir-linear-algebra-egitimi-ozel-ders-1432/","","","","",""
"https://unityverseacademy.com/urun/profesyonel-mimari-render-ve-etkilesim-egitimi-online-24-saat-1613/","200","OK","1224","0","","","Profesyonel Mimari Render ve Etkileşim Eğitimi Online 24 Saat","","Profesyonel Mimari Render ve Etkileşim Eğitimi Online 24 Saat","","Profesyonel Mimari Render ve Etkileşim Eğitimi Online 24 Saat ürünü, özellikleri ve en uygun fiyatları Unityverse Academy da. Profesyonel Mimari Render ve Etkileşim Eğitimi Online 24 Saat, Mimarlık Eğitimleri kategorisinde.","","https://unityverseacademy.com/urun/profesyonel-mimari-render-ve-etkilesim-egitimi-online-24-saat-1613/","","3","0","44","0","12","0","","","https://unityverseacademy.com/urun/profesyonel-mimari-render-ve-etkilesim-egitimi-online-24-saat-1613/","https://unityverseacademy.com/urun/profesyonel-mimari-render-ve-etkilesim-egitimi-online-24-saat-1613/","","","","",""
"https://unityverseacademy.com/urun/3ds-max-egitimi-10-saat-ozel-ders-1446/","200","OK","404","0","","","3Ds Max Eğitimi","","3Ds Max Eğitimi 10 Saat Özel Ders","","3Ds Max Eğitimi, 3D modelleme, animasyon, görselleştirme ve render alma süreçlerinde profesyonel seviyeye ulaşmak isteyenler için kapsamlı bir eğitim programıdır. 3Ds Max, özellikle mimarlık, iç mimarlık, oyun tasarımı, film ve animasyon","","https://unityverseacademy.com/urun/3ds-max-egitimi-10-saat-ozel-ders-1446/","","3","0","44","0","11","0","","","https://unityverseacademy.com/urun/3ds-max-egitimi-10-saat-ozel-ders-1446/","https://unityverseacademy.com/urun/3ds-max-egitimi-10-saat-ozel-ders-1446/","","","","",""
"https://unityverseacademy.com/urun/2b-oyun-karakter-tasarimi-ve-animasyon-ozel-ders-20-saat-1251/","200","OK","336","0","","","2B Oyun Karakter Tasarımı ve Animasyon Özel Ders 20 Saat","","2B Oyun Karakter Tasarımı ve Animasyon Özel Ders 20 Saat","","2B Oyun Karakter Tasarımı ve Animasyon Özel Ders 20 Saat ürünü, özellikleri ve en uygun fiyatları Unityverse Academy da. 2B Oyun Karakter Tasarımı ve Animasyon Özel Ders 20 Saat, Animasyon Eğitimleri kategorisinde.","","https://unityverseacademy.com/urun/2b-oyun-karakter-tasarimi-ve-animasyon-ozel-ders-20-saat-1251/","","3","0","49","0","12","0","","","https://unityverseacademy.com/urun/2b-oyun-karakter-tasarimi-ve-animasyon-ozel-ders-20-saat-1251/","https://unityverseacademy.com/urun/2b-oyun-karakter-tasarimi-ve-animasyon-ozel-ders-20-saat-1251/","","","","",""
"https://unityverseacademy.com/urun/cocuklar-icin-minecraft-ile-kodlama-egitimi-1689/","200","OK","1279","0","","","Minecraft ile Kodlama Kursu | Çocuklar İçin (8-14 Yaş)","","Çocuklar İçin Minecraft Education ile Kodlama ve Programlama Kursu (8-14 Yaş)","","Çocuklara özel Minecraft Education ile kodlama ve programlama kursu. Oyun oynayarak algoritmik düşünmeyi öğrensin! Hemen başvurun.","","https://unityverseacademy.com/urun/cocuklar-icin-minecraft-ile-kodlama-egitimi-1689/","","3","0","43","0","11","0","","","https://unityverseacademy.com/urun/cocuklar-icin-minecraft-ile-kodlama-egitimi-1689/","https://unityverseacademy.com/urun/cocuklar-icin-minecraft-ile-kodlama-egitimi-1689/","","","","",""
"https://unityverseacademy.com/urun/insan-kaynaklari-egitimi-ozel-ders-1437/","200","OK","423","0","","","İnsan Kaynakları Eğitimi Özel Ders","","İnsan Kaynakları Eğitimi Özel Ders","","İnsan Kaynakları Eğitimi Özel Ders ürünü, özellikleri ve en uygun fiyatları Unityverse Academy da. İnsan Kaynakları Eğitimi Özel Ders, Özel Dersler kategorisinde.","","https://unityverseacademy.com/urun/insan-kaynaklari-egitimi-ozel-ders-1437/","","3","0","45","0","11","0","","","https://unityverseacademy.com/urun/insan-kaynaklari-egitimi-ozel-ders-1437/","https://unityverseacademy.com/urun/insan-kaynaklari-egitimi-ozel-ders-1437/","","","","",""
"https://unityverseacademy.com/urun/unity-ile-oyun-gelistirme-canli-online-egitimi-8-ay-1479/","200","OK","886","0","","","Unity ile Oyun Geliştirme Canlı (Online) Eğitimi 8 ay","","Unity ile Oyun Geliştirme Canlı (Online) Eğitimi 8 ay","","Unity ile Oyun Geliştirme Canlı (Online) Eğitimi 8 ay ürünü, özellikleri ve en uygun fiyatları Unityverse Academy da. Unity ile Oyun Geliştirme Canlı (Online) Eğitimi 8 ay, Oyun Geliştirme Eğitimleri kategorisinde.","","https://unityverseacademy.com/urun/unity-ile-oyun-gelistirme-canli-online-egitimi-8-ay-1479/","","3","0","51","0","14","0","","","https://unityverseacademy.com/urun/unity-ile-oyun-gelistirme-canli-online-egitimi-8-ay-1479/","https://unityverseacademy.com/urun/unity-ile-oyun-gelistirme-canli-online-egitimi-8-ay-1479/","","","","",""
"https://unityverseacademy.com/urun/proje-yonetimi-egitimi-1126/","200","OK","298","0","","","Proje Yönetimi Eğitimi","","Proje Yönetimi Eğitimi","","Proje Yönetimi Eğitimi, her türlü projeyi başarılı bir şekilde yönetmek, planlamak ve kontrol etmek isteyen profesyoneller için kapsamlı bir eğitim programıdır. Bu eğitim, proje yönetiminin temel ilkelerinden, projelerin zamanında ve büt","","https://unityverseacademy.com/urun/proje-yonetimi-egitimi-1126/","","3","0","43","0","11","0","","","https://unityverseacademy.com/urun/proje-yonetimi-egitimi-1126/","https://unityverseacademy.com/urun/proje-yonetimi-egitimi-1126/","","","","",""
"https://unityverseacademy.com/urun/yonetmenlik-ve-sinematografiye-giris-yuz-yuze-ozel-ders-1056/","200","OK","1709","0","","","Yönetmenlik ve Sinematografiye Giriş Yüz Yüze Özel Ders – Sinema Sanatının Temelleri","","Yönetmenlik ve Sinematografiye Giriş Yüz Yüze Özel Ders","","Yönetmenlik ve Sinematografiye Giriş Yüz Yüze Özel Ders – Sinema Sanatının Temelleri","","https://unityverseacademy.com/urun/yonetmenlik-ve-sinematografiye-giris-yuz-yuze-ozel-ders-1056/","","3","0","44","0","12","0","","","https://unityverseacademy.com/urun/yonetmenlik-ve-sinematografiye-giris-yuz-yuze-ozel-ders-1056/","https://unityverseacademy.com/urun/yonetmenlik-ve-sinematografiye-giris-yuz-yuze-ozel-ders-1056/","","","","",""
"https://unityverseacademy.com/blog-detay/3b-modelleme-egitimleri-zbrush-ileri-seviye-284/","200","OK","677","0","","","3B Modelleme Eğitimleri, ZBrush İleri Seviye","","3B Modelleme Eğitimleri, ZBrush İleri Seviye","","Zbrush Eğitimi Tanıtımı","","https://unityverseacademy.com/blog-detay/3b-modelleme-egitimleri-zbrush-ileri-seviye-284/","","24","0","51","0","7","0","","","https://unityverseacademy.com/blog-detay/3b-modelleme-egitimleri-zbrush-ileri-seviye-284/","https://unityverseacademy.com/blog-detay/3b-modelleme-egitimleri-zbrush-ileri-seviye-284/","","","","",""
"https://unityverseacademy.com/blog-detay/blender-egitimi-3d-modelleme-animasyon-ve-render-rehberi-280/","200","OK","667","0","","","Blender Eğitimi - 3D Modelleme, Animasyon ve Render Rehberi","","Blender Eğitimi - 3D Modelleme, Animasyon ve Render Rehberi","","blender eğitimi kursu tanıtımı","","https://unityverseacademy.com/blog-detay/blender-egitimi-3d-modelleme-animasyon-ve-render-rehberi-280/","","24","0","51","0","7","0","","","https://unityverseacademy.com/blog-detay/blender-egitimi-3d-modelleme-animasyon-ve-render-rehberi-280/","https://unityverseacademy.com/blog-detay/blender-egitimi-3d-modelleme-animasyon-ve-render-rehberi-280/","","","","",""
"https://unityverseacademy.com/urun/excel-kursu-temelden-ileri-seviyeye-1122/","200","OK","304","0","","","Excel Kursu Temelden İleri Seviyeye","","Excel Kursu Temelden İleri Seviyeye","","Microsoft Excel programını sıfırdan öğrenmek isteyenlerden, mevcut bilgilerini ileri düzeye taşımak isteyen profesyonellere kadar geniş bir kitleye hitap eden kapsamlı bir eğitim programıdır. Excel, veri yönetimi, analiz ve raporlama işlem","","https://unityverseacademy.com/urun/excel-kursu-temelden-ileri-seviyeye-1122/","","3","0","43","0","11","0","","","https://unityverseacademy.com/urun/excel-kursu-temelden-ileri-seviyeye-1122/","https://unityverseacademy.com/urun/excel-kursu-temelden-ileri-seviyeye-1122/","","","","",""
"https://unityverseacademy.com/blog-detay/3dsmax-kursu-294/","200","OK","763","0","","","3DSMax Kursu","","3DSMax Kursu","","3dsmax eğitimi bilgilendirme yazısı","","https://unityverseacademy.com/blog-detay/3dsmax-kursu-294/","","24","0","54","0","7","0","","","https://unityverseacademy.com/blog-detay/3dsmax-kursu-294/","https://unityverseacademy.com/blog-detay/3dsmax-kursu-294/","","","","",""
"https://unityverseacademy.com/urun/2b-cizgi-film-ve-animasyon-yuz-yuze-egitimi-614/","200","OK","2499","0","","","2B Çizgi Film ve Animasyon Yüz Yüze Eğitimi: Temelden İleri Düzeye Profesyonel Animasyon Becerileri Kazanın","","2B Çizgi Film ve Animasyon Yüz Yüze Eğitimi","","2B Çizgi Film ve Animasyon Yüz Yüze Eğitimi, katılımcılara geleneksel 2B animasyon tekniklerinden dijital 2B animasyon süreçlerine kadar kapsamlı bir eğitim sunar. Bu kurs, çizgi film dünyasına ilgi duyan ve animasyon tekniklerini öğrenmek","","https://unityverseacademy.com/urun/2b-cizgi-film-ve-animasyon-yuz-yuze-egitimi-614/","","3","0","44","0","12","0","","","https://unityverseacademy.com/urun/2b-cizgi-film-ve-animasyon-yuz-yuze-egitimi-614/","https://unityverseacademy.com/urun/2b-cizgi-film-ve-animasyon-yuz-yuze-egitimi-614/","","","","",""
"https://unityverseacademy.com/blog-detay/blender-egitimi-blender-profesyonel-kullanim-rehberi-308/","200","OK","1086","0","","","Blender Eğitimi : Blender Profesyonel Kullanım Rehberi","","Blender Eğitimi : Blender Profesyonel Kullanım Rehberi","","Blender Eğitimi Tanıtım Yazısı","","https://unityverseacademy.com/blog-detay/blender-egitimi-blender-profesyonel-kullanim-rehberi-308/","","24","0","54","0","7","0","","","https://unityverseacademy.com/blog-detay/blender-egitimi-blender-profesyonel-kullanim-rehberi-308/","https://unityverseacademy.com/blog-detay/blender-egitimi-blender-profesyonel-kullanim-rehberi-308/","","","","",""
"https://unityverseacademy.com/urun/3ds-max-egitimi-30-saat-ozel-ders-1128/","200","OK","404","0","","","3Ds Max Eğitimi","","3Ds Max Eğitimi 30 Saat Özel Ders","","3Ds Max Eğitimi, 3D modelleme, animasyon, görselleştirme ve render alma süreçlerinde profesyonel seviyeye ulaşmak isteyenler için kapsamlı bir eğitim programıdır. 3Ds Max, özellikle mimarlık, iç mimarlık, oyun tasarımı, film ve animasyon","","https://unityverseacademy.com/urun/3ds-max-egitimi-30-saat-ozel-ders-1128/","","3","0","44","0","11","0","","","https://unityverseacademy.com/urun/3ds-max-egitimi-30-saat-ozel-ders-1128/","https://unityverseacademy.com/urun/3ds-max-egitimi-30-saat-ozel-ders-1128/","","","","",""
"https://unityverseacademy.com/urun/ayrik-matematik-discrete-mathematics-egitimi-ozel-ders-1431/","200","OK","428","0","","","Ayrık Matematik (Discrete Mathematics) Eğitimi Özel Ders","","Ayrık Matematik (Discrete Mathematics) Eğitimi Özel Ders","","Ayrık Matematik (Discrete Mathematics) Eğitimi Özel Ders ürünü, özellikleri ve en uygun fiyatları Unityverse Academy da. Ayrık Matematik (Discrete Mathematics) Eğitimi Özel Ders, Özel Dersler kategorisinde.","","https://unityverseacademy.com/urun/ayrik-matematik-discrete-mathematics-egitimi-ozel-ders-1431/","","3","0","44","0","12","0","","","https://unityverseacademy.com/urun/ayrik-matematik-discrete-mathematics-egitimi-ozel-ders-1431/","https://unityverseacademy.com/urun/ayrik-matematik-discrete-mathematics-egitimi-ozel-ders-1431/","","","","",""
"https://unityverseacademy.com/urun/unity-ile-oyun-gelistirme-yuz-yuze-egitimi-1481/","200","OK","2425","0","","","Unity 2D & 3D Oyun Geliştirme Kursu | Yüz Yüze","","Unity ile 2D & 3D Oyun Geliştirme Kursu – Yüz Yüze Eğitim","","Unity ile sıfırdan 2D ve 3D oyun geliştirme yüz yüze kursu. Uzman eğitmenlerle uygulamalı oyun programlama öğrenin. Detaylar için tıklayın.","","https://unityverseacademy.com/urun/unity-ile-oyun-gelistirme-yuz-yuze-egitimi-1481/","","3","0","45","0","13","0","","","https://unityverseacademy.com/urun/unity-ile-oyun-gelistirme-yuz-yuze-egitimi-1481/","https://unityverseacademy.com/urun/unity-ile-oyun-gelistirme-yuz-yuze-egitimi-1481/","","","","",""
"https://unityverseacademy.com/urun/autodesk-fusion-360-endustriyel-urun-tasarimi-uzmanligi-canli-online-ozel-ders-1368/","200","OK","727","0","","","Autodesk Fusion 360 Endüstriyel Ürün Tasarımı Uzmanlığı Canlı (Online) Özel Ders","","Autodesk Fusion 360 Endüstriyel Ürün Tasarımı Uzmanlığı Canlı (Online) Özel Ders","","Autodesk Fusion 360 Endüstriyel Ürün Tasarımı Uzmanlığı Canlı (Online) Özel Ders ürünü, özellikleri ve en uygun fiyatları Unityverse Academy da. Autodesk Fusion 360 Endüstriyel Ürün Tasarımı Uzmanlığı Canlı (Online) Özel Ders, Animasyon Eğitimleri kategorisinde.","","https://unityverseacademy.com/urun/autodesk-fusion-360-endustriyel-urun-tasarimi-uzmanligi-canli-online-ozel-ders-1368/","","3","0","45","0","11","0","","","https://unityverseacademy.com/urun/autodesk-fusion-360-endustriyel-urun-tasarimi-uzmanligi-canli-online-ozel-ders-1368/","https://unityverseacademy.com/urun/autodesk-fusion-360-endustriyel-urun-tasarimi-uzmanligi-canli-online-ozel-ders-1368/","","","","",""
"https://unityverseacademy.com/urun/bilgisayarli-muhasebe-egitimi-10-saat-1125/","200","OK","304","0","","","Bilgisayarlı Muhasebe Eğitimi","","Bilgisayarlı Muhasebe Eğitimi 10 saat","","Bilgisayarlı Muhasebe Eğitimi, muhasebe işlemlerini dijital ortamda hızlı, doğru ve verimli bir şekilde gerçekleştirmek isteyenler için kapsamlı bir eğitim programıdır. Günümüzde işletmelerin muhasebe süreçlerini yönetmek için bilgis","","https://unityverseacademy.com/urun/bilgisayarli-muhasebe-egitimi-10-saat-1125/","","3","0","43","0","11","0","","","https://unityverseacademy.com/urun/bilgisayarli-muhasebe-egitimi-10-saat-1125/","https://unityverseacademy.com/urun/bilgisayarli-muhasebe-egitimi-10-saat-1125/","","","","",""
"https://unityverseacademy.com/urun/diferansiyel-denklemler-egitimi-ozel-ders-1434/","200","OK","422","0","","","Diferansiyel Denklemler Eğitimi Özel Ders","","Diferansiyel Denklemler Eğitimi Özel Ders","","Diferansiyel Denklemler Eğitimi Özel Ders ürünü, özellikleri ve en uygun fiyatları Unityverse Academy da. Diferansiyel Denklemler Eğitimi Özel Ders, Özel Dersler kategorisinde.","","https://unityverseacademy.com/urun/diferansiyel-denklemler-egitimi-ozel-ders-1434/","","3","0","44","0","12","0","","","https://unityverseacademy.com/urun/diferansiyel-denklemler-egitimi-ozel-ders-1434/","https://unityverseacademy.com/urun/diferansiyel-denklemler-egitimi-ozel-ders-1434/","","","","",""
"https://unityverseacademy.com/urun/unreal-engine-ile-oyun-gelistirme-ozel-ders-online-canli-egitim-100-saat-1303/","200","OK","671","0","","","UE5 Oyun Geliştirme Özel Ders | 100 Saat Online","","Unreal Engine 5 ile Oyun Geliştirme Özel Ders – 100 Saat Online Blueprint & C++","","100 saatlik Unreal Engine 5 birebir online özel ders. Blueprint ve C++ ile oyun geliştirin, profesyonel portföyünüzü oluşturun.","","https://unityverseacademy.com/urun/unreal-engine-ile-oyun-gelistirme-ozel-ders-online-canli-egitim-100-saat-1303/","","3","0","43","0","13","0","","","https://unityverseacademy.com/urun/unreal-engine-ile-oyun-gelistirme-ozel-ders-online-canli-egitim-100-saat-1303/","https://unityverseacademy.com/urun/unreal-engine-ile-oyun-gelistirme-ozel-ders-online-canli-egitim-100-saat-1303/","","","","",""
"https://unityverseacademy.com/urun/yonetmenlik-ve-sinematografiye-giris-canli-online-egitimi-585/","200","OK","1771","0","","","Yönetmenlik ve Sinematografiye Giriş Canlı (Online) Eğitimi","","Yönetmenlik ve Sinematografiye Giriş Canlı (Online) Eğitimi","","Yönetmenlik ve Sinematografiye Giriş Canlı (Online) Eğitimi, katılımcılara film yapım sürecinin temellerini, yönetmenlik ve sinematografi tekniklerini öğretir. Bu eğitimde, bir film ya da dizi projesinin yönetmeni olabilmek için gerekli ola","","https://unityverseacademy.com/urun/yonetmenlik-ve-sinematografiye-giris-canli-online-egitimi-585/","","3","0","45","0","12","0","","","https://unityverseacademy.com/urun/yonetmenlik-ve-sinematografiye-giris-canli-online-egitimi-585/","https://unityverseacademy.com/urun/yonetmenlik-ve-sinematografiye-giris-canli-online-egitimi-585/","","","","",""
"https://unityverseacademy.com/urun/egitim-koclugu-ozel-ders-1439/","200","OK","420","0","","","Eğitim Koçluğu Özel Ders","","Eğitim Koçluğu Özel Ders","","Eğitim Koçluğu Özel Ders ürünü, özellikleri ve en uygun fiyatları Unityverse Academy da. Eğitim Koçluğu Özel Ders, Özel Dersler kategorisinde.","","https://unityverseacademy.com/urun/egitim-koclugu-ozel-ders-1439/","","3","0","45","0","11","0","","","https://unityverseacademy.com/urun/egitim-koclugu-ozel-ders-1439/","https://unityverseacademy.com/urun/egitim-koclugu-ozel-ders-1439/","","","","",""
"https://unityverseacademy.com/urun/grafik-tasarim-ve-video-efekt-uzmanligi-yuz-yuze-egitimi-1489/","200","OK","4362","0","","","Grafik Tasarım Kursu & Video Efekt | Yüz Yüze","","Grafik Tasarım Kursu & Video Efekt Uzmanlığı – Yüz Yüze","","Grafik tasarım kursu ve video efekt uzmanlığı yüz yüze eğitimi. Uygulamalı Adobe eğitimiyle tasarımcı olun!","","https://unityverseacademy.com/urun/grafik-tasarim-ve-video-efekt-uzmanligi-yuz-yuze-egitimi-1489/","","3","0","46","0","11","0","","","https://unityverseacademy.com/urun/grafik-tasarim-ve-video-efekt-uzmanligi-yuz-yuze-egitimi-1489/","https://unityverseacademy.com/urun/grafik-tasarim-ve-video-efekt-uzmanligi-yuz-yuze-egitimi-1489/","","","","",""
"https://unityverseacademy.com/urun/36-saat-kapsamli-zbrush-modelleme-egitimi-yuz-yuze-1539/","200","OK","1600","0","","","ZBrush Kapsamlı Sculpting Kursu 36 Saat | YY","","ZBrush Kapsamlı Sculpting Kursu – 36 Saat Yüz Yüze (Organik & Hard Surface)","","36 saatlik kapsamlı ZBrush sculpting yüz yüze kursu. Organik ve hard surface modelleme, brush tekniklerini derinlemesine öğrenin!","","https://unityverseacademy.com/urun/36-saat-kapsamli-zbrush-modelleme-egitimi-yuz-yuze-1539/","","3","0","44","0","12","0","","","https://unityverseacademy.com/urun/36-saat-kapsamli-zbrush-modelleme-egitimi-yuz-yuze-1539/","https://unityverseacademy.com/urun/36-saat-kapsamli-zbrush-modelleme-egitimi-yuz-yuze-1539/","","","","",""
"https://unityverseacademy.com/urun/matematik-egitimi-ozel-ders-1428/","200","OK","419","0","","","Matematik Eğitimi Özel Ders","","Matematik Eğitimi Özel Ders","","Matematik Eğitimi Özel Ders ürünü, özellikleri ve en uygun fiyatları Unityverse Academy da. Matematik Eğitimi Özel Ders, Özel Dersler kategorisinde.","","https://unityverseacademy.com/urun/matematik-egitimi-ozel-ders-1428/","","3","0","44","0","12","0","","","https://unityverseacademy.com/urun/matematik-egitimi-ozel-ders-1428/","https://unityverseacademy.com/urun/matematik-egitimi-ozel-ders-1428/","","","","",""
"https://unityverseacademy.com/blog-detay/maya-egitimi-285/","200","OK","714","0","","","Maya Eğitimi","","Maya Eğitimi","","Maya eğitimi tanıtımı","","https://unityverseacademy.com/blog-detay/maya-egitimi-285/","","24","0","54","0","7","0","","","https://unityverseacademy.com/blog-detay/maya-egitimi-285/","https://unityverseacademy.com/blog-detay/maya-egitimi-285/","","","","",""
"https://unityverseacademy.com/urun/revit-egitimi-online-1129/","200","OK","928","0","","","Revit Eğitimi","","Revit Eğitimi Online","","Revit Eğitimi, mimarlık, mühendislik ve inşaat (AEC) sektörlerinde yaygın olarak kullanılan ve 3D BIM (Building Information Modeling) yazılımı olan Revit","","https://unityverseacademy.com/urun/revit-egitimi-online-1129/","","3","0","44","0","11","0","","","https://unityverseacademy.com/urun/revit-egitimi-online-1129/","https://unityverseacademy.com/urun/revit-egitimi-online-1129/","","","","",""
"https://unityverseacademy.com/sayfa/hakkimizda/25/","200","OK","926","0","","","Hakkımızda","","HAKKIMIZDA","","HAKKIMIZDA","","https://unityverseacademy.com/sayfa/hakkimizda-25/","","22","0","41","0","7","0","","","https://unityverseacademy.com/sayfa/hakkimizda/25/","https://unityverseacademy.com/sayfa/hakkimizda/25/","","","","",""
"https://unityverseacademy.com/blog-detay/3ds-max-egitimi-uv-mapping-ve-kaplama-yonetimi-305/","200","OK","881","0","","","3DS Max Eğitimi : UV Mapping ve Kaplama Yönetimi","","3DS Max Eğitimi : UV Mapping ve Kaplama Yönetimi","","3DS Max Eğitimi Tanıtımı","","https://unityverseacademy.com/blog-detay/3ds-max-egitimi-uv-mapping-ve-kaplama-yonetimi-305/","","24","0","54","0","7","0","","","https://unityverseacademy.com/blog-detay/3ds-max-egitimi-uv-mapping-ve-kaplama-yonetimi-305/","https://unityverseacademy.com/blog-detay/3ds-max-egitimi-uv-mapping-ve-kaplama-yonetimi-305/","","","","",""
"https://unityverseacademy.com/urun/profesyonel-mimari-render-ve-etkilesim-egitimi-yuz-yuze-24-saat-1612/","200","OK","1227","0","","","Profesyonel Mimari Render ve Etkileşim Eğitimi Yüz Yüze 24 Saat","","Profesyonel Mimari Render ve Etkileşim Eğitimi Yüz Yüze 24 Saat","","Profesyonel Mimari Render ve Etkileşim Eğitimi Yüz Yüze 24 Saat ürünü, özellikleri ve en uygun fiyatları Unityverse Academy da. Profesyonel Mimari Render ve Etkileşim Eğitimi Yüz Yüze 24 Saat, Mimarlık Eğitimleri kategorisinde.","","https://unityverseacademy.com/urun/profesyonel-mimari-render-ve-etkilesim-egitimi-yuz-yuze-24-saat-1612/","","3","0","44","0","12","0","","","https://unityverseacademy.com/urun/profesyonel-mimari-render-ve-etkilesim-egitimi-yuz-yuze-24-saat-1612/","https://unityverseacademy.com/urun/profesyonel-mimari-render-ve-etkilesim-egitimi-yuz-yuze-24-saat-1612/","","","","",""
"https://unityverseacademy.com/urun/mimarlik-ic-mimarlik-icin-3d-tasarim-ve-gorsellestirme-egitimi-yuz-yuze-1504/","200","OK","3026","0","","","Mimarlık & İç Mimarlık için 3D Tasarım ve Görselleştirme Eğitimi Yüz Yüze","","Mimarlık & İç Mimarlık için 3D Tasarım ve Görselleştirme Eğitimi Yüz Yüze","","Mimarlık & İç Mimarlık için 3D Tasarım ve Görselleştirme Eğitimi Yüz Yüze ürünü, özellikleri ve en uygun fiyatları Unityverse Academy da. Mimarlık & İç Mimarlık için 3D Tasarım ve Görselleştirme Eğitimi Yüz Yüze, Mimarlık Eğitimleri kategorisinde.","","https://unityverseacademy.com/urun/mimarlik-ic-mimarlik-icin-3d-tasarim-ve-gorsellestirme-egitimi-yuz-yuze-1504/","","3","0","44","0","12","0","","","https://unityverseacademy.com/urun/mimarlik-ic-mimarlik-icin-3d-tasarim-ve-gorsellestirme-egitimi-yuz-yuze-1504/","https://unityverseacademy.com/urun/mimarlik-ic-mimarlik-icin-3d-tasarim-ve-gorsellestirme-egitimi-yuz-yuze-1504/","","","","",""
"https://unityverseacademy.com/urun/unreal-engine-ile-sanal-gerceklik-yuz-yuze-egitim-654/","200","OK","1633","0","","","Unreal Engine 5 VR Kursu | Yüz Yüze Sanal Gerçeklik","","Unreal Engine 5 ile VR / Sanal Gerçeklik Geliştirme Kursu – Yüz Yüze","","Unreal Engine 5 ile sanal gerçeklik (VR) geliştirme yüz yüze kursu. İmmersif VR projeleri oluşturmayı öğrenin. Uygulamalı eğitim!","","https://unityverseacademy.com/urun/unreal-engine-ile-sanal-gerceklik-yuz-yuze-egitim-654/","","3","0","43","0","13","0","","","https://unityverseacademy.com/urun/unreal-engine-ile-sanal-gerceklik-yuz-yuze-egitim-654/","https://unityverseacademy.com/urun/unreal-engine-ile-sanal-gerceklik-yuz-yuze-egitim-654/","","","","",""
"https://unityverseacademy.com/urun/autocad-egitimi-ozel-ders-1300/","200","OK","822","0","","","AutoCAD Eğitimi Özel Ders","","AutoCAD Eğitimi Özel Ders","","AutoCAD Eğitimi Özel Ders ürünü, özellikleri ve en uygun fiyatları Unityverse Academy da. AutoCAD Eğitimi Özel Ders, Mimarlık Eğitimleri kategorisinde.","","https://unityverseacademy.com/urun/autocad-egitimi-ozel-ders-1300/","","3","0","44","0","11","0","","","https://unityverseacademy.com/urun/autocad-egitimi-ozel-ders-1300/","https://unityverseacademy.com/urun/autocad-egitimi-ozel-ders-1300/","","","","",""
"https://unityverseacademy.com/urun/sosyal-medya-ve-google-reklamciligi-canli-online-egitimi-1072/","200","OK","1964","0","","","Sosyal Medya ve Google Reklamcılığı Canlı (Online) Eğitimi – Dijital Pazarlama Stratejileri","","Sosyal Medya ve Google Reklamcılığı Canlı (Online) Eğitimi","","Sosyal medya ve Google reklamcılığı üzerine canlı online eğitimimizle, dijital pazarlama dünyasında kendinizi geliştirip, profesyonel seviyeye ulaşabilirsiniz. Facebook, Instagram, YouTube, Google Ads gibi platformlarda etkili reklam kampanyala","","https://unityverseacademy.com/urun/sosyal-medya-ve-google-reklamciligi-canli-online-egitimi-1072/","","3","0","44","0","12","0","","","https://unityverseacademy.com/urun/sosyal-medya-ve-google-reklamciligi-canli-online-egitimi-1072/","https://unityverseacademy.com/urun/sosyal-medya-ve-google-reklamciligi-canli-online-egitimi-1072/","","","","",""
