"Address","Content Type","Status Code","Status","Indexability","Indexability Status","Title 1","Title 1 Length","Title 1 Pixel Width","Meta Description 1","Meta Description 1 Length","Meta Description 1 Pixel Width","Meta Keywords 1","Meta Keywords 1 Length","H1-1","H1-1 Length","H1-2","H1-2 Length","H2-1","H2-1 Length","H2-2","H2-2 Length","Meta Robots 1","X-Robots-Tag 1","Meta Refresh 1","Canonical Link Element 1","rel=""next"" 1","rel=""prev"" 1","HTTP rel=""next"" 1","HTTP rel=""prev"" 1","amphtml Link Element","Size (Bytes)","Transferred (Bytes)","Total Transferred (Bytes)","CO2 (mg)","Carbon Rating","Word Count","Sentence Count","Average Words Per Sentence","Flesch Reading Ease Score","Readability","Text Ratio","Crawl Depth","Folder Depth","Link Score","Inlinks","Unique Inlinks","Unique JS Inlinks","% of Total","Outlinks","Unique Outlinks","Unique JS Outlinks","External Outlinks","Unique External Outlinks","Unique External JS Outlinks","Closest Near Duplicate Match","No. Near Duplicates","Spelling Errors","Grammar Errors","Hash","Response Time","Last Modified","Redirect URL","Redirect Type","Cookies","Language","HTTP Version","Mobile Alternate Link","Closest Semantically Similar Address","Semantic Similarity Score","No. Semantically Similar","Semantic Relevance Score","URL Encoded Address","Crawl Timestamp"
"https://unityverseacademy.com/","text/html; charset=utf-8","200","OK","Indexable","","En İyi Staj Garantili Yazılım, Oyun ve Tasarım Kursları","55","471","En iyi Staj garantili yazılım, oyun, uygulama geliştirme, grafik tasarım, siber güvenlik eğitimleri,  E-devlet ve uluslararası sertifikalarla meslek kursları","157","892","staj garantili eğitim, yazılım kursu, oyun geliştirme, grafik tasarım, siber güvenlik, 3D modelleme, mobil uygulama geliştirme, yapay zeka, e-devlet sertifikası, meslek kursları","177","En çok tercih edilen eğitimler","30","Eğitmenlerimiz","14","'","1","","0","","","","https://unityverseacademy.com/","","","","","","233229","40758","40758","6,040","","2242","503","4,457","13,716","Very Hard","8,070","0","0","","732","174","0","100,000","265","76","0","7","7","0","","","","","f97c77603b987c374a25b49fff87e8dd","0,165","","","","","tr","1.1","","","","","","https://unityverseacademy.com/","2026-07-30 13:41:00"
"https://unityverseacademy.com/kategori/animasyon-egitimleri-248/","text/html; charset=utf-8","200","OK","Indexable","","Animasyon Eğitimleri","20","189","Animasyon Eğitimleri","20","130","","0","Animasyon Eğitimleri","20","","0","","0","","0","","","","https://unityverseacademy.com/kategori/animasyon-egitimleri-248/","","","","","","141940","29011","29011","4,299","","630","203","3,103","63,222","Normal","3,613","1","2","","394","174","0","100,000","112","51","0","7","7","0","","","","","f58563d947190bd711452194d7d1c19","0,102","","","","","tr","1.1","","","","","","https://unityverseacademy.com/kategori/animasyon-egitimleri-248/","2026-07-30 13:41:00"
"https://unityverseacademy.com/urun/autodesk-fusion-360-endustriyel-urun-tasarimi-uzmanligi-canli-online-egitimi-584/","text/html; charset=utf-8","200","OK","Indexable","","Autodesk Fusion 360 Endüstriyel Ürün Tasarımı Uzmanlığı Canlı (Online) Eğitimi","78","707","Autodesk Fusion 360 Endüstriyel Ürün Tasarımı Uzmanlığı Canlı (Online) Eğitimi, katılımcılara endüstriyel ürünlerin tasarımı, geliştirilmesi ve üretim aşamalarına uygun şekilde projeler oluşturma yeteneği kazandırır. Bu eğitimd","227","1371","Autodesk Fusion 360, Endüstriyel Ürün Tasarımı, Canlı Online Eğitim, 3D Modelleme, CAD Yazılımı, Ürün Tasarımı, Fusion 360 Eğitimi, Teknik Çizim, Hareket Analizi, Endüstriyel Tasarım, Endüstriyel Ürün Geliştirme, Fusion 360 Uzmanlığı, Montaj Tasarımı, Render Alma, Üretim Süreçleri, CAD Tasarım, Endüstriyel Tasarım Eğitimi, Fusion 360 Kursu, Tasarım Yazılımı, Endüstriyel Ürün Tasarımı Eğitimi.","395","Autodesk Fusion 360 Endüstriyel Ürün Tasarımı Uzmanlığı Canlı (Online) Eğitimi","78","","0","Autodesk Fusion 360 Endüstriyel Ürün Tasarımı","45","Ne Öğreneceğim?","15","","","","https://unityverseacademy.com/urun/autodesk-fusion-360-endustriyel-urun-tasarimi-uzmanligi-canli-online-egitimi-584/","","","","","","205411","64220","64220","9,517","","2218","470","4,719","6,641","Very Hard","9,356","1","2","","12","4","0","2,300","77","47","0","12","12","0","","","","","e8cd140447dbc8a09e6ac93bbd2eac76","0,087","","","","","tr","1.1","","","","","","https://unityverseacademy.com/urun/autodesk-fusion-360-endustriyel-urun-tasarimi-uzmanligi-canli-online-egitimi-584/","2026-07-30 13:41:00"
"https://unityverseacademy.com/urun/desinatorluk-canli-online-egitimi-563/","text/html; charset=utf-8","200","OK","Indexable","","Desinatörlük & Desen Tasarım Kursu | Online","43","398","Desinatörlük ve tekstil desen tasarım canlı online kursu. Evinizden baskı desen ve kumaş tasarımı öğrenin!","106","648","desinatörlük kursu online, tekstil desen eğitimi online, grafik tasarım kursu desen tasarım","91","Desinatörlük & Tekstil Desen Tasarım Kursu – Online Canlı","57","","0","Desinatörlük & Tekstil Desen Tasarım Kursu – Online Canlı Eğitim","64","Öğr. Gör. Nevin Eryılmaz'ın katıldığı programlardan bir kaçı:","61","","","","https://unityverseacademy.com/urun/desinatorluk-canli-online-egitimi-563/","","","","","","198611","50192","50192","7,438","","3297","737","4,474","15,723","Very Hard","13,723","1","2","","14","4","0","2,300","75","43","0","12","12","0","","","","","dd51adb80a70792a97ea8344239e300e","0,293","","","","","tr","1.1","","","","","","https://unityverseacademy.com/urun/desinatorluk-canli-online-egitimi-563/","2026-07-30 13:41:00"
"https://unityverseacademy.com/sayfa/iptal-ve-iade-kosullari-28/","text/html; charset=utf-8","200","OK","Indexable","","İptal ve İade Koşulları","23","191","İptal ve İade Koşulları","23","132","İptal ve İade Koşulları","23","İptal ve İade Koşulları","23","","0","","0","","0","","","","https://unityverseacademy.com/sayfa/iptal-ve-iade-kosullari-28/","","","","","","93112","23442","23442","3,474","","535","128","4,180","34,025","Hard","5,275","1","2","","176","174","0","100,000","64","40","0","7","7","0","","","","","6f53fe377507d1274a9ae57046b0bb27","0,078","","","","","tr","1.1","","","","","","https://unityverseacademy.com/sayfa/iptal-ve-iade-kosullari-28/","2026-07-30 13:41:00"
"https://unityverseacademy.com/kategori/oyun-gelistirme-egitimleri-244/","text/html; charset=utf-8","200","OK","Indexable","","Oyun Geliştirme Eğitimleri","26","233","Oyun sektörü hızla büyüyor. Eğer sende bu büyümeye ayak uydurmak istiyorsan bizimle hemen iletişime geç.","104","666","","0","Oyun Geliştirme Eğitimleri","26","","0","","0","","0","","","","https://unityverseacademy.com/kategori/oyun-gelistirme-egitimleri-244/","","","","","","174997","30589","30589","4,533","","971","274","3,544","62,441","Normal","4,126","1","2","","422","174","0","100,000","154","65","0","7","7","0","","","","","c92d54c31a3f979d289657324a9b8d4","0,381","","","","","tr","1.1","","","","","","https://unityverseacademy.com/kategori/oyun-gelistirme-egitimleri-244/","2026-07-30 13:41:00"
"https://unityverseacademy.com/sayfa/uyelik-sozlesmesi-ve-gizlilik-politikasi-27/","text/html; charset=utf-8","200","OK","Indexable","","Üyelik Sözleşmesi ve Gizlilik Politikası","40","338","Üyelik Sözleşmesi ve Gizlilik Politikası","40","226","Üyelik Sözleşmesi ve Gizlilik Politikası","40","Üyelik Sözleşmesi ve Gizlilik Politikası","40","","0","Google ile Giriş Hakkında Bilgilendirme","39","","0","","","","https://unityverseacademy.com/sayfa/uyelik-sozlesmesi-ve-gizlilik-politikasi-27/","","","","","","128972","34767","34767","5,152","","4217","790","5,338","0,000","Very Hard","28,555","1","2","","177","174","0","100,000","65","40","0","8","8","0","","","","","563bf1db9e235d1ce9b4a4e65871954d","0,358","","","","","tr","1.1","","","","","","https://unityverseacademy.com/sayfa/uyelik-sozlesmesi-ve-gizlilik-politikasi-27/","2026-07-30 13:41:01"
"https://unityverseacademy.com/urun/unity-ile-oyun-gelistirme-canli-online-egitimi-staj-garantili-17/","text/html; charset=utf-8","200","OK","Indexable","","Unity Oyun Geliştirme Kursu Online | Staj Garantili","51","443","Staj garantili Unity oyun geliştirme online kursu. Canlı derslerle C# programlama ve Unity ile 2D/3D oyun geliştirmeyi öğrenin. Hemen kayıt olun!","145","876","unity oyun geliştirme kursu, online oyun geliştirme eğitimi, C# Unity eğitimi, staj garantili oyun kursu","104","Unity ile Oyun Geliştirme Kursu – Online Canlı Eğitim (Staj Garantili)","70","","0","Unity ile Oyun Geliştirme Online Kursu – Staj Garantili C# Eğitimi","66","Ne Öğreneceğim?","15","","","","https://unityverseacademy.com/urun/unity-ile-oyun-gelistirme-canli-online-egitimi-staj-garantili-17/","","","","","","229353","55658","55658","8,249","","4528","877","5,163","12,721","Very Hard","16,245","1","2","","28","4","0","2,300","87","44","0","15","15","0","","","","","6f7ee6507dbcfe015a864d9d9f03ee8","0,103","","","","","tr","1.1","","","","","","https://unityverseacademy.com/urun/unity-ile-oyun-gelistirme-canli-online-egitimi-staj-garantili-17/","2026-07-30 13:41:01"
"https://unityverseacademy.com/kategori/mimarlik-egitimleri-259/","text/html; charset=utf-8","200","OK","Indexable","","Mimarlık Eğitimleri","19","168","Mimarlık Eğitimleri","19","113","","0","Mimarlık Eğitimleri","19","","0","","0","","0","","","","https://unityverseacademy.com/kategori/mimarlik-egitimleri-259/","","","","","","173306","30421","30421","4,508","","859","273","3,147","60,245","Normal","3,842","1","2","","415","174","0","100,000","154","65","0","7","7","0","","","","","7caa7bc6c9c8dd7e2aeaea66adda56a9","0,329","","","","","tr","1.1","","","","","","https://unityverseacademy.com/kategori/mimarlik-egitimleri-259/","2026-07-30 13:41:01"
"https://unityverseacademy.com/sayfa/hakkimizda-25/","text/html; charset=utf-8","200","OK","Indexable","","Hakkımızda","10","105","HAKKIMIZDA","10","83","HAKKIMIZDA","10","HAKKIMIZDA","10","","0","UNITYVERSE ACADEMY","18","Biz kimiz?","10","","","","https://unityverseacademy.com/sayfa/hakkimizda-25/","","","","","","102638","25631","25631","3,799","","926","208","4,452","2,328","Very Hard","8,406","1","2","","350","174","0","100,000","64","40","0","7","7","0","","","","","d34a995b3830ca777d103eacd211b1e9","0,272","","","","","tr","1.1","","","","","","https://unityverseacademy.com/sayfa/hakkimizda-25/","2026-07-30 13:41:01"
"https://unityverseacademy.com/blog-detay/suleyman-ozgonul-oyun-gelistiricilikte-zirveye-giden-yol-129/","text/html; charset=utf-8","200","OK","Indexable","","Süleyman Özgönül: Oyun Geliştiricilikte Zirveye Giden Yol","57","508","Süleyman Özgönül: Oyun Geliştiricilikte Zirveye Giden Yol","57","347","unreal engine,","14","Süleyman Özgönül: Oyun Geliştiricilikte Zirveye Giden Yol","57","","0","Süleyman Özgönül: Oyun Geliştiricilikte Zirveye Giden Yol","57","Unityverse Academy Farkı","24","","","","https://unityverseacademy.com/blog-detay/suleyman-ozgonul-oyun-gelistiricilikte-zirveye-giden-yol-129/","","","","","","97261","24718","24718","3,663","","552","137","4,029","32,626","Hard","5,072","1","2","","8","3","0","1,720","76","52","0","8","8","0","","","","","e62e3da9bce2073210ecf0066ac79a9b","0,087","","","","","tr","1.1","","","","","","https://unityverseacademy.com/blog-detay/suleyman-ozgonul-oyun-gelistiricilikte-zirveye-giden-yol-129/","2026-07-30 13:41:02"
"https://unityverseacademy.com/urun/profesyonel-3b-modelleme-dijital-sanat-programi-online-1/","text/html; charset=utf-8","200","OK","Indexable","","Profesyonel 3D Modelleme Kursu Online | 3D Artist","49","452","Profesyonel 3D modelleme ve dijital sanat kapsamlı online programı. 3D generalist olarak sektöre hazırlanın!","108","662","3D modelleme kursu online, profesyonel 3D eğitimi, 3D generalist programı, dijital sanat kursu, 3D artist olma, kapsamlı 3D kursu","129","Profesyonel 3D Modelleme & Dijital Sanat Kursu – Kapsamlı Online (3D Generalist Programı)","89","","0","Profesyonel 3D Modelleme ve Dijital Sanat Uzmanlık Programı – 3D Generalist Yetiştirme (Online)","95","Profesyonel 3B Modelleme & Dijital Sanat Programı","49","","","","https://unityverseacademy.com/urun/profesyonel-3b-modelleme-dijital-sanat-programi-online-1/","","","","","","188304","46885","46885","6,948","","2580","551","4,682","7,338","Very Hard","11,666","1","2","","13","4","0","2,300","74","45","0","12","12","0","","","","","9e241ca6b517ba54c4a4f7e328dc652b","0,257","","","","","tr","1.1","","","","","","https://unityverseacademy.com/urun/profesyonel-3b-modelleme-dijital-sanat-programi-online-1/","2026-07-30 13:41:01"
"https://unityverseacademy.com/kategori/mimarlik-egitimleri-ozel-ders-274/","text/html; charset=utf-8","200","OK","Indexable","","Mimarlık Eğitimleri Özel Ders","29","259","Mimarlık Eğitimleri Özel Ders, Özel Dersler","43","253","","0","Mimarlık Eğitimleri Özel Ders","29","","0","","0","","0","","","","https://unityverseacademy.com/kategori/mimarlik-egitimleri-ozel-ders-274/","","","","","","120844","27446","27446","4,067","","481","160","3,006","72,399","Fairly Easy","3,396","1","2","","183","174","0","100,000","88","41","0","7","7","0","","","","","33ca3ecc954123e76918fed339c64e38","0,086","","","","","tr","1.1","","","","","","https://unityverseacademy.com/kategori/mimarlik-egitimleri-ozel-ders-274/","2026-07-30 13:41:02"
"https://unityverseacademy.com/blog-detay/filiz-tumuklunun-yazilim-test-otomasyonu-egitimi-ve-kariyer-basarisi-90/","text/html; charset=utf-8","200","OK","Indexable","","Filiz Tümüklü’nün Yazılım Test Otomasyonu Eğitimi ve Kariyer Başarısı","69","627","Filiz Tümüklü’nün Yazılım Test Otomasyonu Eğitimi ve Kariyer Başarısı","69","431","unreal engine,","14","Filiz Tümüklü’nün Yazılım Test Otomasyonu Eğitimi ve Kariyer Başarısı","69","","0","","0","","0","","","","https://unityverseacademy.com/blog-detay/filiz-tumuklunun-yazilim-test-otomasyonu-egitimi-ve-kariyer-basarisi-90/","","","","","","99807","25380","25380","3,761","","781","162","4,821","30,359","Hard","6,654","1","2","","5","2","0","1,150","76","52","0","8","8","0","","","","","9cf41cc260dd6b9f05db0d7b7fed8fc","0,303","","","","","tr","1.1","","","","","","https://unityverseacademy.com/blog-detay/filiz-tumuklunun-yazilim-test-otomasyonu-egitimi-ve-kariyer-basarisi-90/","2026-07-30 13:41:02"
"https://unityverseacademy.com/kategori/dijital-pazarlama-egitimleri-255/","text/html; charset=utf-8","200","OK","Indexable","","Dijital Pazarlama Eğitimleri","28","243","Dijital Pazarlama Eğitimleri","28","165","","0","Dijital Pazarlama Eğitimleri","28","","0","","0","","0","","","","https://unityverseacademy.com/kategori/dijital-pazarlama-egitimleri-255/","","","","","","127795","28415","28415","4,211","","522","172","3,035","63,403","Normal","3,470","1","2","","382","174","0","100,000","94","45","0","7","7","0","","","","","12f5e71f57ea4a1fe97c5a8130c1e195","0,277","","","","","tr","1.1","","","","","","https://unityverseacademy.com/kategori/dijital-pazarlama-egitimleri-255/","2026-07-30 13:41:02"
"https://unityverseacademy.com/kategori/ozel-dersler-256/","text/html; charset=utf-8","200","OK","Indexable","","Özel Dersler","12","109","Özel Dersler","12","73","","0","Özel Dersler","12","","0","","0","","0","","","","https://unityverseacademy.com/kategori/ozel-dersler-256/","","","","","","158549","29892","29892","4,430","","750","253","2,964","59,781","Fairly Hard","3,758","1","2","","425","174","0","100,000","136","59","0","7","7","0","","","","","fb976026a4d2dba19e31e98cd66052ea","0,268","","","","","tr","1.1","","","","","","https://unityverseacademy.com/kategori/ozel-dersler-256/","2026-07-30 13:41:02"
"https://unityverseacademy.com/urun/2b-cizgi-film-ve-animasyon-uzmanligi-canli-online-egitimi-565/","text/html; charset=utf-8","200","OK","Indexable","","2B Çizgi Film ve Animasyon Uzmanlığı Canlı (Online) Eğitimi","59","533","2B Çizgi Film ve Animasyon Uzmanlığı Canlı (Online) Eğitimi, katılımcılara 2D animasyonun temellerini öğretirken, yaratıcı ve teknik becerilerini geliştirmelerine yardımcı olan kapsamlı bir eğitim programıdır. Bu eğitimde, 2B animasyo","234","1407","2B Animasyon, Çizgi Film, Animasyon Eğitimi, Online Eğitim, 2D Animasyon, Çizgi Film Tasarımı, Animasyon Uzmanlığı, Storyboard Hazırlama, Hareketli Grafikler, Karakter Tasarımı, Animasyon Teknikleri, 2B Animasyon Eğitimi, Çizgi Film Eğitimi, Yaratıcı Animasyon, Animasyon Yazılımları, 2D Proje Tasarımı, Çizim ve Animasyon, Görsel İletişim, Dijital Animasyon, Çizgi Film Yapımı.","378","2B Çizgi Film ve Animasyon Uzmanlığı Canlı (Online) Eğitimi","59","","0","2B Çizgi Film ve Animasyon Uzmanlığı Eğitimi Eğitmen: Nevin Eryılmaz (CV için tıklayınız.) Nevin Eryılmaz, geleneksel ve dijital tasarım alanlarındaki 20 yılı aşkın sektör deneyimi yanı sıra, İstinye Üniversitesi'nde Bilgisayar Destekli Tasarım ve Animasyon önlisans ve Dijital Oyun Tasarımı lisans programlarının kurucusudur. Üniversitenin Dijital Oyun Tasarımı bölümündeki tasarım ve yazılım merkezli eğitim anlayışının öncüsü olmakla beraber, 2021 yılında aynı üniversitede Türkiye'nin ilk YÖK onaylı Dijital Oyun Araştırma Merkezi olan Dijital Oyun Geliştirme ve Animasyon Araştırma Uygulama Merkezi'ni kurmuştur ve iki sene boyunca Merkez Müdürü olarak görev almıştır. Merkez'de üniversitenin Animasyon ve Dijital Oyun Tasarımı programlarındaki öğrencilerin kendi oyunlarını geliştirerek oyun marketlerinde yayınlaması ve ticarileşmeleri desteklenmiştir. Eryılmaz'ın sektör ve akademi deneyimli kadrosunun etkisi ile, İstinye Üniversitesi Dijital Oyun Tasarımı bölümü iki senede Türkiye'nin ilk tercih edilen 3 üniversitesi arasına yerleşmiştir. Eryılmaz'ın Milli Eğitim Bakanlığı ve çeşitli dijital oyun şirketleri ortaklığında gerçekleşen proje ve çalışmaları devam etmektedir.","1184","Öğr. Gör. Nevin Eryılmaz'ın katıldığı programlardan bir kaçı:","61","","","","https://unityverseacademy.com/urun/2b-cizgi-film-ve-animasyon-uzmanligi-canli-online-egitimi-565/","","","","","","213419","66121","66121","9,799","","2502","522","4,793","5,483","Very Hard","9,919","1","2","","51","4","0","2,300","113","44","0","13","12","0","","","","","7a79524a5d0088c61d3794a432d8f020","0,081","","","","","tr","1.1","","","","","","https://unityverseacademy.com/urun/2b-cizgi-film-ve-animasyon-uzmanligi-canli-online-egitimi-565/","2026-07-30 13:41:02"
"https://unityverseacademy.com/os/KARIYER-14/","text/html; charset=utf-8","200","OK","Non-Indexable","Canonicalised","KARIYER iŞ","10","100","KARIYER","7","56","KARIYER iŞ","10","","0","","0","","0","","0","","","","https://unityverseacademy.com/os/kariyer-is-14/","","","","","","97750","24132","24132","3,576","","251","83","3,024","55,463","Fairly Hard","2,683","1","2","","172","170","0","97,700","63","40","0","7","7","0","","","","","23972be48667a277d0f14e448a14d777","0,074","","","","","tr","1.1","","","","","","https://unityverseacademy.com/os/KARIYER-14/","2026-07-30 13:41:02"
"https://unityverseacademy.com/blog-detay/burak-ercayanin-yazilim-test-otomasyonu-egitimi-ve-testiniumdaki-isi-88/","text/html; charset=utf-8","200","OK","Indexable","","Burak Erçayan’ın Yazılım Test Otomasyonu Eğitimi ve Testinium’daki İşi","70","634","Burak Erçayan’ın Yazılım Test Otomasyonu Eğitimi ve Testinium’daki İşi","70","438","unreal engine,","14","Burak Erçayan’ın Yazılım Test Otomasyonu Eğitimi ve Testinium’daki İşi","70","","0","","0","","0","","","","https://unityverseacademy.com/blog-detay/burak-ercayanin-yazilim-test-otomasyonu-egitimi-ve-testiniumdaki-isi-88/","","","","","","99536","25321","25321","3,753","","762","161","4,733","21,729","Very Hard","6,702","1","2","","8","2","0","1,150","76","52","0","7","7","0","","","","","1dcde5173ed63451be3fc9d5b5cdf793","0,317","","","","","tr","1.1","","","","","","https://unityverseacademy.com/blog-detay/burak-ercayanin-yazilim-test-otomasyonu-egitimi-ve-testiniumdaki-isi-88/","2026-07-30 13:41:02"
"https://unityverseacademy.com/sayfa/kisisel-verilerin-korunmasi-hakkinda-aydinlatma-bildirimi-29/","text/html; charset=utf-8","200","OK","Indexable","","Kişisel Verilerin Korunması Hakkında Aydınlatma Bildirimi","57","513","Kişisel Verilerin Korunması Hakkında Aydınlatma Bildirimi","57","351","Kişisel Verilerin Korunması Hakkında Aydınlatma Bildirimi","57","Kişisel Verilerin Korunması Hakkında Aydınlatma Bildirimi","57","","0","","0","","0","","","","https://unityverseacademy.com/sayfa/kisisel-verilerin-korunmasi-hakkinda-aydinlatma-bildirimi-29/","","","","","","113885","28033","28033","4,154","","2534","461","5,497","0,000","Very Hard","19,860","1","2","","176","174","0","100,000","64","40","0","7","7","0","","","","","e680af4a43205ae91144e53c6f20d140","0,264","","","","","tr","1.1","","","","","","https://unityverseacademy.com/sayfa/kisisel-verilerin-korunmasi-hakkinda-aydinlatma-bildirimi-29/","2026-07-30 13:41:02"
"https://unityverseacademy.com/blog-detay/elif-arslanin-yazilim-gelistirici-olarak-ayakkabi-dunyasindaki-baslangici-94/","text/html; charset=utf-8","200","OK","Indexable","","Elif Arslan'ın Yazılım Geliştirici Olarak Ayakkabı Dünyası'ndaki Başlangıcı","75","639","Elif Arslan","11","62","unreal engine,","14","Elif Arslan'ın Yazılım Geliştirici Olarak Ayakkabı Dünyası'ndaki Başlangıcı","75","","0","","0","","0","","","","https://unityverseacademy.com/blog-detay/elif-arslanin-yazilim-gelistirici-olarak-ayakkabi-dunyasindaki-baslangici-94/","","","","","","97623","24802","24802","3,676","","558","135","4,133","33,440","Hard","5,186","1","2","","8","2","0","1,150","76","52","0","8","8","0","","","","","be4ee1b16fe99a622a5e02cf002bad50","0,092","","","","","tr","1.1","","","","","","https://unityverseacademy.com/blog-detay/elif-arslanin-yazilim-gelistirici-olarak-ayakkabi-dunyasindaki-baslangici-94/","2026-07-30 13:41:02"
"https://unityverseacademy.com/kategori/muhasebe-ve-ofis-egitimleri-258/","text/html; charset=utf-8","200","OK","Indexable","","Muhasebe ve Ofis Eğitimleri","27","250","Muhasebe ve Ofis Eğitimleri","27","170","","0","Muhasebe ve Ofis Eğitimleri","27","","0","","0","","0","","","","https://unityverseacademy.com/kategori/muhasebe-ve-ofis-egitimleri-258/","","","","","","133827","28621","28621","4,242","","560","186","3,011","65,549","Normal","3,465","1","2","","388","174","0","100,000","103","48","0","7","7","0","","","","","c650b60b8d16ae890de3b50112f39083","0,271","","","","","tr","1.1","","","","","","https://unityverseacademy.com/kategori/muhasebe-ve-ofis-egitimleri-258/","2026-07-30 13:41:02"
"https://unityverseacademy.com/blog-detay/oguzhan-durakin-grafik-tasarim-ve-video-kurgu-alanindaki-yolculugu-100/","text/html; charset=utf-8","200","OK","Indexable","","Oğuzhan Durak'ın Grafik Tasarım ve Video Kurgu Alanındaki Yolculuğu","67","623","Oğuzhan Durak","13","97","unreal engine,","14","Oğuzhan Durak'ın Grafik Tasarım ve Video Kurgu Alanındaki Yolculuğu","67","","0","","0","","0","","","","https://unityverseacademy.com/blog-detay/oguzhan-durakin-grafik-tasarim-ve-video-kurgu-alanindaki-yolculugu-100/","","","","","","98409","25108","25108","3,721","","683","150","4,553","35,491","Hard","5,939","1","2","","11","3","0","1,720","76","52","0","8","8","0","","","","","f49be47314b4d176d2780fd2d198e86c","0,261","","","","","tr","1.1","","","","","","https://unityverseacademy.com/blog-detay/oguzhan-durakin-grafik-tasarim-ve-video-kurgu-alanindaki-yolculugu-100/","2026-07-30 13:41:02"
"https://unityverseacademy.com/sayfa/mesafeli-satis-sozlesmesi-26/","text/html; charset=utf-8","200","OK","Indexable","","Mesafeli Satış Sözleşmesi","25","235","Mesafeli Satış Sözleşmesi","25","158","Mesafeli Satış Sözleşmesi","25","Mesafeli Satış Sözleşmesi","25","","0","","0","","0","","","","https://unityverseacademy.com/sayfa/mesafeli-satis-sozlesmesi-26/","","","","","","123437","32611","32611","4,833","","3886","677","5,740","12,825","Very Hard","25,836","1","2","","176","174","0","100,000","68","40","0","7","7","0","","","","","6df8eb2d41b23f95da698cbfa94b509e","0,075","","","","","tr","1.1","","","","","","https://unityverseacademy.com/sayfa/mesafeli-satis-sozlesmesi-26/","2026-07-30 13:41:03"
"https://unityverseacademy.com/urun/2b-oyun-karakter-tasarimi-ve-animasyon-canli-online-egitimi-553/","text/html; charset=utf-8","200","OK","Indexable","","2B Oyun Karakter Tasarımı ve Animasyon Canlı (Online) Eğitimi","61","562","2B Oyun Karakter Tasarımı ve Animasyon Canlı (Online) Eğitimi, oyun geliştirme ve animasyon alanlarında kariyer yapmak isteyenler için kapsamlı bir eğitim programıdır. Bu eğitim, katılımcılara 2B oyun karakterlerinin tasarımını ve animas","237","1452","2B Oyun Karakter Tasarımı, Oyun Karakteri, 2B Animasyon, Canlı Online Eğitim, Oyun Tasarımı, Karakter Animasyonu, 2D Animasyon, Oyun Animasyonu, Karakter Rigging, Animasyon Döngüsü, Adobe Photoshop, Spine Animasyonu, Oyun Geliştirme, Dijital Karakter Tasarımı, Karakter Tasarımı Eğitimi, Oyun Tasarımı Eğitimi, 2D Animasyon Eğitimi, Oyun Endüstrisi, Oyun Animatörü, Animatör Eğitimi","382","2B Oyun Karakter Tasarımı ve Animasyon Canlı (Online) Eğitimi","61","","0","2B Oyun Karakter Tasarımı ve Animasyon Eğitimi Eğitmen: Nevin Eryılmaz (CV için tıklayınız.) Nevin Eryılmaz, geleneksel ve dijital tasarım alanlarındaki 20 yılı aşkın sektör deneyimi yanı sıra, İstinye Üniversitesi'nde Bilgisayar Destekli Tasarım ve Animasyon önlisans ve Dijital Oyun Tasarımı lisans programlarının kurucusudur. Üniversitenin Dijital Oyun Tasarımı bölümündeki tasarım ve yazılım merkezli eğitim anlayışının öncüsü olmakla beraber, 2021 yılında aynı üniversitede Türkiye'nin ilk YÖK onaylı Dijital Oyun Araştırma Merkezi olan Dijital Oyun Geliştirme ve Animasyon Araştırma Uygulama Merkezi'ni kurmuştur ve iki sene boyunca Merkez Müdürü olarak görev almıştır. Merkez'de üniversitenin Animasyon ve Dijital Oyun Tasarımı programlarındaki öğrencilerin kendi oyunlarını geliştirerek oyun marketlerinde yayınlaması ve ticarileşmeleri desteklenmiştir. Eryılmaz'ın sektör ve akademi deneyimli kadrosunun etkisi ile, İstinye Üniversitesi Dijital Oyun Tasarımı bölümü iki senede Türkiye'nin ilk tercih edilen 3 üniversitesi arasına yerleşmiştir. Eryılmaz'ın Milli Eğitim Bakanlığı ve çeşitli dijital oyun şirketleri ortaklığında gerçekleşen proje ve çalışmaları devam etmektedir.","1186","Öğr. Gör. Nevin Eryılmaz'ın katıldığı programlardan bir kaçı:","61","","","","https://unityverseacademy.com/urun/2b-oyun-karakter-tasarimi-ve-animasyon-canli-online-egitimi-553/","","","","","","219962","66310","66310","9,827","","2710","548","4,945","6,611","Very Hard","10,385","1","2","","52","4","0","2,300","113","43","0","14","13","0","","","","","d6249121118c7e745fca7febc6e2d561","0,285","","","","","tr","1.1","","","","","","https://unityverseacademy.com/urun/2b-oyun-karakter-tasarimi-ve-animasyon-canli-online-egitimi-553/","2026-07-30 13:41:02"
"https://unityverseacademy.com/blog-detay/berkay-kurt-multiplayer-oyun-gelistiriciliginde-bir-yildiz-130/","text/html; charset=utf-8","200","OK","Indexable","","Berkay Kurt: Multiplayer Oyun Geliştiriciliğinde Bir Yıldız","59","492","Berkay Kurt: Multiplayer Oyun Geliştiriciliğinde Bir Yıldız","59","338","unreal engine,","14","Berkay Kurt: Multiplayer Oyun Geliştiriciliğinde Bir Yıldız","59","","0","Berkay Kurt: Multiplayer Oyun Geliştiriciliğinde Bir Yıldız LinkedIn hesabı için buraya tıklayınız.","99","Unityverse Academy Farkı","24","","","","https://unityverseacademy.com/blog-detay/berkay-kurt-multiplayer-oyun-gelistiriciliginde-bir-yildiz-130/","","","","","","97132","24659","24659","3,654","","535","134","3,993","33,266","Hard","4,932","1","2","","8","3","0","1,720","76","52","0","8","8","0","","","","","d1abadf1bb7b1d135a9bf42a10644044","0,247","","","","","tr","1.1","","","","","","https://unityverseacademy.com/blog-detay/berkay-kurt-multiplayer-oyun-gelistiriciliginde-bir-yildiz-130/","2026-07-30 13:41:03"
"https://unityverseacademy.com/blog-detay/fatih-yilmazin-yazilim-yolculugu-ve-lufthansadaki-basarisi-91/","text/html; charset=utf-8","200","OK","Indexable","","Fatih Yılmaz’ın Yazılım Yolculuğu ve Lufthansa’daki Başarısı","60","532","Fatih Yılmaz’ın Yazılım Yolculuğu ve Lufthansa’daki Başarısı","60","368","unreal engine,","14","Fatih Yılmaz’ın Yazılım Yolculuğu ve Lufthansa’daki Başarısı","60","","0","","0","","0","","","","https://unityverseacademy.com/blog-detay/fatih-yilmazin-yazilim-yolculugu-ve-lufthansadaki-basarisi-91/","","","","","","100108","25572","25572","3,790","","832","173","4,809","33,364","Hard","7,018","1","2","","8","2","0","1,150","76","52","0","7","7","0","","","","","e90e63630cf252e4d386398ebb5ceea","0,104","","","","","tr","1.1","","","","","","https://unityverseacademy.com/blog-detay/fatih-yilmazin-yazilim-yolculugu-ve-lufthansadaki-basarisi-91/","2026-07-30 13:41:03"
"https://unityverseacademy.com/kategori/3d-modelleme-ozel-ders-273/","text/html; charset=utf-8","200","OK","Indexable","","3D Modelleme Özel Ders","22","220","3D Modelleme Özel Ders, Özel Dersler","36","227","","0","3D Modelleme Özel Ders","22","","0","","0","","0","","","","https://unityverseacademy.com/kategori/3d-modelleme-ozel-ders-273/","","","","","","121137","27549","27549","4,083","","477","159","3,000","75,560","Fairly Easy","3,333","1","2","","183","174","0","100,000","88","41","0","7","7","0","","","","","c3ca1926bf4d914adce2eb9356f67487","0,278","","","","","tr","1.1","","","","","","https://unityverseacademy.com/kategori/3d-modelleme-ozel-ders-273/","2026-07-30 13:41:03"
"https://unityverseacademy.com/tum-urunler/","text/html; charset=utf-8","200","OK","Indexable","","Tüm Ürünler","11","111","Tüm Ürünler","11","76","Tüm Ürünler","11","Tüm Ürünler","11","","0","","0","","0","","","","https://unityverseacademy.com/tum-urunler/","","","","","","722115","54517","54517","8,079","","5788","1567","3,694","57,009","Fairly Hard","5,365","1","1","","217","170","0","97,700","884","309","0","7","7","0","","","","","bcd26e74560ed393e183e37d484eeddd","0,307","","","","","tr","1.1","","","","","","https://unityverseacademy.com/tum-urunler/","2026-07-30 13:41:03"
"https://unityverseacademy.com/blog-detay/basari-hikâyesi-melike-cetinin-lc-waikikideki-doku-kaplama-ve-desen-tasarimi-yolculugu-105/","text/html; charset=utf-8","301","Moved Permanently","Non-Indexable","Redirected","","0","0","","0","0","","0","","0","","0","","0","","0","","","","","","","","","","47","47","47","0,007","","0","","","","","0,000","1","2","","9","2","0","1,150","0","0","0","0","0","0","","","","","","0,188","","https://unityverseacademy.com/blog/","HTTP Redirect","","","1.1","","","","","","https://unityverseacademy.com/blog-detay/basari-hik%C3%A2yesi-melike-cetinin-lc-waikikideki-doku-kaplama-ve-desen-tasarimi-yolculugu-105/","2026-07-30 13:41:03"
"https://unityverseacademy.com/kategori/endustriyel-urun-tasarim-egitimleri-253/","text/html; charset=utf-8","200","OK","Indexable","","Endüstriyel Ürün Tasarım Eğitimleri","35","314","Endüstriyel Ürün Tasarım Eğitimleri","35","216","","0","Endüstriyel Ürün Tasarım Eğitimleri","35","","0","","0","","0","","","","https://unityverseacademy.com/kategori/endustriyel-urun-tasarim-egitimleri-253/","","","","","","135353","28684","28684","4,251","","588","186","3,161","68,381","Normal","3,630","1","2","","378","174","0","100,000","103","48","0","7","7","0","","","","","e1aee902465c322a3f08f4c4b671903f","0,295","","","","","tr","1.1","","","","","","https://unityverseacademy.com/kategori/endustriyel-urun-tasarim-egitimleri-253/","2026-07-30 13:41:03"
"https://unityverseacademy.com/sayfa/kvkk-aydinlatma-metni/","text/html; charset=utf-8","200","OK","Non-Indexable","Canonicalised","Kişisel Verilerin Korunması Hakkında Aydınlatma Bildirimi","57","513","Kişisel Verilerin Korunması Hakkında Aydınlatma Bildirimi","57","351","Kişisel Verilerin Korunması Hakkında Aydınlatma Bildirimi","57","Kişisel Verilerin Korunması Hakkında Aydınlatma Bildirimi","57","","0","","0","","0","","","","https://unityverseacademy.com/sayfa/kisisel-verilerin-korunmasi-hakkinda-aydinlatma-bildirimi-29/","","","","","","113885","28033","28033","4,154","","2534","461","5,497","0,000","Very Hard","19,860","1","2","","4","2","0","1,150","64","41","0","7","7","0","","","","","e680af4a43205ae91144e53c6f20d140","0,088","","","","","tr","1.1","","","","","","https://unityverseacademy.com/sayfa/kvkk-aydinlatma-metni/","2026-07-30 13:41:03"
"https://unityverseacademy.com/kategori/ses-tasarim-egitimleri-251/","text/html; charset=utf-8","200","OK","Indexable","","Ses Tasarımı Yüz Yüze Kursları","30","278","Ses Tasarım Eğitimleri","22","136","","0","Ses Tasarım Eğitimleri","22","","0","","0","","0","","","","https://unityverseacademy.com/kategori/ses-tasarim-egitimleri-251/","","","","","","134241","28614","28614","4,241","","548","186","2,946","63,359","Normal","3,431","1","2","","378","174","0","100,000","103","48","0","7","7","0","","","","","70ed61f0f5c4ede076e7193dcf3df943","0,273","","","","","tr","1.1","","","","","","https://unityverseacademy.com/kategori/ses-tasarim-egitimleri-251/","2026-07-30 13:41:03"
"https://unityverseacademy.com/kategori/yazilim-egitimleri-ozel-ders-268/","text/html; charset=utf-8","200","OK","Indexable","","Yazılım Eğitimleri Özel Ders","28","247","Yazılım Eğitimleri Özel Ders, Özel Dersler","42","244","","0","Yazılım Eğitimleri Özel Ders","28","","0","","0","","0","","","","https://unityverseacademy.com/kategori/yazilim-egitimleri-ozel-ders-268/","","","","","","121326","27563","27563","4,085","","477","159","3,000","73,432","Fairly Easy","3,349","1","2","","183","174","0","100,000","88","41","0","7","7","0","","","","","59319e08efd04a1a9f70fa304d37e739","0,272","","","","","tr","1.1","","","","","","https://unityverseacademy.com/kategori/yazilim-egitimleri-ozel-ders-268/","2026-07-30 13:41:03"
"https://unityverseacademy.com/blog/","text/html; charset=utf-8","200","OK","Indexable","","Blog","4","39","Blog","4","28","Blog","4","Blog","4","","0","Dijital Oyun Tasarımı Bölümü, Bilgiyi Ticarileştirme Merkezi İş Birliğiyle LootJam Gerçekleştirdi","97","Aranan 3D Artist Olma: Yaratıcı Yeteneğinizi Zirveye Taşıyın","60","","","","https://unityverseacademy.com/blog/","","","","","","110864","26298","26298","3,897","","755","191","3,953","32,166","Hard","5,817","1","1","","367","170","0","97,700","122","72","0","7","7","0","","","","","c327b6b3c3fcca4164bd3544ffa7e087","0,233","","","","","tr","1.1","","","","","","https://unityverseacademy.com/blog/","2026-07-30 13:41:04"
"https://unityverseacademy.com/blog-detay/gorkem-tekinin-vakif-katilimdaki-backend-developer-yolculugu-96/","text/html; charset=utf-8","200","OK","Indexable","","Görkem Tekin'in Vakıf Katılım'daki Backend Developer Yolculuğu","62","572","Görkem Tekin","12","85","unreal engine,","14","Görkem Tekin'in Vakıf Katılım'daki Backend Developer Yolculuğu","62","","0","","0","","0","","","","https://unityverseacademy.com/blog-detay/gorkem-tekinin-vakif-katilimdaki-backend-developer-yolculugu-96/","","","","","","97507","24827","24827","3,679","","565","134","4,216","36,500","Hard","5,217","1","2","","5","2","0","1,150","76","52","0","9","9","0","","","","","407de6c5d1b5fc7a7dae0b25d354cd63","0,361","","","","","tr","1.1","","","","","","https://unityverseacademy.com/blog-detay/gorkem-tekinin-vakif-katilimdaki-backend-developer-yolculugu-96/","2026-07-30 13:41:04"
"https://unityverseacademy.com/os/KURUMSAL-EGITIMLER-10/","text/html; charset=utf-8","200","OK","Non-Indexable","Canonicalised","Kurumsal Eğitimler","18","171","KURUMSAL EĞİTİMLER","18","147","KURUMSAL EĞİTİMLER","18","","0","","0","","0","","0","","","","https://unityverseacademy.com/os/kurumsal-egitimler-10/","","","","","","109861","26784","26784","3,969","","718","201","3,572","31,888","Hard","5,722","1","2","","191","170","0","97,700","82","40","0","9","9","0","","","","","e7a4f3b48161e878302c9750c8145a45","0,314","","","","","tr","1.1","","","","","","https://unityverseacademy.com/os/KURUMSAL-EGITIMLER-10/","2026-07-30 13:41:04"
"https://unityverseacademy.com/kategori/grafik-tasarim-ozel-ders-269/","text/html; charset=utf-8","200","OK","Indexable","","Grafik Tasarım Özel Ders","24","224","Grafik Tasarım Özel Ders, Özel Dersler","38","232","","0","Grafik Tasarım Özel Ders","24","","0","","0","","0","","","","https://unityverseacademy.com/kategori/grafik-tasarim-ozel-ders-269/","","","","","","123326","28093","28093","4,163","","497","164","3,030","74,902","Fairly Easy","3,380","1","2","","183","174","0","100,000","91","43","0","7","7","0","","","","","8ba107f1b784a388df5564db6fc8a846","0,081","","","","","tr","1.1","","","","","","https://unityverseacademy.com/kategori/grafik-tasarim-ozel-ders-269/","2026-07-30 13:41:04"
"https://unityverseacademy.com/urun/grafik-tasarim-ve-video-efekt-uzmanligi-canli-online-egitimi-staj-garantili-564/","text/html; charset=utf-8","200","OK","Indexable","","Grafik Tasarım Kursu Online | Staj Garantili","44","383","Staj garantili grafik tasarım kursu ve video efekt uzmanlığı online eğitimi. Photoshop, Illustrator ve After Effects öğrenin!","125","735","grafik tasarım kursu online, video efekt eğitimi, staj garantili grafik kursu, Adobe eğitimi online","99","Grafik Tasarım Kursu & Video Efekt Uzmanlığı – Online Canlı (Staj Garantili)","76","","0","Grafik Tasarım Kursu & Video Efekt Uzmanlığı Online Eğitimi – Staj Garantili","76","","0","","","","https://unityverseacademy.com/urun/grafik-tasarim-ve-video-efekt-uzmanligi-canli-online-egitimi-staj-garantili-564/","","","","","","240181","54576","54576","8,088","","4367","964","4,530","11,320","Very Hard","15,126","1","2","","40","4","0","2,300","102","45","0","12","12","0","","","","","9b5f4ca90e2f594945d1985bf583e452","0,273","","","","","tr","1.1","","","","","","https://unityverseacademy.com/urun/grafik-tasarim-ve-video-efekt-uzmanligi-canli-online-egitimi-staj-garantili-564/","2026-07-30 13:41:04"
"https://unityverseacademy.com/blog-detay/begum-kiroglunun-grafik-tasarim-ve-video-kurgu-alanindaki-yolculugu-98/","text/html; charset=utf-8","200","OK","Indexable","","Begüm Kıroğlu'nun Grafik Tasarım ve Video Kurgu Alanındaki Yolculuğu","68","635","Begüm Kıroğlu","13","91","unreal engine,","14","Begüm Kıroğlu'nun Grafik Tasarım ve Video Kurgu Alanındaki Yolculuğu","68","","0","","0","","0","","","","https://unityverseacademy.com/blog-detay/begum-kiroglunun-grafik-tasarim-ve-video-kurgu-alanindaki-yolculugu-98/","","","","","","98357","25121","25121","3,723","","667","148","4,507","36,358","Hard","5,858","1","2","","8","2","0","1,150","76","52","0","8","8","0","","","","","cb23b7e213541f7c64970ad89300b4ac","0,265","","","","","tr","1.1","","","","","","https://unityverseacademy.com/blog-detay/begum-kiroglunun-grafik-tasarim-ve-video-kurgu-alanindaki-yolculugu-98/","2026-07-30 13:41:04"
"https://unityverseacademy.com/urun/c-programlama-canli-online-egitimi-10/","text/html; charset=utf-8","200","OK","Indexable","","C# Programlama Kursu | Canlı Online Eğitim","42","394","C# (C Sharp) programlama canlı online kursu. Sıfırdan .NET ve nesne yönelimli programlama öğrenin. Hemen kaydolun!","114","733","C# kursu online, C Sharp programlama eğitimi, .NET kursu, C# öğrenme","68","C# (C Sharp) Programlama Kursu – Canlı Online Eğitim","52","","0","C# (C Sharp) Programlama Online Kursu – Sıfırdan .NET Eğitimi","61","C# Kursu | Ne Öğreneceğim?","26","","","","https://unityverseacademy.com/urun/c-programlama-canli-online-egitimi-10/","","","","","","179420","45789","45789","6,786","","2466","518","4,761","9,337","Very Hard","11,801","1","2","","16","4","0","2,300","78","44","0","15","14","0","","","","","c772b5dc371204e761cefb909baf03c5","0,080","","","","","tr","1.1","","","","","","https://unityverseacademy.com/urun/c-programlama-canli-online-egitimi-10/","2026-07-30 13:41:04"
"https://unityverseacademy.com/kategori/dil-egitimleri-257/","text/html; charset=utf-8","200","OK","Indexable","","Dil Eğitimleri","14","113","Dil Eğitimleri","14","75","","0","Dil Eğitimleri","14","","0","","0","","0","","","","https://unityverseacademy.com/kategori/dil-egitimleri-257/","","","","","","124926","28368","28368","4,204","","501","168","2,982","74,122","Fairly Easy","3,376","1","2","","376","174","0","100,000","91","44","0","7","7","0","","","","","a4e53f44ce8c475ebfbb2bbe90efdc71","0,256","","","","","tr","1.1","","","","","","https://unityverseacademy.com/kategori/dil-egitimleri-257/","2026-07-30 13:41:04"
"https://unityverseacademy.com/urun/dijital-oyun-muzigi-teknikleri-canli-online-egitimi-650/","text/html; charset=utf-8","200","OK","Indexable","","Dijital Oyun Müziği Teknikleri Canlı (Online) Eğitimi","53","450","Dijital Oyun Müziği Teknikleri Canlı (Online) Eğitimi, oyun geliştiricileri ve müzik prodüktörleri için özel olarak tasarlanmış bir eğitimdir. Oyun müziklerinin yaratılması, düzenlenmesi ve oyun içindeki atmosferle uyumlu hale getirilmes","237","1396","Oyun Müziği, Dijital Oyun Müzikleri, Oyun Müzikleri Besteleme, Oyun Ses Tasarımı, Oyun Geliştirme, Ses Efektleri, Oyun Müzikleri Düzenleme, Oyun Müzik Prodüksiyonu, Oyun Atmosferi, Müzik ve Ses Entegrasyonu, Canlı Eğitim, Online Eğitim, Oyun Soundtrack","252","Dijital Oyun Müziği Teknikleri Canlı (Online) Eğitimi","53","","0","Eğitimimizden kareler:","22","IMG_50372.jpg","13","","","","https://unityverseacademy.com/urun/dijital-oyun-muzigi-teknikleri-canli-online-egitimi-650/","","","","","","166088","57215","57215","8,479","","305","102","2,990","55,681","Fairly Hard","1,787","1","2","","9","4","0","2,300","69","43","0","11","11","0","","","","","1616205a00baa702b57e3dada1bebdf5","0,257","","","","","tr","1.1","","","","","","https://unityverseacademy.com/urun/dijital-oyun-muzigi-teknikleri-canli-online-egitimi-650/","2026-07-30 13:41:04"
"https://unityverseacademy.com/blog-detay/basari-hikâyesi-gokce-yilmaz-barunun-shopcutebutcreepy-markasiyla-girisimcilik-yolculugu-109/","text/html; charset=utf-8","301","Moved Permanently","Non-Indexable","Redirected","","0","0","","0","0","","0","","0","","0","","0","","0","","","","","","","","","","47","47","47","0,007","","0","","","","","0,000","1","2","","9","2","0","1,150","0","0","0","0","0","0","","","","","","0,216","","https://unityverseacademy.com/blog/","HTTP Redirect","","","1.1","","","","","","https://unityverseacademy.com/blog-detay/basari-hik%C3%A2yesi-gokce-yilmaz-barunun-shopcutebutcreepy-markasiyla-girisimcilik-yolculugu-109/","2026-07-30 13:41:05"
"https://unityverseacademy.com/blog-detay/suat-erizin-ayes-celikteki-yazilim-gelistirici-ve-kalite-kontrol-gorevi-97/","text/html; charset=utf-8","200","OK","Indexable","","Suat Eriz'in AYES Çelik'teki Yazılım Geliştirici ve Kalite Kontrol Görevi","73","612","Suat Eriz","9","55","unreal engine,","14","Suat Eriz'in AYES Çelik'teki Yazılım Geliştirici ve Kalite Kontrol Görevi","73","","0","","0","","0","","","","https://unityverseacademy.com/blog-detay/suat-erizin-ayes-celikteki-yazilim-gelistirici-ve-kalite-kontrol-gorevi-97/","","","","","","97866","24903","24903","3,691","","592","137","4,321","36,536","Hard","5,359","1","2","","11","3","0","1,720","76","52","0","9","9","0","","","","","461de0d389c6cf4a7259195b2973bf66","0,299","","","","","tr","1.1","","","","","","https://unityverseacademy.com/blog-detay/suat-erizin-ayes-celikteki-yazilim-gelistirici-ve-kalite-kontrol-gorevi-97/","2026-07-30 13:41:05"
"https://unityverseacademy.com/urun/grafik-tasarim-ve-video-efekt-uzmanligi-yuz-yuze-egitimi-staj-garantili-613/","text/html; charset=utf-8","200","OK","Indexable","","Grafik Tasarım Kursu Yüz Yüze | Staj Garantili","46","408","Staj garantili grafik tasarım kursu ve video efekt uzmanlığı yüz yüze eğitimi. Sınıf ortamında uygulamalı Adobe eğitimi!","120","721","grafik tasarım kursu yüz yüze, staj garantili tasarım eğitimi, Adobe kursu İstanbul","83","Grafik Tasarım Kursu & Video Efekt Uzmanlığı – Yüz Yüze (Staj Garantili)","72","","0","Grafik Tasarım Kursu & Video Efekt Uzmanlığı Yüz Yüze Eğitimi – Staj Garantili","78","","0","","","","https://unityverseacademy.com/urun/grafik-tasarim-ve-video-efekt-uzmanligi-yuz-yuze-egitimi-staj-garantili-613/","","","","","","233251","52956","52956","7,848","","3772","839","4,496","14,165","Very Hard","13,396","1","2","","43","4","0","2,300","101","45","0","13","12","0","","","","","c01b0a22e25acd30dc68fce4d3f5b292","0,284","","","","","tr","1.1","","","","","","https://unityverseacademy.com/urun/grafik-tasarim-ve-video-efekt-uzmanligi-yuz-yuze-egitimi-staj-garantili-613/","2026-07-30 13:41:05"
"https://unityverseacademy.com/urun/unity-ile-oyun-gelistirme-yuz-yuze-egitimi-staj-garantili-598/","text/html; charset=utf-8","200","OK","Indexable","","Unity Oyun Geliştirme Kursu Yüz Yüze | Staj Garantili","53","468","Staj garantili Unity oyun geliştirme yüz yüze kursu. Sınıf ortamında uygulamalı C# ve Unity eğitimi ile oyun sektörüne hazırlanın.","130","778","unity kursu, yüz yüze oyun geliştirme eğitimi, unity sınıf eğitimi, staj garantili yazılım kursu","96","Unity Oyun Geliştirme Kursu – Yüz Yüze Sınıf Eğitimi (Staj Garantili)","69","","0","Unity Oyun Geliştirme Yüz Yüze Kursu – Staj Garantili Sınıf Eğitimi","67","Ne Öğreneceğim?","15","","","","https://unityverseacademy.com/urun/unity-ile-oyun-gelistirme-yuz-yuze-egitimi-staj-garantili-598/","","","","","","228569","55433","55433","8,215","","4467","870","5,134","12,973","Very Hard","16,082","1","2","","28","4","0","2,300","87","44","0","15","15","0","","","","","597786355281eb8151e6c7fa0a86e8ff","0,298","","","","","tr","1.1","","","","","","https://unityverseacademy.com/urun/unity-ile-oyun-gelistirme-yuz-yuze-egitimi-staj-garantili-598/","2026-07-30 13:41:05"
"https://unityverseacademy.com/urun/blender-3b-oyun-modelleme-canli-online-egitim-2/","text/html; charset=utf-8","200","OK","Indexable","","Blender 3D Oyun Modelleme Kursu | Online Canlı","46","431","Blender ile 3D oyun modelleme canlı online kursu. Karakter, çevre ve prop modelleme öğrenin. Ücretsiz yazılımla 3D artist olun!","127","770","Blender kursu, Blender 3D eğitimi, oyun modelleme kursu online, 3D karakter modelleme, oyun asset modelleme, Blender oyun","121","Blender 3D Oyun Modelleme Kursu – Online Canlı (Karakter & Çevre Asset)","71","","0","Blender ile 3D Oyun Modelleme Kursu – Karakter, Prop ve Çevre Asset Geliştirme (Online Canlı)","93","Ne Öğreneceğim?","15","","","","https://unityverseacademy.com/urun/blender-3b-oyun-modelleme-canli-online-egitim-2/","","","","","","186094","45440","45440","6,734","","2154","454","4,744","11,178","Very Hard","9,822","1","2","","20","4","0","2,300","85","46","0","12","12","0","","","","","725cc39221fc774c544ee74949a320c9","0,269","","","","","tr","1.1","","","","","","https://unityverseacademy.com/urun/blender-3b-oyun-modelleme-canli-online-egitim-2/","2026-07-30 13:41:05"
"https://unityverseacademy.com/urun/yazilim-uzmanligi-yuz-yuze-egitimi-staj-garantili-669/","text/html; charset=utf-8","200","OK","Indexable","","Yazılım Uzmanlığı Yüz Yüze Kursu | Staj Garantili","49","435","Staj garantili yazılım uzmanlığı yüz yüze kursu. Sınıf ortamında uygulamalı yazılım eğitimi ile sektöre hazırlanın.","115","678","yazılım kursu yüz yüze, staj garantili yazılım eğitimi, İstanbul yazılım kursu","78","Full Stack Yazılım Uzmanlığı Kursu – Yüz Yüze (Staj Garantili)","62","","0","Full Stack Yazılım Uzmanlığı Yüz Yüze Kursu – Staj Garantili Sınıf Eğitimi","74","Unityverse Academy'de Ne Öğreneceğim?","37","","","","https://unityverseacademy.com/urun/yazilim-uzmanligi-yuz-yuze-egitimi-staj-garantili-669/","","","","","","241770","57283","57283","8,489","","5084","1143","4,448","20,324","Very Hard","16,927","1","2","","28","5","0","2,870","90","45","0","15","14","0","","","","","db57aad59a2d771fd027615c899e86a9","0,307","","","","","tr","1.1","","","","","","https://unityverseacademy.com/urun/yazilim-uzmanligi-yuz-yuze-egitimi-staj-garantili-669/","2026-07-30 13:41:05"
"https://unityverseacademy.com/kategori/grafik-tasarim-egitimleri-246/","text/html; charset=utf-8","200","OK","Indexable","","Grafik - Tasarım Eğitimleri","27","234","Grafik - Tasarım Eğitimleri","27","159","uzaktan grafik tasarım eğitimi, indesign eğitimi, photoshop, illustrator, grafik, adobe, baskı desen tasarım kursu, baskı desen, tasarım, baskı kursu, desen kursu, desen tasarım, desen tasarım kursu, video effect, kurgu kursu, grafik tasarım ku","244","Grafik - Tasarım Eğitimleri","27","","0","","0","","0","","","","https://unityverseacademy.com/kategori/grafik-tasarim-egitimleri-246/","","","","","","238555","32956","32956","4,884","","1570","431","3,643","61,689","Normal","4,641","1","2","","401","174","0","100,000","241","94","0","7","7","0","","","","","ea218231a33dcb10485c1ab8c9c8e9a6","0,430","","","","","tr","1.1","","","","","","https://unityverseacademy.com/kategori/grafik-tasarim-egitimleri-246/","2026-07-30 13:41:05"
"https://unityverseacademy.com/blog-detay/enes-bugra-cengizin-full-stack-developer-yolculugu-93/","text/html; charset=utf-8","200","OK","Indexable","","Enes Buğra Cengiz'in Full Stack Developer Yolculuğu","51","464","Enes Buğra Cengiz","17","116","unreal engine,","14","Enes Buğra Cengiz'in Full Stack Developer Yolculuğu","51","","0","","0","","0","","","","https://unityverseacademy.com/blog-detay/enes-bugra-cengizin-full-stack-developer-yolculugu-93/","","","","","","97585","24829","24829","3,680","","578","141","4,099","34,060","Hard","5,241","1","2","","8","2","0","1,150","76","52","0","9","9","0","","","","","b31df65b9f2bb9c6ddc2596b5a5bc715","0,285","","","","","tr","1.1","","","","","","https://unityverseacademy.com/blog-detay/enes-bugra-cengizin-full-stack-developer-yolculugu-93/","2026-07-30 13:41:05"
"https://unityverseacademy.com/kategori/matematik-ozel-ders-267/","text/html; charset=utf-8","200","OK","Indexable","","Matematik Özel Ders","19","188","Matematik Özel Ders, Özel Dersler","33","207","","0","Matematik Özel Ders","19","","0","","0","","0","","","","https://unityverseacademy.com/kategori/matematik-ozel-ders-267/","","","","","","120572","27429","27429","4,065","","477","160","2,981","73,451","Fairly Easy","3,369","1","2","","183","174","0","100,000","88","41","0","7","7","0","","","","","d508de94bdde9d4f6394949a614966af","0,076","","","","","tr","1.1","","","","","","https://unityverseacademy.com/kategori/matematik-ozel-ders-267/","2026-07-30 13:41:06"
"https://unityverseacademy.com/urun/yazilim-test-otomasyonu-egitimi-canli-online-egitimi-staj-garantili-7/","text/html; charset=utf-8","200","OK","Indexable","","Test Otomasyon Kursu Online | Staj Garantili QA","47","429","Staj garantili yazılım test otomasyon online kursu. Selenium, API test ve QA süreçlerini öğrenin, SDET kariyerine başlayın!","123","737","test otomasyon kursu staj garantili, QA engineer eğitimi, SDET bootcamp, yazılım tester kursu","93","Yazılım Test Otomasyon Kursu – Online Canlı (Staj Garantili) QA & SDET","70","","0","Yazılım Test Otomasyon Online Kursu – Staj Garantili QA & SDET Eğitimi","70","Ne Öğreneceğim","14","","","","https://unityverseacademy.com/urun/yazilim-test-otomasyonu-egitimi-canli-online-egitimi-staj-garantili-7/","","","","","","207881","51795","51795","7,676","","3974","763","5,208","8,271","Very Hard","16,196","1","2","","27","5","0","2,870","87","45","0","13","13","0","","","","","ae9ed06e92bf6ee78a81e0812026ccc3","0,285","","","","","tr","1.1","","","","","","https://unityverseacademy.com/urun/yazilim-test-otomasyonu-egitimi-canli-online-egitimi-staj-garantili-7/","2026-07-30 13:41:06"
"https://unityverseacademy.com/sayfa/iletisim-5/","text/html; charset=utf-8","200","OK","Non-Indexable","Canonicalised","İLETİŞİM BİLGİLERİ","18","169","İLETİŞİM BİLGİLERİ","18","123","İLETİŞİM BİLGİLERİ","18","İLETİŞİM BİLGİLERİ","18","","0","","0","","0","","","","https://unityverseacademy.com/sayfa/iletisim-bilgileri-5/","","","","","","94360","23243","23243","3,445","","327","114","2,868","56,973","Fairly Hard","3,351","1","2","","176","174","0","100,000","64","40","0","7","7","0","","","","","ec1ea336d52ed77bfa316d25dfd46987","0,074","","","","","tr","1.1","","","","","","https://unityverseacademy.com/sayfa/iletisim-5/","2026-07-30 13:41:06"
"https://unityverseacademy.com/kategori/oyun-gelistirme-ozel-ders-272/","text/html; charset=utf-8","200","OK","Indexable","","Oyun Geliştirme Özel Ders","25","234","Oyun Geliştirme Özel Ders, Özel Dersler","39","238","","0","Oyun Geliştirme Özel Ders","25","","0","","0","","0","","","","https://unityverseacademy.com/kategori/oyun-gelistirme-ozel-ders-272/","","","","","","123806","28165","28165","4,174","","497","164","3,030","73,710","Fairly Easy","3,376","1","2","","184","174","0","100,000","91","43","0","7","7","0","","","","","570ab84e1421809486ff98edb368f33c","0,241","","","","","tr","1.1","","","","","","https://unityverseacademy.com/kategori/oyun-gelistirme-ozel-ders-272/","2026-07-30 13:41:06"
"https://unityverseacademy.com/blog-detay/arda-bickinnin-yazilim-test-otomasyonu-egitimi-ve-testiniumdaki-staj-sureci-89/","text/html; charset=utf-8","200","OK","Indexable","","Arda Biçkin’nin Yazılım Test Otomasyonu Eğitimi ve Testinium’daki Staj Süreci","77","695","Arda Biçkin’nin Yazılım Test Otomasyonu Eğitimi ve Testinium’daki Staj Süreci","77","476","unreal engine,","14","Arda Biçkin’nin Yazılım Test Otomasyonu Eğitimi ve Testinium’daki Staj Süreci","77","","0","","0","","0","","","","https://unityverseacademy.com/blog-detay/arda-bickinnin-yazilim-test-otomasyonu-egitimi-ve-testiniumdaki-staj-sureci-89/","","","","","","100212","25530","25530","3,784","","834","174","4,793","21,916","Very Hard","7,217","1","2","","8","2","0","1,150","76","52","0","7","7","0","","","","","2d69ff270e0835b9a0e23d37f0c7754d","0,277","","","","","tr","1.1","","","","","","https://unityverseacademy.com/blog-detay/arda-bickinnin-yazilim-test-otomasyonu-egitimi-ve-testiniumdaki-staj-sureci-89/","2026-07-30 13:41:06"
"https://unityverseacademy.com/blog-detay/basari-hikâyesi-gulsah-temelin-eczacibasindaki-3ds-max-tasarim-yolculugu-106/","text/html; charset=utf-8","301","Moved Permanently","Non-Indexable","Redirected","","0","0","","0","0","","0","","0","","0","","0","","0","","","","","","","","","","47","47","47","0,007","","0","","","","","0,000","1","2","","9","2","0","1,150","0","0","0","0","0","0","","","","","","0,303","","https://unityverseacademy.com/blog/","HTTP Redirect","","","1.1","","","","","","https://unityverseacademy.com/blog-detay/basari-hik%C3%A2yesi-gulsah-temelin-eczacibasindaki-3ds-max-tasarim-yolculugu-106/","2026-07-30 13:41:06"
"https://unityverseacademy.com/blog-detay/osman-derebasinin-grafik-tasarim-ve-video-kurgu-alanindaki-yolculugu-101/","text/html; charset=utf-8","200","OK","Indexable","","Osman Derebaşı'nın Grafik Tasarım ve Video Kurgu Alanındaki Yolculuğu","69","646","Osman Derebaşı","14","102","unreal engine,","14","Osman Derebaşı'nın Grafik Tasarım ve Video Kurgu Alanındaki Yolculuğu","69","","0","","0","","0","","","","https://unityverseacademy.com/blog-detay/osman-derebasinin-grafik-tasarim-ve-video-kurgu-alanindaki-yolculugu-101/","","","","","","98361","25074","25074","3,716","","684","149","4,591","34,212","Hard","5,990","1","2","","11","3","0","1,720","76","52","0","7","7","0","","","","","ab11e080317d8881c42ff5c63abf4489","0,371","","","","","tr","1.1","","","","","","https://unityverseacademy.com/blog-detay/osman-derebasinin-grafik-tasarim-ve-video-kurgu-alanindaki-yolculugu-101/","2026-07-30 13:41:06"
"https://unityverseacademy.com/kategori/senaryo-sinema-ve-yonetmenlik-egitimleri-252/","text/html; charset=utf-8","200","OK","Indexable","","Senaryo, Sinema ve Yönetmenlik Eğitimleri","41","382","Senaryo, Sinema ve Yönetmenlik Eğitimleri","41","259","","0","Senaryo, Sinema ve Yönetmenlik Eğitimleri","41","","0","","0","","0","","","","https://unityverseacademy.com/kategori/senaryo-sinema-ve-yonetmenlik-egitimleri-252/","","","","","","135098","28699","28699","4,253","","593","189","3,138","59,274","Fairly Hard","3,656","1","2","","384","174","0","100,000","103","48","0","7","7","0","","","","","a6ce40f1e92d00a737c967c922d9b0bd","0,353","","","","","tr","1.1","","","","","","https://unityverseacademy.com/kategori/senaryo-sinema-ve-yonetmenlik-egitimleri-252/","2026-07-30 13:41:06"
"https://unityverseacademy.com/kategori/yazilim-egitimleri-245/","text/html; charset=utf-8","200","OK","Indexable","","Yazılım  Eğitimleri","19","156","Aranan Programcı Olma,Python, Java, C#, c sharp, mobil, mobil uygulama, uygulama geliştirme, kodlama, yazılım, Yazılım Uzmanlığı, C Sharp Programlama, Yazılım Kalitesi ve Testi, yazılım kalitesi, yazılım testi, tester, Software Quality a","237","1439","Aranan Programcı Olma,Python, Java, C#, c sharp, mobil, mobil uygulama, uygulama geliştirme, kodlama, yazılım, Yazılım Uzmanlığı, C Sharp Programlama, Yazılım Kalitesi ve Testi, yazılım kalitesi, yazılım testi, tester, Software Quality a","237","Yazılım Eğitimleri","18","","0","","0","","0","","","","https://unityverseacademy.com/kategori/yazilim-egitimleri-245/","","","","","","301755","36094","36094","5,349","","2102","581","3,618","64,470","Normal","4,857","1","2","","392","174","0","100,000","325","122","0","7","7","0","","","","","616eb0751c38c7cc5420a2e5c59125e9","0,409","","","","","tr","1.1","","","","","","https://unityverseacademy.com/kategori/yazilim-egitimleri-245/","2026-07-30 13:41:06"
"https://unityverseacademy.com/urun/2026-python-bootcamp-sifirdan-python-canli-online-egitimi-8/","text/html; charset=utf-8","200","OK","Indexable","","Python Bootcamp 2026 Online | Sıfırdan AI & Veri","48","434","2026 Python bootcamp sıfırdan ileri seviye online kursu. Yapay zeka, veri bilimi ve otomasyon için Python öğrenin!","114","698","Python bootcamp online, sıfırdan Python 2026, yapay zeka Python kursu, online Python eğitimi","92","Python Bootcamp 2026 – Sıfırdan İleri Seviye Online Canlı (AI & Veri Bilimi)","76","","0","Python Bootcamp 2026 – Sıfırdan İleri Seviye Online Kursu (AI & Veri Bilimi)","76","Ne Öğreneceğim?","15","","","","https://unityverseacademy.com/urun/2026-python-bootcamp-sifirdan-python-canli-online-egitimi-8/","","","","","","189834","48548","48548","7,195","","2941","592","4,968","7,020","Very Hard","13,265","1","2","","20","4","0","2,300","83","45","0","14","14","0","","","","","1f2ea5295f9359c14889c5989cb2bc95","0,263","","","","","tr","1.1","","","","","","https://unityverseacademy.com/urun/2026-python-bootcamp-sifirdan-python-canli-online-egitimi-8/","2026-07-30 13:41:06"
"https://unityverseacademy.com/kategori/3d-modelleme-egitimleri-247/","text/html; charset=utf-8","200","OK","Indexable","","3B Modelleme Eğitimleri","23","218","3d eğitim, blender, modelleme, modelling, substance 3d, maya, autodesk, maya kursu, maya eğitimi, maya","102","648","3d eğitim, blender, modelleme, modelling, substance 3d, maya, autodesk, maya kursu, maya eğitimi, maya","102","3D Modelleme Eğitimleri","23","","0","","0","","0","","","","https://unityverseacademy.com/kategori/3d-modelleme-egitimleri-247/","","","","","","188454","31341","31341","4,645","","1147","318","3,607","65,395","Normal","4,442","1","2","","398","174","0","100,000","172","71","0","7","7","0","","","","","1c952da9016d4d7ef7ef70ad5a1de383","0,167","","","","","tr","1.1","","","","","","https://unityverseacademy.com/kategori/3d-modelleme-egitimleri-247/","2026-07-30 13:41:07"
"https://unityverseacademy.com/kategori/staj-garantili-egitimler-266/","text/html; charset=utf-8","200","OK","Indexable","","Staj Garantili Eğitimler, Yazılım Eğitimleri","44","366","Staj Garantili Eğitimler, Yazılım Eğitimleri","44","247","","0","Staj Garantili Eğitimler","24","","0","","0","","0","","","","https://unityverseacademy.com/kategori/staj-garantili-egitimler-266/","","","","","","138240","28950","28950","4,290","","614","195","3,149","67,094","Normal","3,611","1","2","","187","174","0","100,000","109","49","0","7","7","0","","","","","fe01823c911b3d80e6013997177a9580","0,170","","","","","tr","1.1","","","","","","https://unityverseacademy.com/kategori/staj-garantili-egitimler-266/","2026-07-30 13:41:07"
"https://unityverseacademy.com/sayfa/egitmenler-10/","text/html; charset=utf-8","200","OK","Non-Indexable","Canonicalised","Eğitmenlerimiz","14","135","EĞİTMENLERİMİZ","14","113","EĞİTMENLERİMİZ","14","EĞİTMENLERİMİZ","14","","0","","0","","0","","","","https://unityverseacademy.com/sayfa/egitmenlerimiz-10/","","","","","","95893","23512","23512","3,484","","267","98","2,724","65,921","Normal","2,773","1","2","","176","174","0","100,000","76","52","0","9","9","0","","","","","8f8f72d3c2a55d365306f4c570a2759b","0,075","","","","","tr","1.1","","","","","","https://unityverseacademy.com/sayfa/egitmenler-10/","2026-07-30 13:41:07"
"https://unityverseacademy.com/blog-detay/basari-hikâyesi-buse-sahinoglunun-eczacibasindaki-3d-tasarim-yolculugu-107/","text/html; charset=utf-8","301","Moved Permanently","Non-Indexable","Redirected","","0","0","","0","0","","0","","0","","0","","0","","0","","","","","","","","","","47","47","47","0,007","","0","","","","","0,000","1","2","","9","2","0","1,150","0","0","0","0","0","0","","","","","","0,069","","https://unityverseacademy.com/blog/","HTTP Redirect","","","1.1","","","","","","https://unityverseacademy.com/blog-detay/basari-hik%C3%A2yesi-buse-sahinoglunun-eczacibasindaki-3d-tasarim-yolculugu-107/","2026-07-30 13:41:07"
"https://unityverseacademy.com/blog-detay/emre-gungorun-sps-senurdaki-robotic-system-developer-yolculugu-95/","text/html; charset=utf-8","200","OK","Indexable","","Emre Güngör'ün SPS SENUR'daki Robotic System Developer Yolculuğu","64","622","Emre Güngör","11","82","unreal engine,","14","Emre Güngör'ün SPS SENUR'daki Robotic System Developer Yolculuğu","64","","0","","0","","0","","","","https://unityverseacademy.com/blog-detay/emre-gungorun-sps-senurdaki-robotic-system-developer-yolculugu-95/","","","","","","97624","24814","24814","3,677","","585","140","4,179","32,815","Hard","5,312","1","2","","8","2","0","1,150","76","52","0","8","8","0","","","","","9da56f8b8085884e636b028746d57c3b","0,246","","","","","tr","1.1","","","","","","https://unityverseacademy.com/blog-detay/emre-gungorun-sps-senurdaki-robotic-system-developer-yolculugu-95/","2026-07-30 13:41:07"
"https://unityverseacademy.com/blog-detay/can-kalyoncuoglu-hayallerden-gerceklere-128/","text/html; charset=utf-8","200","OK","Indexable","","Can Kalyoncuoğlu: Hayallerden Gerçeklere","40","377","Can Kalyoncuoğlu: Hayallerden Gerçeklere","40","261","unreal engine,","14","Can Kalyoncuoğlu: Hayallerden Gerçeklere","40","","0","Can Kalyoncuoğlu: Hayallerden Gerçeklere","40","Unityverse Academy Farkı","24","","","","https://unityverseacademy.com/blog-detay/can-kalyoncuoglu-hayallerden-gerceklere-128/","","","","","","96881","24591","24591","3,644","","525","136","3,860","34,039","Hard","4,854","1","2","","8","3","0","1,720","76","52","0","8","8","0","","","","","a3362bf0521e5596493244636e18fcb2","0,286","","","","","tr","1.1","","","","","","https://unityverseacademy.com/blog-detay/can-kalyoncuoglu-hayallerden-gerceklere-128/","2026-07-30 13:41:07"
"https://unityverseacademy.com/urun/rhino-egitimi-24-saat-online-ozel-ders-1131/","text/html; charset=utf-8","200","OK","Indexable","","Rhino Eğitimi","13","117","Rhino Eğitimi, 3D modelleme ve tasarım süreçlerinde yaygın olarak kullanılan güçlü bir yazılım olan Rhino’yu öğrenmek isteyenler için kapsamlı bir eğitim programıdır. Rhino, özellikle endüstriyel tasarım, mimarlık, iç mimarlık ve","229","1370","Rhino Eğitimi, 3D Modelleme, Rhino Yazılımı, Endüstriyel Tasarım, Parametrik Tasarım, 3D Tasarım, Yüzey Modelleme, Katı Modelleme, Rhino Kursu, Mimarlık Tasarımı, İç Mimarlık Tasarımı, 3D Çizim, Render Alma, Tasarım Yazılımları, Rhino ile Tasarım, 3D Modelleme Teknikleri, Organik Form Tasarımı, Rhino Eğitim Programı, Yazılım Eğitimi","334","Rhino Eğitimi 24 Saat Online Özel Ders","38","","0","Eğitimimizden kareler:","22","IMG_50372.jpg","13","","","","https://unityverseacademy.com/urun/rhino-egitimi-24-saat-online-ozel-ders-1131/","","","","","","168891","58521","58521","8,673","","509","148","3,439","51,929","Fairly Hard","2,624","2","2","","9","3","0","1,720","72","44","0","11","11","0","","","","","babd582510b0ec16dac26435afe2ade0","0,286","","","","","tr","1.1","","","","","","https://unityverseacademy.com/urun/rhino-egitimi-24-saat-online-ozel-ders-1131/","2026-07-30 13:41:07"
"https://unityverseacademy.com/urun/unity-ile-oyun-gelistirme-yuz-yuze-ozel-ders-1045/","text/html; charset=utf-8","200","OK","Indexable","","Unity Oyun Geliştirme Özel Ders | Birebir Yüz Yüze","50","444","Unity ile birebir oyun geliştirme özel dersi. Kişiye özel müfredatla C# ve Unity öğrenin, kendi hızınızda ilerleyin. Hemen bilgi alın!","134","768","unity özel ders, birebir oyun geliştirme eğitimi, kişiye özel unity kursu, oyun programlama özel ders","101","Unity Oyun Geliştirme Özel Ders – Birebir Yüz Yüze Eğitim","57","","0","Unity Oyun Geliştirme Birebir Özel Ders – Kişiye Özel Yüz Yüze Eğitim","69","Ne Öğreneceğim?","15","","","","https://unityverseacademy.com/urun/unity-ile-oyun-gelistirme-yuz-yuze-ozel-ders-1045/","","","","","","215834","52771","52771","7,821","","3682","729","5,051","9,279","Very Hard","14,315","2","2","","22","3","0","1,720","87","44","0","14","14","0","","","","","2b327e62ce1aa1cb0ac503ac89aa9808","0,278","","","","","tr","1.1","","","","","","https://unityverseacademy.com/urun/unity-ile-oyun-gelistirme-yuz-yuze-ozel-ders-1045/","2026-07-30 13:41:07"
"https://unityverseacademy.com/urun/revit-egitimi-yuz-yuze-1581/","text/html; charset=utf-8","200","OK","Indexable","","Revit Eğitimi","13","112","Revit Eğitimi, mimarlık, mühendislik ve inşaat (AEC) sektörlerinde yaygın olarak kullanılan ve 3D BIM (Building Information Modeling) yazılımı olan Revit","153","922","Revit Eğitimi, 3D BIM, Yapı Tasarımı, Revit Kursu, BIM Yazılımı, Bina Modelleme, Proje Koordinasyonu, Revit Eğitim Programı, İç Mimarlık, İnşaat Mühendisliği, Revit ile Tasarım, Yapı Elemanları, MEP Tasarımı, 3D Görselleştirme, Revit ile Detaylandırma, İnşaat Projesi, Revit Modelleme, BIM Süreçleri, Revit İleri Düzey, 3D Yapı Modelleme","337","Revit Eğitimi Yüz Yüze","22","","0","Eğitimimizden kareler:","22","IMG_50372.jpg","13","","","","https://unityverseacademy.com/urun/revit-egitimi-yuz-yuze-1581/","","","","","","178959","60553","60553","8,974","","921","231","3,987","56,277","Fairly Hard","3,941","2","2","","19","3","0","1,720","82","44","0","11","11","0","","","","","3d7562346434cad3e9969bf241d78bc8","0,077","","","","","tr","1.1","","","","","","https://unityverseacademy.com/urun/revit-egitimi-yuz-yuze-1581/","2026-07-30 13:41:07"
"https://unityverseacademy.com/blog/10/","text/html; charset=utf-8","200","OK","Indexable","","ÇALIŞMA HAYATINA ATILAN MEZUNLARIMIZIN BAŞARI HİKAYELERİ","56","608","ÇALIŞMA HAYATINA ATILAN MEZUNLARIMIZIN BAŞARI HİKAYELERİ","56","429","ÇALIŞMA HAYATINA ATILAN MEZUNLARIMIZIN BAŞARI HİKAYELERİ","56","ÇALIŞMA HAYATINA ATILAN MEZUNLARIMIZIN BAŞARI HİKAYELERİ","56","","0","Berkay Kurt: Multiplayer Oyun Geliştiriciliğinde Bir Yıldız","59","Süleyman Özgönül: Oyun Geliştiricilikte Zirveye Giden Yol","57","","","","https://unityverseacademy.com/blog/10/","","","","","","107122","24827","24827","3,679","","419","140","2,993","41,664","Hard","3,667","2","2","","153","106","0","60,920","104","55","0","7","7","0","","","","","a2526ce82e8e27e1433188afaaf3d996","0,085","","","","","tr","1.1","","","","","","https://unityverseacademy.com/blog/10/","2026-07-30 13:41:07"
"https://unityverseacademy.com/urun/autodesk-fusion-360-endustriyel-urun-tasarimi-uzmanligi-yuz-yuze-ozel-ders-20-saat-1591/","text/html; charset=utf-8","200","OK","Indexable","","Autodesk Fusion 360 Endüstriyel Ürün Tasarımı Uzmanlığı Yüz Yüze Özel Ders 20 saat","82","763","Autodesk Fusion 360 Endüstriyel Ürün Tasarımı Uzmanlığı Yüz Yüze Özel Ders 20 saat ürünü, özellikleri ve en uygun fiyatları Unityverse Academy da. Autodesk Fusion 360 Endüstriyel Ürün Tasarımı Uzmanlığı Yüz Yüze Özel Ders 20 saat, Animasyon Eğitimleri kategorisinde.","266","1665","","0","Autodesk Fusion 360 Endüstriyel Ürün Tasarımı Uzmanlığı Yüz Yüze Özel Ders 20 saat","82","","0","","0","","0","","","","https://unityverseacademy.com/urun/autodesk-fusion-360-endustriyel-urun-tasarimi-uzmanligi-yuz-yuze-ozel-ders-20-saat-1591/","","","","","","143321","35428","35428","5,250","","720","170","4,235","29,811","Very Hard","4,490","2","2","","10","3","0","1,720","74","45","0","11","11","0","","","","","eb75f9eb1ae8c9f549cdd806e58fbd7f","0,271","","","","","tr","1.1","","","","","","https://unityverseacademy.com/urun/autodesk-fusion-360-endustriyel-urun-tasarimi-uzmanligi-yuz-yuze-ozel-ders-20-saat-1591/","2026-07-30 13:41:07"
"https://unityverseacademy.com/urun/adobe-photoshop-onlinecanli-egitim-779/","text/html; charset=utf-8","200","OK","Indexable","","Adobe Photoshop Online Kurs | Grafik Tasarım","44","414","Adobe Photoshop grafik tasarım kursu online canlı eğitim. Evinizden fotoğraf düzenleme ve dijital tasarım öğrenin!","114","702","Photoshop kursu online, grafik tasarım kursu online Photoshop, dijital tasarım eğitimi, Adobe Ps online","103","Adobe Photoshop Kursu – Online Canlı Grafik Tasarım Eğitimi","59","","0","Adobe Photoshop ile Grafik Tasarım Kursu – Online Canlı Dijital Tasarım Eğitimi","79","","0","","","","https://unityverseacademy.com/urun/adobe-photoshop-onlinecanli-egitim-779/","","","","","","213545","49793","49793","7,379","","2896","645","4,490","7,604","Very Hard","11,471","2","2","","193","3","0","1,720","259","45","0","12","12","0","","","","","e5762598bfce1a39bc122ca1d2b9ece8","0,266","","","","","tr","1.1","","","","","","https://unityverseacademy.com/urun/adobe-photoshop-onlinecanli-egitim-779/","2026-07-30 13:41:07"
"https://unityverseacademy.com/urun/mimarlik-ic-mimarlik-icin-3d-tasarim-ve-gorsellestirme-egitimi-online-1549/","text/html; charset=utf-8","200","OK","Indexable","","Mimarlık & İç Mimarlık için 3D Tasarım ve Görselleştirme Eğitimi Online","71","634","Mimarlık & İç Mimarlık için 3D Tasarım ve Görselleştirme Eğitimi Online ürünü, özellikleri ve en uygun fiyatları Unityverse Academy da. Mimarlık & İç Mimarlık için 3D Tasarım ve Görselleştirme Eğitimi Online, Mimarlık Eğitimleri kategorisinde.","243","1452","","0","Mimarlık & İç Mimarlık için 3D Tasarım ve Görselleştirme Eğitimi Online","71","","0","Mimarlık & İç Mimarlık için 3D Tasarım ve Görselleştirme Eğitimi Online","71","Ne Öğreneceğim?","15","","","","https://unityverseacademy.com/urun/mimarlik-ic-mimarlik-icin-3d-tasarim-ve-gorsellestirme-egitimi-online-1549/","","","","","","190263","47367","47367","7,020","","3021","740","4,082","43,517","Hard","11,972","2","2","","12","3","0","1,720","75","44","0","12","12","0","","","","","7a9a5f37943d7b5773bbcb1b89d12b5f","0,263","","","","","tr","1.1","","","","","","https://unityverseacademy.com/urun/mimarlik-ic-mimarlik-icin-3d-tasarim-ve-gorsellestirme-egitimi-online-1549/","2026-07-30 13:41:08"
"https://unityverseacademy.com/urun/fen-bilimleri-egitimi-ozel-ders-1430/","text/html; charset=utf-8","200","OK","Indexable","","Fen Bilimleri Eğitimi Özel Ders","31","269","Fen Bilimleri Eğitimi Özel Ders ürünü, özellikleri ve en uygun fiyatları Unityverse Academy da. Fen Bilimleri Eğitimi Özel Ders, Özel Dersler kategorisinde.","156","914","","0","Fen Bilimleri Eğitimi Özel Ders","31","","0","Eğitim Koordinatörü: Doç. Dr. Ali Çivril(CV için tıklayınız.)","61","","0","","","","https://unityverseacademy.com/urun/fen-bilimleri-egitimi-ozel-ders-1430/","","","","","","134553","34376","34376","5,095","","422","130","3,246","45,968","Hard","2,876","2","2","","8","3","0","1,720","71","44","0","12","12","0","","","","","29d5f3d87563eaf868cf445db1f2267","0,078","","","","","tr","1.1","","","","","","https://unityverseacademy.com/urun/fen-bilimleri-egitimi-ozel-ders-1430/","2026-07-30 13:41:08"
"https://unityverseacademy.com/os/kariyer-is-14/","text/html; charset=utf-8","200","OK","Indexable","","KARIYER iŞ","10","100","KARIYER","7","56","KARIYER iŞ","10","","0","","0","","0","","0","","","","https://unityverseacademy.com/os/kariyer-is-14/","","","","","","97759","24146","24146","3,578","","251","83","3,024","55,463","Fairly Hard","2,683","2","2","","2","1","0","0,570","63","41","0","7","7","0","","","","","49ae86e65cb48a8658c6a087527c5551","0,075","","","","","tr","1.1","","","","","","https://unityverseacademy.com/os/kariyer-is-14/","2026-07-30 13:41:08"
"https://unityverseacademy.com/urun/3ds-max-corona-ile-fotogercekci-mimari-gorsellestirmeegitimi-online-1614/","text/html; charset=utf-8","200","OK","Indexable","","3ds Max + Corona ile Fotogerçekçi Mimari Görselleştirme Eğitimi Online","70","640","3ds Max + Corona ile Fotogerçekçi Mimari Görselleştirme Eğitimi Online ürünü, özellikleri ve en uygun fiyatları Unityverse Academy da. 3ds Max + Corona ile Fotogerçekçi Mimari Görselleştirme Eğitimi Online, Mimarlık Eğitimleri kategorisinde.","241","1468","","0","3ds Max + Corona ile Fotogerçekçi Mimari Görselleştirme Eğitimi Online","70","","0","3ds Max + Corona ile Fotogerçekçi Mimari Görselleştirme Eğitimi","63","Ne Öğreneceğim?","15","","","","https://unityverseacademy.com/urun/3ds-max-corona-ile-fotogercekci-mimari-gorsellestirmeegitimi-online-1614/","","","","","","172369","43846","43846","6,498","","1694","339","4,997","27,069","Very Hard","7,990","2","2","","10","3","0","1,720","73","44","0","11","11","0","","","","","fb9b7a03dc92202edcabab026973c234","0,265","","","","","tr","1.1","","","","","","https://unityverseacademy.com/urun/3ds-max-corona-ile-fotogercekci-mimari-gorsellestirmeegitimi-online-1614/","2026-07-30 13:41:08"
"https://unityverseacademy.com/urun/microsoft-office-egitimi-10-saat-1639/","text/html; charset=utf-8","200","OK","Indexable","","Microsoft  Office Eğitimi 10 SAAT","33","293","Microsoft  Office Eğitimi 10 SAAT ürünü, özellikleri ve en uygun fiyatları Unityverse Academy da. Microsoft  Office Eğitimi 10 SAAT, Muhasebe ve Ofis Eğitimleri kategorisinde.","175","1053","","0","Microsoft Office Eğitimi 10 SAAT","32","","0","Öğrencilerimizin İlham Verici Başarı Hikayelerini Keşfedin https://unityverseacademy.com/blog/10","96","Eğitimimizden kareler:","22","","","","https://unityverseacademy.com/urun/microsoft-office-egitimi-10-saat-1639/","","","","","","176052","58958","58958","8,738","","334","114","2,930","54,925","Fairly Hard","1,844","2","2","","8","3","0","1,720","77","50","0","12","12","0","","","","","3df8f7c443d43fe666ef4e6a12facd50","0,081","","","","","tr","1.1","","","","","","https://unityverseacademy.com/urun/microsoft-office-egitimi-10-saat-1639/","2026-07-30 13:41:08"
"https://unityverseacademy.com/urun/cocuk-ve-gencler-icin-unity-ile-oyun-gelistirme-yuz-yuze-egitimi-1042/","text/html; charset=utf-8","200","OK","Non-Indexable","Canonicalised","Çocuklar İçin Unity Oyun & Kodlama Kursu | Yüz Yüze","51","470","7-17 yaş çocuklara özel Unity ile oyun geliştirme ve kodlama yüz yüze kursu. Eğlenceli derslerle çocuğunuz oyun tasarımı öğrensin!","130","799","çocuklar için kodlama kursu, çocuk oyun geliştirme eğitimi, unity çocuk kursu, çocuk yazılım eğitimi","100","Çocuklar İçin Unity ile Oyun Geliştirme Yüz Yüze Eğitimi","56","","0","Çocuklar İçin Unity ile Oyun Geliştirme ve Kodlama Yüz Yüze Kursu (7-17 Yaş)","76","Ne Öğreneceğim?","15","","","","https://unityverseacademy.com/urun/cocuklar-icin-unity-ile-oyun-gelistirme-yuz-yuze-egitimi-1042/","","","","","","208584","51498","51498","7,632","","3484","708","4,921","6,658","Very Hard","14,195","2","2","","24","3","0","1,720","88","44","0","14","14","0","","","","","380b8672fa513dc338be92fc705e375","0,098","","","","","tr","1.1","","","","","","https://unityverseacademy.com/urun/cocuk-ve-gencler-icin-unity-ile-oyun-gelistirme-yuz-yuze-egitimi-1042/","2026-07-30 13:41:08"
"https://unityverseacademy.com/urun/mimarlik-ic-mimarlik-icin-3d-tasarim-ve-gorsellestirme-egitimi-yuz-yuze-120-saat-1577/","text/html; charset=utf-8","200","OK","Indexable","","Mimarlık & İç Mimarlık için 3D Tasarım ve Görselleştirme Eğitimi Yüz Yüze 120 Saat","82","743","Mimarlık & İç Mimarlık için 3D Tasarım ve Görselleştirme Eğitimi Yüz Yüze 120 Saat ürünü, özellikleri ve en uygun fiyatları Unityverse Academy da. Mimarlık & İç Mimarlık için 3D Tasarım ve Görselleştirme Eğitimi Yüz Yüze 120 Saat, Mimarlık Eğitimleri kategorisinde.","265","1604","","0","Mimarlık & İç Mimarlık için 3D Tasarım ve Görselleştirme Eğitimi Yüz Yüze 120 Saat","82","","0","Mimarlık için 3D Tasarım ve Görselleştirme Eğitimi Online","57","Ne Öğreneceğim?","15","","","","https://unityverseacademy.com/urun/mimarlik-ic-mimarlik-icin-3d-tasarim-ve-gorsellestirme-egitimi-yuz-yuze-120-saat-1577/","","","","","","174337","44064","44064","6,530","","2448","548","4,467","43,849","Hard","10,463","2","2","","40","3","0","1,720","103","44","0","12","12","0","","","","","ad38452c2064fbb27b1a582dd924cc95","0,279","","","","","tr","1.1","","","","","","https://unityverseacademy.com/urun/mimarlik-ic-mimarlik-icin-3d-tasarim-ve-gorsellestirme-egitimi-yuz-yuze-120-saat-1577/","2026-07-30 13:41:08"
"https://unityverseacademy.com/urun/yapay-zeka-destekli-unity-ile-oyun-gelistirme-egitimi-online-1682/","text/html; charset=utf-8","200","OK","Indexable","","AI Destekli Unity Oyun Geliştirme | Online Kurs","47","411","Yapay zeka (AI) destekli Unity ile oyun geliştirme online kursu. AI teknolojileriyle oyun geliştirin, sektörde fark yaratın. Kaydolun!","134","777","AI oyun geliştirme kursu online, yapay zeka unity eğitimi, AI game dev online, yapay zeka ile kodlama kursu","107","Yapay Zeka (AI) Destekli Unity ile Oyun Geliştirme Kursu – Online Canlı","71","","0","Yapay Zeka (AI) Destekli Unity ile Oyun Geliştirme Online Kursu","63","Eğitimin Amacı","14","","","","https://unityverseacademy.com/urun/yapay-zeka-destekli-unity-ile-oyun-gelistirme-egitimi-online-1682/","","","","","","167734","43536","43536","6,452","","1413","322","4,388","35,097","Hard","6,691","2","2","","12","3","0","1,720","75","44","0","13","13","0","","","","","e174139f2437c13e11c3b616b63c22db","0,093","","","","","tr","1.1","","","","","","https://unityverseacademy.com/urun/yapay-zeka-destekli-unity-ile-oyun-gelistirme-egitimi-online-1682/","2026-07-30 13:41:09"
"https://unityverseacademy.com/urun/ic-mimarlik-ve-dekorasyon-egitimi-1132/","text/html; charset=utf-8","200","OK","Indexable","","İç Mimarlık ve Dekorasyon Eğitimi","33","300","İç Mimarlık ve Dekorasyon Eğitimi, yaşam alanlarını estetik ve fonksiyonel bir şekilde tasarlamak isteyen herkes için kapsamlı bir eğitim programıdır. Bu eğitim, katılımcılara iç mekanların tasarımında kullanılan temel ilkelerden, re","233","1384","İç Mimarlık, Dekorasyon Eğitimi, İç Mekan Tasarımı, Canlı Online Eğitim, Estetik Tasarım, Renk Teorisi, Mobilya Yerleşimi, Aydınlatma Tasarımı, Mekan Organizasyonu, İç Mekan Dekorasyonu, 3D Modelleme, Render Alma, İç Mimarlık Kursu, Dekorasyon Teknikleri, Yaşam Alanı Tasarımı, İç Mimarlık Eğitim Programı, İç Mekan Analizi, Tasarım İlkeleri, Mimarlık Eğitimi.","360","İç Mimarlık ve Dekorasyon Eğitimi","33","","0","İç Mimarlık ve Dekorasyon Eğitimi","33","Ne Öğreneceğim?","15","","","","https://unityverseacademy.com/urun/ic-mimarlik-ve-dekorasyon-egitimi-1132/","","","","","","155569","39880","39880","5,910","","899","240","3,746","36,468","Hard","4,898","2","2","","10","3","0","1,720","73","44","0","12","12","0","","","","","53d10c1870048553c024cb5dd6116cb3","0,264","","","","","tr","1.1","","","","","","https://unityverseacademy.com/urun/ic-mimarlik-ve-dekorasyon-egitimi-1132/","2026-07-30 13:41:08"
"https://unityverseacademy.com/urun/unreal-engine-ile-oyun-gelistirme-150-saatlik-kapsamli-blueprintmufredati-online-1028/","text/html; charset=utf-8","200","OK","Indexable","","UE5 Blueprint Oyun Geliştirme Kursu | 150 Saat Online","53","481","150 saatlik Unreal Engine 5 Blueprint online kursu. Kodsuz (visual scripting) oyun geliştirmeyi öğrenin, profesyonel projeler üretin.","133","792","unreal engine blueprint kursu, kodsuz oyun geliştirme, UE5 eğitimi online, visual scripting oyun kursu","102","Unreal Engine 5 Blueprint ile Kodsuz Oyun Geliştirme Kursu – 150 Saat Online","76","","0","Unreal Engine 5 Blueprint ile Kodsuz Oyun Geliştirme – 150 Saatlik Online Kurs","78","Ne Öğreneceğim?","15","","","","https://unityverseacademy.com/urun/unreal-engine-ile-oyun-gelistirme-150-saatlik-kapsamli-blueprintmufredati-online-1028/","","","","","","188527","47607","47607","7,055","","2748","615","4,468","16,937","Very Hard","12,152","2","2","","22","3","0","1,720","87","45","0","14","14","0","","","","","d48d7277d2db10aee6199c9d0b7b6ab3","0,283","","","","","tr","1.1","","","","","","https://unityverseacademy.com/urun/unreal-engine-ile-oyun-gelistirme-150-saatlik-kapsamli-blueprintmufredati-online-1028/","2026-07-30 13:41:08"
"https://unityverseacademy.com/urun/flutter-ile-mobil-uygulama-gelistirme-canli-online-egitimi-557/","text/html; charset=utf-8","200","OK","Indexable","","Flutter Mobil Uygulama Kursu | Online Canlı","43","386","Flutter & Dart ile cross-platform mobil uygulama geliştirme online kursu. iOS ve Android için tek kodla uygulama yapın!","119","723","Flutter kursu online, Dart programlama eğitimi, cross-platform mobil uygulama, Flutter eğitimi","94","Flutter & Dart ile Cross-Platform Mobil Uygulama Geliştirme Kursu – Online","74","","0","Flutter & Dart ile Cross-Platform Mobil Uygulama Geliştirme Online Kursu","72","Ne Öğreneceğim?","15","","","","https://unityverseacademy.com/urun/flutter-ile-mobil-uygulama-gelistirme-canli-online-egitimi-557/","","","","","","204477","50404","50404","7,470","","3458","684","5,056","2,681","Very Hard","14,436","2","2","","19","3","0","1,720","82","43","0","13","13","0","","","","","2f44d8f8c193f026151e8a5f2369baba","0,317","","","","","tr","1.1","","","","","","https://unityverseacademy.com/urun/flutter-ile-mobil-uygulama-gelistirme-canli-online-egitimi-557/","2026-07-30 13:41:08"
"https://unityverseacademy.com/blog-detay/unityverse-academy-mezunu-turgay-sefa-sarigedikin-basari-hikâyesi-313/","text/html; charset=utf-8","301","Moved Permanently","Non-Indexable","Redirected","","0","0","","0","0","","0","","0","","0","","0","","0","","","","","","","","","","47","47","47","0,007","","0","","","","","0,000","2","2","","24","24","0","13,790","0","0","0","0","0","0","","","","","","0,070","","https://unityverseacademy.com/blog/","HTTP Redirect","","","1.1","","","","","","https://unityverseacademy.com/blog-detay/unityverse-academy-mezunu-turgay-sefa-sarigedikin-basari-hik%C3%A2yesi-313/","2026-07-30 13:41:09"
"https://unityverseacademy.com/urun/unity-ile-oyun-gelistirme-online-ozel-ders-1256/","text/html; charset=utf-8","200","OK","Indexable","","Unity Oyun Geliştirme Online Özel Ders | Birebir","48","419","Unity ile birebir online oyun geliştirme özel dersi. Evinizden canlı eğitimle C# ve Unity öğrenin. Esnek saat seçenekleriyle başlayın!","134","782","unity online özel ders, birebir online oyun kursu, uzaktan unity eğitimi, canlı özel ders oyun geliştirme","105","Unity Oyun Geliştirme Özel Ders – Birebir Online Canlı Eğitim","61","","0","Unity Oyun Geliştirme Online Birebir Özel Ders – Canlı Eğitim","61","Ne Öğreneceğim?","15","","","","https://unityverseacademy.com/urun/unity-ile-oyun-gelistirme-online-ozel-ders-1256/","","","","","","199267","48534","48534","7,193","","2426","487","4,982","17,584","Very Hard","10,088","2","2","","22","3","0","1,720","86","44","0","14","14","0","","","","","59a3d826ce46b23fd0498dfd6ed964ae","0,079","","","","","tr","1.1","","","","","","https://unityverseacademy.com/urun/unity-ile-oyun-gelistirme-online-ozel-ders-1256/","2026-07-30 13:41:09"
"https://unityverseacademy.com/urun/2b-oyun-karakter-tasarimi-ve-animasyon-ozel-ders-1250/","text/html; charset=utf-8","200","OK","Indexable","","2B Oyun Karakter Tasarımı ve Animasyon Özel Ders","48","460","2B Oyun Karakter Tasarımı ve Animasyon Özel Ders ürünü, özellikleri ve en uygun fiyatları Unityverse Academy da. 2B Oyun Karakter Tasarımı ve Animasyon Özel Ders, Animasyon Eğitimleri kategorisinde.","198","1247","","0","2B Oyun Karakter Tasarımı ve Animasyon Özel Ders","48","","0","","0","","0","","","","https://unityverseacademy.com/urun/2b-oyun-karakter-tasarimi-ve-animasyon-ozel-ders-1250/","","","","","","138076","34068","34068","5,049","","314","105","2,990","61,812","Normal","2,157","2","2","","8","3","0","1,720","70","43","0","11","11","0","","","","","4a620464fbd1551b55e3a0c4414097fa","0,265","","","","","tr","1.1","","","","","","https://unityverseacademy.com/urun/2b-oyun-karakter-tasarimi-ve-animasyon-ozel-ders-1250/","2026-07-30 13:41:09"
"https://unityverseacademy.com/urun/excel-kursu-temelden-ileri-seviyeye-10-saat-1662/","text/html; charset=utf-8","200","OK","Indexable","","Excel Kursu Temelden İleri Seviyeye 10 saat","43","391","Excel Kursu Temelden İleri Seviyeye 10 saat ürünü, özellikleri ve en uygun fiyatları Unityverse Academy da. Excel Kursu Temelden İleri Seviyeye 10 saat, Muhasebe ve Ofis Eğitimleri kategorisinde.","195","1183","","0","Excel Kursu Temelden İleri Seviyeye 10 saat","43","","0","","0","","0","","","","https://unityverseacademy.com/urun/excel-kursu-temelden-ileri-seviyeye-10-saat-1662/","","","","","","131648","32832","32832","4,866","","308","102","3,020","62,862","Normal","2,225","2","2","","8","3","0","1,720","70","43","0","11","11","0","","","","","4b9f93b414ac8051acae348c34883220","0,305","","","","","tr","1.1","","","","","","https://unityverseacademy.com/urun/excel-kursu-temelden-ileri-seviyeye-10-saat-1662/","2026-07-30 13:41:09"
"https://unityverseacademy.com/urun/rhino-egitimi-40-saat-online-1507/","text/html; charset=utf-8","200","OK","Indexable","","Rhino Eğitimi 40 Saat Online","28","252","Rhino Eğitimi 40 Saat Online ürünü, özellikleri ve en uygun fiyatları Unityverse Academy da. Rhino Eğitimi 40 Saat Online, Mimarlık Eğitimleri kategorisinde.","157","942","","0","Rhino Eğitimi 40 Saat Online","28","","0","Eğitimimizden kareler:","22","IMG_50372.jpg","13","","","","https://unityverseacademy.com/urun/rhino-egitimi-40-saat-online-1507/","","","","","","137446","34574","34574","5,124","","494","145","3,407","54,043","Fairly Hard","3,136","2","2","","9","3","0","1,720","71","43","0","11","11","0","","","","","215bc87dcd7cf37e269a3c9447d529d3","0,082","","","","","tr","1.1","","","","","","https://unityverseacademy.com/urun/rhino-egitimi-40-saat-online-1507/","2026-07-30 13:41:09"
"https://unityverseacademy.com/urun/v-ray-ile-gercekci-ic-ve-dis-mekân-render-uretimi-egitimi-yuz-yuze-1622/","text/html; charset=utf-8","301","Moved Permanently","Non-Indexable","Redirected","","0","0","","0","0","","0","","0","","0","","0","","0","","","","","","","","","","54","54","54","0,008","","0","","","","","0,000","2","2","","4","2","0","1,150","0","0","0","0","0","0","","","","","","0,208","","https://unityverseacademy.com/tum-urunler/","HTTP Redirect","","","1.1","","","","","","https://unityverseacademy.com/urun/v-ray-ile-gercekci-ic-ve-dis-mek%C3%A2n-render-uretimi-egitimi-yuz-yuze-1622/","2026-07-30 13:41:09"
"https://unityverseacademy.com/urun/almanca-egitimi-ozel-ders-1440/","text/html; charset=utf-8","200","OK","Indexable","","Almanca Eğitimi Özel Ders","25","237","Almanca Eğitimi Özel Ders ürünü, özellikleri ve en uygun fiyatları Unityverse Academy da. Almanca Eğitimi Özel Ders, Özel Dersler kategorisinde.","144","876","","0","Almanca Eğitimi Özel Ders","25","","0","","0","","0","","","","https://unityverseacademy.com/urun/almanca-egitimi-ozel-ders-1440/","","","","","","130365","32704","32704","4,847","","295","101","2,921","64,209","Normal","2,166","2","2","","8","3","0","1,720","70","43","0","11","11","0","","","","","c3c4e9fe32bcc7462e03a82b07f6858","0,248","","","","","tr","1.1","","","","","","https://unityverseacademy.com/urun/almanca-egitimi-ozel-ders-1440/","2026-07-30 13:41:09"
"https://unityverseacademy.com/urun/autocad-elektrik-tesisat-projeleri-egitimi-yapi-denetim-odakli-1637/","text/html; charset=utf-8","200","OK","Indexable","","AutoCAD Elektrik Tesisat Projeleri Eğitimi  (Yapı Denetim Odaklı)","65","570","AutoCAD Elektrik Tesisat Projeleri Eğitimi  (Yapı Denetim Odaklı) ürünü, özellikleri ve en uygun fiyatları Unityverse Academy da. AutoCAD Elektrik Tesisat Projeleri Eğitimi  (Yapı Denetim Odaklı), Özel Dersler kategorisinde.","224","1328","","0","AutoCAD Elektrik Tesisat Projeleri Eğitimi (Yapı Denetim Odaklı)","64","","0","","0","AutoCAD Elektrik Tesisat Projeleri Eğitimi (Yapı Denetim Odaklı)","64","","","","https://unityverseacademy.com/urun/autocad-elektrik-tesisat-projeleri-egitimi-yapi-denetim-odakli-1637/","","","","","","156353","38979","38979","5,777","","923","241","3,830","33,931","Hard","4,836","2","2","","9","3","0","1,720","72","44","0","11","11","0","","","","","26d5511e152ea3629eba78029191eae0","0,075","","","","","tr","1.1","","","","","","https://unityverseacademy.com/urun/autocad-elektrik-tesisat-projeleri-egitimi-yapi-denetim-odakli-1637/","2026-07-30 13:41:10"
"https://unityverseacademy.com/urun/gelismis-autocad-elektrik-projeciligi-egitimi-yapi-denetim-odakli-uygulamali-1635/","text/html; charset=utf-8","200","OK","Indexable","","Gelişmiş AutoCAD Elektrik Projeciliği  Eğitimi (Yapı Denetim Odaklı – Uygulamalı)","81","717","Gelişmiş AutoCAD Elektrik Projeciliği  Eğitimi (Yapı Denetim Odaklı – Uygulamalı) ürünü, özellikleri ve en uygun fiyatları Unityverse Academy da. Gelişmiş AutoCAD Elektrik Projeciliği  Eğitimi (Yapı Denetim Odaklı – Uygulamalı), Özel Dersler kategorisinde.","256","1528","","0","Gelişmiş AutoCAD Elektrik Projeciliği Eğitimi (Yapı Denetim Odaklı – Uygulamalı)","80","","0","Ne Öğreneceğim?","15","Neden Unityverse Akademi?","25","","","","https://unityverseacademy.com/urun/gelismis-autocad-elektrik-projeciligi-egitimi-yapi-denetim-odakli-uygulamali-1635/","","","","","","158005","39405","39405","5,840","","989","242","4,087","31,434","Hard","5,180","2","2","","9","3","0","1,720","72","44","0","11","11","0","","","","","cf82cb15a7dab98af786ad494897a43f","0,278","","","","","tr","1.1","","","","","","https://unityverseacademy.com/urun/gelismis-autocad-elektrik-projeciligi-egitimi-yapi-denetim-odakli-uygulamali-1635/","2026-07-30 13:41:10"
"https://unityverseacademy.com/urun/unreal-engine-5-gorsellestirme-ve-animasyon-yuz-yuze-egitim-1032/","text/html; charset=utf-8","200","OK","Indexable","","UE5 Görselleştirme & Animasyon Kursu | Yüz Yüze","47","447","Unreal Engine 5 ile mimari görselleştirme ve sinematik animasyon yüz yüze kursu. Real-time rendering ve sahne tasarımı öğrenin.","127","788","UE5 görselleştirme kursu, mimari görselleştirme eğitimi, sinematik animasyon unreal, real-time rendering kursu","110","Unreal Engine 5 ile Mimari Görselleştirme ve Sinematik Animasyon Kursu – Yüz Yüze","81","","0","Unreal Engine 5 ile Mimari Görselleştirme ve Sinematik Animasyon Kursu","70","Eğitmen: Burak Kaya","19","","","","https://unityverseacademy.com/urun/unreal-engine-5-gorsellestirme-ve-animasyon-yuz-yuze-egitim-1032/","","","","","","172691","41883","41883","6,207","","1793","393","4,562","6,062","Very Hard","8,939","2","2","","21","3","0","1,720","84","43","0","13","13","0","","","","","a88eaff67b2060eb8503ecd85b386080","0,275","","","","","tr","1.1","","","","","","https://unityverseacademy.com/urun/unreal-engine-5-gorsellestirme-ve-animasyon-yuz-yuze-egitim-1032/","2026-07-30 13:41:10"
"https://unityverseacademy.com/uploads/fm/FEYYAZ_AĞIRMAN_CV_TR.pdf","text/html; charset=utf-8","301","Moved Permanently","Non-Indexable","Redirected","","0","0","","0","0","","0","","0","","0","","0","","0","","","","","","","","","","42","42","42","0,006","","0","","","","","0,000","2","2","","2","2","0","1,150","0","0","0","0","0","0","","","","","","0,193","","https://unityverseacademy.com/","HTTP Redirect","","","1.1","","","","","","https://unityverseacademy.com/uploads/fm/FEYYAZ_AG%CC%86IRMAN_CV_TR.pdf","2026-07-30 13:41:10"
"https://unityverseacademy.com/urun/unreal-engine-ile-sanal-gerceklik-vr-ozel-ders-yuz-yuze-egitim-1337/","text/html; charset=utf-8","200","OK","Indexable","","UE5 VR Özel Ders | Yüz Yüze Birebir Eğitim","42","378","Unreal Engine 5 ile VR geliştirme birebir yüz yüze özel ders. Sanal gerçeklik projelerinizi kişiye özel müfredatla geliştirin!","126","721","UE5 VR yüz yüze özel ders, birebir sanal gerçeklik kursu, VR geliştirme özel eğitim","83","Unreal Engine 5 VR Geliştirme Özel Ders – Birebir Yüz Yüze Eğitim","65","","0","Unreal Engine 5 VR Geliştirme Birebir Yüz Yüze Özel Ders","56","Eğitmen: Burak Kaya","19","","","","https://unityverseacademy.com/urun/unreal-engine-ile-sanal-gerceklik-vr-ozel-ders-yuz-yuze-egitim-1337/","","","","","","151816","37085","37085","5,496","","550","158","3,481","45,177","Hard","3,151","2","2","","9","3","0","1,720","71","43","0","16","14","0","","","","","348b08a9e34ce01cf9d2ec1caae8053e","0,256","","","","","tr","1.1","","","","","","https://unityverseacademy.com/urun/unreal-engine-ile-sanal-gerceklik-vr-ozel-ders-yuz-yuze-egitim-1337/","2026-07-30 13:41:10"
"https://unityverseacademy.com/urun/grafik-tasarim-ve-video-efekt-uzmanligi-canli-online-egitimi-1484/","text/html; charset=utf-8","200","OK","Indexable","","Grafik Tasarım Kursu & Video Efekt | Online Canlı","49","436","Grafik tasarım kursu ve video efekt uzmanlığı canlı online eğitimi. Adobe Photoshop, Illustrator ve After Effects öğrenin!","122","731","grafik tasarım kursu, online grafik eğitimi, video efekt kursu, Adobe Creative Cloud eğitimi","92","Grafik Tasarım Kursu & Video Efekt Uzmanlığı – Canlı Online","59","","0","Grafik Tasarım Kursu & Video Efekt Uzmanlığı – Canlı Online Eğitim","66","","0","","","","https://unityverseacademy.com/urun/grafik-tasarim-ve-video-efekt-uzmanligi-canli-online-egitimi-1484/","","","","","","231831","52766","52766","7,820","","3768","840","4,486","14,132","Very Hard","13,457","2","2","","37","3","0","1,720","103","46","0","11","11","0","","","","","86e393fb64c8ec9ace4c279ea68310c3","0,082","","","","","tr","1.1","","","","","","https://unityverseacademy.com/urun/grafik-tasarim-ve-video-efekt-uzmanligi-canli-online-egitimi-1484/","2026-07-30 13:41:10"
"https://unityverseacademy.com/urun/yonetmenlik-ve-sinematografiye-giris-yuz-yuze-egitimi-620/","text/html; charset=utf-8","200","OK","Indexable","","Yönetmenlik ve Sinematografiye Giriş Yüz Yüze Eğitimi","53","490","Yönetmenlik ve Sinematografiye Giriş Yüz Yüze Eğitimi, katılımcılara film yönetmenliği ve sinematografi dünyasında temel bilgiler kazandırmayı hedefleyen kapsamlı bir eğitim programıdır. Bu eğitimde, film yapım sürecinin her aşaması","232","1425","Yönetmenlik Eğitimi, Sinematografi, Film Yapımı, Kamera Kullanımı, Film Çekimi, Sinema Teknikleri, Sinematografi Eğitimi, Yüz Yüze Eğitim, Yönetmenlik Temelleri, Film Yönetmenliği","179","Yönetmenlik ve Sinematografiye Giriş Yüz Yüze Eğitimi","53","","0","","0","","0","","","","https://unityverseacademy.com/urun/yonetmenlik-ve-sinematografiye-giris-yuz-yuze-egitimi-620/","","","","","","161389","40322","40322","5,976","","1771","395","4,484","4,184","Very Hard","9,556","2","2","","9","3","0","1,720","73","44","0","13","12","0","","","","","8dd127b7ab55ec7256dcf55f889b20f6","0,265","","","","","tr","1.1","","","","","","https://unityverseacademy.com/urun/yonetmenlik-ve-sinematografiye-giris-yuz-yuze-egitimi-620/","2026-07-30 13:41:10"
"https://unityverseacademy.com/urun/zbrush-ile-kuyumculuk-ve-taki-tasarimi-egitimi-online-1536/","text/html; charset=utf-8","200","OK","Indexable","","ZBrush 3D Takı & Kuyumculuk Kursu | Online","42","395","ZBrush ile 3D kuyumculuk ve takı tasarımı online kursu. Dijital mücevher modelleme ve 3D baskıya hazırlık öğrenin!","114","698","ZBrush kuyumculuk kursu, 3D takı tasarımı eğitimi, dijital mücevher modelleme, ZBrush jewelry, 3D baskı takı, mücevher tasarım kursu","132","ZBrush ile 3D Kuyumculuk & Takı Tasarımı Kursu – Online (Dijital Mücevher & 3D Baskı)","85","","0","ZBrush ile 3D Kuyumculuk ve Takı Tasarımı Kursu – Dijital Mücevher Modelleme ve 3D Baskı Hazırlık (Online)","106","Goz Games Kurucu ortağıdır, sektörde 20 yılı aşkın süredir video kurgu, after effects, animasyon, 3D modelleme ve tasarım alanlarında çalışmaktadır. Ayrıca öğrenciler, Türkiye’nin saygın üniversitelerinin teknoparklarından ve Sanayi ve Teknoloji Bakanlığı’ndan onaylı Ar-Ge Projesi kapsamında dijital heykel ve karakter tasarımı proje ekibinde aktif olarak görev alır ve “ZBrush Proje Geliştirme Sertifikası” almaya hak kazanır. Eğitim sürecinde ZBrush yazılımı ile organik modelleme, karakter anatomisi, detaylandırma ve dijital heykel alanlarında ileri düzey teknik ve sanatsal beceriler geliştirirler. Oluşturdukları karakter ve yaratıcı konsept çalışmalarını ArtStation, CGSociety ve diğer uluslararası dijital sanat platformlarında sergileyerek, oyun, film ve dijital sanat endüstrilerinde profesyonel portföy oluştururlar ve kariyer fırsatlarında önemli bir avantaj elde ederler.","885","","","","https://unityverseacademy.com/urun/zbrush-ile-kuyumculuk-ve-taki-tasarimi-egitimi-online-1536/","","","","","","159388","39561","39561","5,863","","1427","333","4,285","37,910","Hard","7,382","2","2","","16","3","0","1,720","79","44","0","12","12","0","","","","","4285d308d9d72985b4aae28062141e82","0,081","","","","","tr","1.1","","","","","","https://unityverseacademy.com/urun/zbrush-ile-kuyumculuk-ve-taki-tasarimi-egitimi-online-1536/","2026-07-30 13:41:10"
"https://unityverseacademy.com/urun/unity-ile-oyun-gelistirme-yuz-yuze-ozel-ders-1361/","text/html; charset=utf-8","200","OK","Indexable","","Unity C# Oyun Geliştirme Özel Ders | Yüz Yüze","45","411","Unity C# ile birebir oyun geliştirme özel dersi. Yüz yüze kişiye özel müfredatla kendi hızınızda öğrenin. Hemen bilgi alın!","123","720","unity C# özel ders, birebir oyun programlama kursu, yüz yüze unity eğitimi, kişiye özel oyun kursu","98","Unity C# ile Oyun Geliştirme Özel Ders – Birebir Yüz Yüze Eğitim","64","","0","Unity C# ile Oyun Geliştirme Birebir Yüz Yüze Özel Ders","55","Ne Öğreneceğim?","15","","","","https://unityverseacademy.com/urun/unity-ile-oyun-gelistirme-yuz-yuze-ozel-ders-1361/","","","","","","214668","52872","52872","7,836","","3675","727","5,055","9,231","Very Hard","14,367","2","2","","23","3","0","1,720","88","44","0","14","14","0","","","","","d0ae1e8f90b988d153030a9a699c4729","0,256","","","","","tr","1.1","","","","","","https://unityverseacademy.com/urun/unity-ile-oyun-gelistirme-yuz-yuze-ozel-ders-1361/","2026-07-30 13:41:10"
"https://unityverseacademy.com/urun/film-ve-animasyon-icin-storyboard-canli-online-egitimi-551/","text/html; charset=utf-8","200","OK","Indexable","","Film ve Animasyon için Storyboard Canlı (Online) Eğitimi","56","500","Film ve Animasyon için Storyboard Canlı (Online) Eğitimi, film, animasyon ve video prodüksiyon süreçlerinde güçlü bir görsel anlatım oluşturmak isteyenler için kapsamlı bir eğitim sunmaktadır. Bu eğitimde, storyboard çizimlerinin rolü,","235","1424","Storyboard, Film Storyboard, Animasyon Storyboard, Canlı Online Eğitim, Görsel Hikaye Anlatımı, Film Yapımı, Animasyon Teknikleri, Senaryo Çizimi, Kamera Açıları, Sahne Planlaması, Adobe Photoshop, Storyboard Pro, Hikaye Anlatımı Eğitimi, Video Prodüksiyon, Animasyon Eğitimi, Film Yapımcıları, Animatör Eğitimi, Görsel Anlatım, Storyboard Eğitimi","347","Film ve Animasyon için Storyboard Canlı (Online) Eğitimi","56","","0","Film ve Animasyon için Storyboard Eğitimi","41","Eğitmen: Nevin Eryılmaz (CV için tıklayınız.) Nevin Eryılmaz, geleneksel ve dijital tasarım alanlarındaki 20 yılı aşkın sektör deneyimi yanı sıra, İstinye Üniversitesi'nde Bilgisayar Destekli Tasarım ve Animasyon önlisans ve Dijital Oyun Tasarımı lisans programlarının kurucusudur. Üniversitenin Dijital Oyun Tasarımı bölümündeki tasarım ve yazılım merkezli eğitim anlayışının öncüsü olmakla beraber, 2021 yılında aynı üniversitede Türkiye'nin ilk YÖK onaylı Dijital Oyun Araştırma Merkezi olan Dijital Oyun Geliştirme ve Animasyon Araştırma Uygulama Merkezi'ni kurmuştur ve iki sene boyunca Merkez Müdürü olarak görev almıştır. Merkez'de üniversitenin Animasyon ve Dijital Oyun Tasarımı programlarındaki öğrencilerin kendi oyunlarını geliştirerek oyun marketlerinde yayınlaması ve ticarileşmeleri desteklenmiştir. Eryılmaz'ın sektör ve akademi deneyimli kadrosunun etkisi ile, İstinye Üniversitesi Dijital Oyun Tasarımı bölümü iki senede Türkiye'nin ilk tercih edilen 3 üniversitesi arasına yerleşmiştir. Eryılmaz'ın Milli Eğitim Bakanlığı ve çeşitli dijital oyun şirketleri ortaklığında gerçekleşen proje ve çalışmaları devam etmektedir.","1139","","","","https://unityverseacademy.com/urun/film-ve-animasyon-icin-storyboard-canli-online-egitimi-551/","","","","","","213538","65920","65920","9,769","","2531","521","4,858","5,930","Very Hard","10,114","2","2","","42","3","0","1,720","106","44","0","13","12","0","","","","","d9115c7c492ae3895ee10cbdaea6a4df","0,261","","","","","tr","1.1","","","","","","https://unityverseacademy.com/urun/film-ve-animasyon-icin-storyboard-canli-online-egitimi-551/","2026-07-30 13:41:10"
"https://unityverseacademy.com/urun/autocad-egitimi-1519/","text/html; charset=utf-8","200","OK","Indexable","","AutoCAD Eğitimi","15","148","AutoCAD Eğitimi, mühendislik, mimarlık, iç mimarlık ve diğer tasarım disiplinlerinde kullanılan en popüler 2D ve 3D CAD yazılımı olan AutoCAD’i profesyonel seviyede öğrenmek isteyenler için kapsamlı bir eğitim programıdır. AutoCAD, te","234","1424","AutoCAD Eğitimi, 2D Çizim, 3D Modelleme, Teknik Çizim, AutoCAD Kursu, Mimarlık Çizimi, Mühendislik Tasarımı, AutoCAD Teknikleri, CAD Yazılımı, Proje Çizimi, AutoCAD ile Tasarım, AutoCAD Eğitimi, Katman Yönetimi, AutoCAD 3D, Çizim ve Modelleme, Mühendislik Yazılımları, İç Mimarlık Tasarımı, Çizim Standartları, AutoCAD Projeleri, AutoCAD Kullanımı, AutoCAD ile Plan Hazırlama","375","AutoCAD Eğitimi","15","","0","","0","AutoCAD Eğitimi Özel Ders","25","","","","https://unityverseacademy.com/urun/autocad-egitimi-1519/","","","","","","155640","39076","39076","5,791","","813","227","3,581","37,850","Hard","4,421","2","2","","17","3","0","1,720","80","44","0","11","11","0","","","","","e20b7a13bd1cb8178b3eb4880a5437fd","0,252","","","","","tr","1.1","","","","","","https://unityverseacademy.com/urun/autocad-egitimi-1519/","2026-07-30 13:41:11"
"https://unityverseacademy.com/urun/zbrush-ile-organik-modelleme-yuz-yuze-egitimi-590/","text/html; charset=utf-8","200","OK","Indexable","","ZBrush Organik Modelleme Kursu | Yüz Yüze","41","396","ZBrush ile organik ve karakter modelleme yüz yüze kursu. Dijital sculpting, anatomi ve detaylandırma tekniklerini öğrenin!","122","740","ZBrush kursu, ZBrush eğitimi yüz yüze, organik modelleme kursu, dijital heykelcilik eğitimi, 3D karakter sculpting, ZBrush İstanbul","131","ZBrush ile Organik & Karakter Modelleme Kursu – Yüz Yüze (Dijital Sculpting)","76","","0","ZBrush ile Organik ve Karakter Modelleme Kursu – Dijital Sculpting, Anatomi ve Detaylandırma (Yüz Yüze)","103","Goz Games Kurucu ortağıdır, sektörde 20 yılı aşkın süredir video kurgu, after effects, animasyon, 3D modelleme ve tasarım alanlarında çalışmaktadır. Ayrıca öğrenciler, Türkiye’nin saygın üniversitelerinin teknoparklarından ve Sanayi ve Teknoloji Bakanlığı’ndan onaylı Ar-Ge Projesi kapsamında dijital heykel ve karakter tasarımı proje ekibinde aktif olarak görev alır ve “ZBrush Proje Geliştirme Sertifikası” almaya hak kazanır. Eğitim sürecinde ZBrush yazılımı ile organik modelleme, karakter anatomisi, detaylandırma ve dijital heykel alanlarında ileri düzey teknik ve sanatsal beceriler geliştirirler. Oluşturdukları karakter ve yaratıcı konsept çalışmalarını ArtStation, CGSociety ve diğer uluslararası dijital sanat platformlarında sergileyerek, oyun, film ve dijital sanat endüstrilerinde profesyonel portföy oluştururlar ve kariyer fırsatlarında önemli bir avantaj elde ederler.","885","","","","https://unityverseacademy.com/urun/zbrush-ile-organik-modelleme-yuz-yuze-egitimi-590/","","","","","","176314","44696","44696","6,624","","2159","459","4,704","9,428","Very Hard","10,457","2","2","","10","3","0","1,720","74","44","0","14","13","0","","","","","2b2725e656f85c1d239b5b842843db42","0,271","","","","","tr","1.1","","","","","","https://unityverseacademy.com/urun/zbrush-ile-organik-modelleme-yuz-yuze-egitimi-590/","2026-07-30 13:41:11"
"https://unityverseacademy.com/urun/yapay-zeka-destekli-unity-ile-oyun-gelistirme-egitimi-yuz-yuze-1680/","text/html; charset=utf-8","200","OK","Indexable","","AI Destekli Unity Oyun Geliştirme Kursu | Yüz Yüze","50","447","Yapay zeka (AI) destekli Unity ile oyun geliştirme yüz yüze kursu. AI araçlarıyla oyun geliştirme sürecinizi hızlandırın. Yeni nesil eğitim!","140","812","yapay zeka oyun geliştirme, AI destekli unity kursu, yapay zeka ile oyun tasarımı, AI game development eğitimi","110","Yapay Zeka (AI) Destekli Unity ile Oyun Geliştirme Kursu – Yüz Yüze","67","","0","Yapay Zeka (AI) Destekli Unity ile Oyun Geliştirme Yüz Yüze Kursu","65","Eğitimin Amacı","14","","","","https://unityverseacademy.com/urun/yapay-zeka-destekli-unity-ile-oyun-gelistirme-egitimi-yuz-yuze-1680/","","","","","","167853","43555","43555","6,455","","1413","322","4,388","35,277","Hard","6,685","2","2","","12","3","0","1,720","75","44","0","13","13","0","","","","","125048cba3650d88865d96c2210582ce","0,271","","","","","tr","1.1","","","","","","https://unityverseacademy.com/urun/yapay-zeka-destekli-unity-ile-oyun-gelistirme-egitimi-yuz-yuze-1680/","2026-07-30 13:41:11"
"https://unityverseacademy.com/urun/ispanyolca-egitimi-ozel-ders-1441/","text/html; charset=utf-8","200","OK","Indexable","","İspanyolca Eğitimi Özel Ders","28","252","İspanyolca Eğitimi Özel Ders ürünü, özellikleri ve en uygun fiyatları Unityverse Academy da. İspanyolca Eğitimi Özel Ders, Özel Dersler kategorisinde.","150","902","","0","İspanyolca Eğitimi Özel Ders","28","","0","","0","","0","","","","https://unityverseacademy.com/urun/ispanyolca-egitimi-ozel-ders-1441/","","","","","","130560","32723","32723","4,850","","295","101","2,921","63,062","Normal","2,172","2","2","","8","3","0","1,720","70","43","0","11","11","0","","","","","306ce7bd6b282e40a1f6a85243d44ac8","0,277","","","","","tr","1.1","","","","","","https://unityverseacademy.com/urun/ispanyolca-egitimi-ozel-ders-1441/","2026-07-30 13:41:11"
"https://unityverseacademy.com/urun/java-yazilim-egitimi-online-819/","text/html; charset=utf-8","200","OK","Indexable","","Java Programlama Kursu | Online Eğitim 2026","43","411","Java programlama online kursu. Sıfırdan ileri seviyeye Java, OOP ve Spring Boot öğrenin. Kariyer odaklı eğitim!","111","679","Java kursu online, Java programlama eğitimi, Spring Boot kursu, Java developer eğitimi","86","Java Programlama Kursu – Sıfırdan İleri Seviye Online Eğitim","60","","0","Java Programlama Online Kursu – Sıfırdan İleri Seviye OOP & Spring Boot","71","Java Kursu | Ne Öğreneceğim","27","","","","https://unityverseacademy.com/urun/java-yazilim-egitimi-online-819/","","","","","","190651","48485","48485","7,185","","2863","586","4,886","7,707","Very Hard","12,805","2","2","","14","3","0","1,720","78","44","0","14","13","0","","","","","63b8ce56daf12a63579f5440e2b4d7d5","0,301","","","","","tr","1.1","","","","","","https://unityverseacademy.com/urun/java-yazilim-egitimi-online-819/","2026-07-30 13:41:11"
"https://unityverseacademy.com/urun/zbrush-ile-organik-modelleme-canli-yuz-yuze-ozel-ders-1533/","text/html; charset=utf-8","200","OK","Indexable","","ZBrush Organik Modelleme Özel Ders | Yüz Yüze","45","430","ZBrush organik modelleme birebir yüz yüze özel ders. Sculpting, anatomi ve karakter detaylandırmayı kişiye özel öğrenin!","120","739","ZBrush özel ders yüz yüze, organik modelleme birebir kurs, dijital sculpting özel eğitim, ZBrush anatomi, karakter sculpting özel","129","ZBrush Organik Modelleme Özel Ders – Birebir Yüz Yüze (Sculpting & Anatomi)","75","","0","ZBrush ile Organik Modelleme Birebir Yüz Yüze Özel Ders – Sculpting, Anatomi ve Retopoloji","90","Goz Games Kurucu ortağıdır, sektörde 20 yılı aşkın süredir video kurgu, after effects, animasyon, 3D modelleme ve tasarım alanlarında çalışmaktadır. Ayrıca öğrenciler, Türkiye’nin saygın üniversitelerinin teknoparklarından ve Sanayi ve Teknoloji Bakanlığı’ndan onaylı Ar-Ge Projesi kapsamında dijital heykel ve karakter tasarımı proje ekibinde aktif olarak görev alır ve “ZBrush Proje Geliştirme Sertifikası” almaya hak kazanır. Eğitim sürecinde ZBrush yazılımı ile organik modelleme, karakter anatomisi, detaylandırma ve dijital heykel alanlarında ileri düzey teknik ve sanatsal beceriler geliştirirler. Oluşturdukları karakter ve yaratıcı konsept çalışmalarını ArtStation, CGSociety ve diğer uluslararası dijital sanat platformlarında sergileyerek, oyun, film ve dijital sanat endüstrilerinde profesyonel portföy oluştururlar ve kariyer fırsatlarında önemli bir avantaj elde ederler.","885","","","","https://unityverseacademy.com/urun/zbrush-ile-organik-modelleme-canli-yuz-yuze-ozel-ders-1533/","","","","","","159454","40343","40343","5,979","","1007","234","4,303","24,110","Very Hard","5,499","2","2","","10","3","0","1,720","74","44","0","13","13","0","","","","","f4388da747d4d2f88e63e2a8cede1f2","0,271","","","","","tr","1.1","","","","","","https://unityverseacademy.com/urun/zbrush-ile-organik-modelleme-canli-yuz-yuze-ozel-ders-1533/","2026-07-30 13:41:11"
"https://unityverseacademy.com/urun/unreal-engine-ile-sanal-gerceklik-vr-ozel-ders-online-canli-egitim-1029/","text/html; charset=utf-8","200","OK","Indexable","","Unreal Engine VR Özel Ders | Online Birebir Eğitim","50","441","Unreal Engine 5 ile VR geliştirme birebir online özel ders. Kişisel müfredatla sanal gerçeklik projelerinizi geliştirin. Hemen başvurun!","136","793","UE5 VR özel ders, birebir sanal gerçeklik eğitimi, online VR özel kurs, unreal engine birebir ders","98","Unreal Engine 5 VR Geliştirme Özel Ders – Birebir Online Eğitim","63","","0","Unreal Engine 5 VR Geliştirme Online Birebir Özel Ders","54","Eğitmen: Burak Kaya","19","","","","https://unityverseacademy.com/urun/unreal-engine-ile-sanal-gerceklik-vr-ozel-ders-online-canli-egitim-1029/","","","","","","166895","41408","41408","6,137","","1644","373","4,408","11,600","Very Hard","8,395","2","2","","9","3","0","1,720","73","43","0","16","14","0","","","","","7bd2c89ec7015cb63549f5df9efaa483","0,098","","","","","tr","1.1","","","","","","https://unityverseacademy.com/urun/unreal-engine-ile-sanal-gerceklik-vr-ozel-ders-online-canli-egitim-1029/","2026-07-30 13:41:12"
"https://unityverseacademy.com/urun/unreal-engine-ile-sanal-gerceklik-ozel-ders-online-canli-egitim-1044/","text/html; charset=utf-8","200","OK","Indexable","","UE5 Sanal Gerçeklik Özel Ders | Online Birebir","46","404","Unreal Engine 5 ile sanal gerçeklik (VR/AR) online özel ders. Birebir eğitimle VR/AR geliştirme becerilerinizi ilerletin.","121","695","unreal engine sanal gerçeklik özel ders, VR AR eğitimi birebir, online sanal gerçeklik kursu","92","Unreal Engine 5 Sanal Gerçeklik (VR/AR) Özel Ders – Online Canlı","64","","0","Unreal Engine 5 Sanal Gerçeklik (VR/AR) Online Birebir Özel Ders","64","Eğitmen: Burak Kaya","19","","","","https://unityverseacademy.com/urun/unreal-engine-ile-sanal-gerceklik-ozel-ders-online-canli-egitim-1044/","","","","","","166201","41227","41227","6,110","","1623","368","4,410","11,839","Very Hard","8,334","2","2","","9","3","0","1,720","73","43","0","14","13","0","","","","","2266aec6e552269ad53112bf57dc31f7","0,090","","","","","tr","1.1","","","","","","https://unityverseacademy.com/urun/unreal-engine-ile-sanal-gerceklik-ozel-ders-online-canli-egitim-1044/","2026-07-30 13:41:12"
"https://unityverseacademy.com/urun/sketchupta-mimari-ve-ic-mekân-modelleme-egitimi-uygulamali-yuz-yuze-1620/","text/html; charset=utf-8","301","Moved Permanently","Non-Indexable","Redirected","","0","0","","0","0","","0","","0","","0","","0","","0","","","","","","","","","","54","54","54","0,008","","0","","","","","0,000","2","2","","4","2","0","1,150","0","0","0","0","0","0","","","","","","0,065","","https://unityverseacademy.com/tum-urunler/","HTTP Redirect","","","1.1","","","","","","https://unityverseacademy.com/urun/sketchupta-mimari-ve-ic-mek%C3%A2n-modelleme-egitimi-uygulamali-yuz-yuze-1620/","2026-07-30 13:41:12"
"https://unityverseacademy.com/urun/microsoft-office-egitimi-1123/","text/html; charset=utf-8","200","OK","Indexable","","Microsoft Office Eğitimi","24","211","Microsoft Office Eğitimi, Word Eğitimi, Excel Eğitimi, PowerPoint Eğitimi, Outlook Eğitimi, Microsoft Office Kursu, Ofis Yazılımları, Veri Analizi, Sunum Hazırlama, E-posta Yönetimi, Microsoft Office İleri Düzey, Excel Formülleri, Microsoft O","242","1435","Microsoft Office yazılım paketini etkin bir şekilde kullanmayı öğrenmek isteyenler için kapsamlı bir eğitim programıdır. Microsoft Office, dünya çapında en çok tercih edilen ofis yazılımlarından biri olup, iş dünyasında ve günlük hayatta yaygın olarak kullanılır. Bu eğitim, Word, Excel, PowerPoint, Outlook ve diğer Office araçlarını kullanarak verimliliği artırmaya yönelik kapsamlı bilgi sağlar.  Eğitimde, katılımcılar Microsoft Office uygulamalarının temel ve ileri düzey özelliklerini öğreneceklerdir. Word ile belge oluşturma, düzenleme ve formatlama, Excel ile veri analizi, formüller, grafikler ve pivot tablolar oluşturma, PowerPoint ile etkileyici sunumlar hazırlama, Outlook ile e-posta ve takvim yönetimi gibi beceriler kazandırılacaktır. Ayrıca, Office programlarının entegrasyonu ve veri paylaşımı gibi konulara da değinilecektir.","845","Microsoft Office Eğitimi","24","","0","Eğitimimizden kareler:","22","IMG_50372.jpg","13","","","","https://unityverseacademy.com/urun/microsoft-office-egitimi-1123/","","","","","","172336","58911","58911","8,731","","305","105","2,905","58,264","Fairly Hard","1,700","2","2","","8","3","0","1,720","70","43","0","11","11","0","","","","","4e553660eb62bdd1f4d5bfdf0fcace39","0,268","","","","","tr","1.1","","","","","","https://unityverseacademy.com/urun/microsoft-office-egitimi-1123/","2026-07-30 13:41:12"
"https://unityverseacademy.com/blog-detay/zbrush-kursu-egitimi-296/","text/html; charset=utf-8","200","OK","Indexable","","Zbrush Kursu Eğitimi","20","186","zbrush eğitimi tanıtım yazısı","29","172","unreal engine,","14","Zbrush Kursu Eğitimi","20","","0","ZBrush Nedir? Organik Sculpting, Dijital Heykel ve Karakter Tasarımı Rehberi","76","ZBrush ile Neler Yapabilirsiniz?","32","","","","https://unityverseacademy.com/blog-detay/zbrush-kursu-egitimi-296/","","","","","","98843","25183","25183","3,732","","720","171","4,211","44,289","Hard","6,177","2","2","","26","24","0","13,790","80","51","0","7","7","0","","","","","2f06d668c82a02e87ef1ea9382ef2064","0,291","","","","","tr","1.1","","","","","","https://unityverseacademy.com/blog-detay/zbrush-kursu-egitimi-296/","2026-07-30 13:41:12"
"https://unityverseacademy.com/blog-detay/semantik-teknoloji-depo-stok-takip-uygulamasi-tanitimi-251/","text/html; charset=utf-8","200","OK","Indexable","","SEMANTİK TEKNOLOJİ — Depo Stok Takip Uygulaması Tanıtımı","56","566","Semantik Teknoloji Depo Stok Takibi Uygulaması Tanıtımı","55","351","unreal engine,","14","SEMANTİK TEKNOLOJİ — Depo Stok Takip Uygulaması Tanıtımı","56","","0","SEMANTİK TEKNOLOJİ — Akıllı Depo Yönetim Sistemi (WMS)","54","Neyi Çözüyoruz?","15","","","","https://unityverseacademy.com/blog-detay/semantik-teknoloji-depo-stok-takip-uygulamasi-tanitimi-251/","","","","","","101329","26434","26434","3,918","","1007","227","4,436","36,157","Hard","8,184","2","2","","26","24","0","13,790","76","51","0","8","8","0","","","","","4ce50197394f070db621d3f6b9285dba","0,311","","","","","tr","1.1","","","","","","https://unityverseacademy.com/blog-detay/semantik-teknoloji-depo-stok-takip-uygulamasi-tanitimi-251/","2026-07-30 13:41:12"
"https://unityverseacademy.com/urun/flutter-ile-mobil-uygulama-gelistirme-yuz-yuze-egitimi-606/","text/html; charset=utf-8","200","OK","Indexable","","Flutter Mobil Uygulama Kursu | Yüz Yüze Eğitim","46","423","Flutter & Dart ile cross-platform mobil uygulama geliştirme yüz yüze kursu. Uygulamalı eğitimle iOS ve Android öğrenin!","119","728","Flutter kursu yüz yüze, mobil uygulama eğitimi, Dart programlama kursu, cross-platform geliştirme","97","Flutter & Dart ile Cross-Platform Mobil Uygulama Geliştirme Kursu – Yüz Yüze","76","","0","Flutter & Dart ile Cross-Platform Mobil Uygulama Geliştirme Yüz Yüze Kursu","74","Ne Öğreneceğim?","15","","","","https://unityverseacademy.com/urun/flutter-ile-mobil-uygulama-gelistirme-yuz-yuze-egitimi-606/","","","","","","204383","50407","50407","7,470","","3462","685","5,054","2,912","Very Hard","14,447","2","2","","19","3","0","1,720","82","43","0","13","13","0","","","","","e6fc7ae555cbae9f976bfe6097831215","0,092","","","","","tr","1.1","","","","","","https://unityverseacademy.com/urun/flutter-ile-mobil-uygulama-gelistirme-yuz-yuze-egitimi-606/","2026-07-30 13:41:12"
"https://unityverseacademy.com/urun/lumion-egitimi-1130/","text/html; charset=utf-8","200","OK","Indexable","","Lumion Eğitimi","14","134","Lumion Eğitimi, mimarların, iç mimarların ve 3D tasarımcılarının projelerini etkili bir şekilde görselleştirmeleri için ihtiyacı olan güçlü bir eğitim programıdır. Lumion, 3D modelleme yazılımları ile uyumlu çalışan, hızlı ve ge","228","1316","Lumion Eğitimi, 3D Görselleştirme, Render Alma, Lumion Kursu, Mimarlar İçin Lumion, Mimarlık Görselleştirme, 3D Modelleme, Render Yazılımı, Hızlı Render, Lumion ile Tasarım, Animasyon Yapma, Mimari Sunum, İç Mimarlık, 3D Proje Görselleştirme, Lumion Eğitim Programı, Lumion ile Render, Gerçekçi Render, Lumion Teknikleri, Lumion İleri Düzey Eğitimi","348","Lumion Eğitimi","14","","0","Eğitimimizden kareler:","22","IMG_50372.jpg","13","","","","https://unityverseacademy.com/urun/lumion-egitimi-1130/","","","","","","164423","57179","57179","8,474","","291","102","2,853","61,195","Normal","1,722","2","2","","8","3","0","1,720","70","43","0","11","11","0","","","","","8941d718e94f0519873247277d00faf4","0,297","","","","","tr","1.1","","","","","","https://unityverseacademy.com/urun/lumion-egitimi-1130/","2026-07-30 13:41:13"
"https://unityverseacademy.com/urun/adobe-photoshop-ve-adobe-illustrator-onlinecanli-egitim-1001/","text/html; charset=utf-8","200","OK","Indexable","","Photoshop & Illustrator Grafik Tasarım | Online","47","414","Adobe Photoshop ve Illustrator grafik tasarım kursu online canlı eğitim. İki programı birlikte uzaktan öğrenin!","111","667","Photoshop Illustrator online kurs, grafik tasarım kursu online, Adobe eğitimi canlı, Ps Ai kursu","96","Adobe Photoshop & Illustrator Grafik Tasarım Kursu – Online Canlı","65","","0","Adobe Photoshop & Illustrator ile Grafik Tasarım Kursu – Online Canlı Eğitim","76","","0","","","","https://unityverseacademy.com/urun/adobe-photoshop-ve-adobe-illustrator-onlinecanli-egitim-1001/","","","","","","236943","52150","52150","7,729","","3538","794","4,456","10,300","Very Hard","12,510","2","2","","325","3","0","1,720","391","45","0","12","12","0","","","","","cfb04cfa79723b2b5de61b48a61d8b63","0,308","","","","","tr","1.1","","","","","","https://unityverseacademy.com/urun/adobe-photoshop-ve-adobe-illustrator-onlinecanli-egitim-1001/","2026-07-30 13:41:13"
"https://unityverseacademy.com/urun/cocuklar-icin-unity-ile-oyun-gelistirme-canli-online-egitimi-1380/","text/html; charset=utf-8","200","OK","Indexable","","Çocuklar İçin Unity Oyun & Kodlama | Online Kurs","48","434","7-17 yaş çocuklara özel Unity ile oyun geliştirme ve kodlama online kursu. Evinizden eğlenceli derslerle oyun tasarımına başlasın!","130","785","çocuk online kodlama kursu, çocuk unity eğitimi online, çocuklar için oyun programlama, online çocuk yazılım kursu","114","Çocuklar İçin Unity ile Oyun Geliştirme ve Kodlama Kursu – Online Canlı (7-17 Yaş)","82","","0","Çocuklar İçin Unity ile Oyun Geliştirme ve Kodlama Online Kursu (7-17 Yaş)","74","Ne Öğreneceğim?","15","","","","https://unityverseacademy.com/urun/cocuklar-icin-unity-ile-oyun-gelistirme-canli-online-egitimi-1380/","","","","","","202561","50423","50423","7,473","","3300","676","4,882","5,916","Very Hard","13,943","2","2","","24","3","0","1,720","89","45","0","13","13","0","","","","","71695b8088553f683b542af0ff76d256","0,082","","","","","tr","1.1","","","","","","https://unityverseacademy.com/urun/cocuklar-icin-unity-ile-oyun-gelistirme-canli-online-egitimi-1380/","2026-07-30 13:41:13"
"https://unityverseacademy.com/urun/36-saat-kapsamli-zbrush-modelleme-egitimi-online-1540/","text/html; charset=utf-8","200","OK","Indexable","","ZBrush Kapsamlı Sculpting Kursu 36 Saat | Online","48","442","36 saatlik kapsamlı ZBrush sculpting online kursu. Karakter modelleme, organik ve hard surface teknikleri evinizden öğrenin!","124","761","ZBrush kursu online, kapsamlı sculpting eğitimi, ZBrush 36 saat online, dijital heykelcilik online kurs, ZBrush karakter modelleme","130","ZBrush Kapsamlı Sculpting Kursu – 36 Saat Online (Organik & Hard Surface)","73","","0","ZBrush Kapsamlı Sculpting Uzmanlığı Kursu – 36 Saat Organik ve Hard Surface Modelleme (Online)","94","Goz Games Kurucu ortağıdır, sektörde 20 yılı aşkın süredir video kurgu, after effects, animasyon, 3D modelleme ve tasarım alanlarında çalışmaktadır. Ayrıca öğrenciler, Türkiye’nin saygın üniversitelerinin teknoparklarından ve Sanayi ve Teknoloji Bakanlığı’ndan onaylı Ar-Ge Projesi kapsamında dijital heykel ve karakter tasarımı proje ekibinde aktif olarak görev alır ve “ZBrush Proje Geliştirme Sertifikası” almaya hak kazanır. Eğitim sürecinde ZBrush yazılımı ile organik modelleme, karakter anatomisi, detaylandırma ve dijital heykel alanlarında ileri düzey teknik ve sanatsal beceriler geliştirirler. Oluşturdukları karakter ve yaratıcı konsept çalışmalarını ArtStation, CGSociety ve diğer uluslararası dijital sanat platformlarında sergileyerek, oyun, film ve dijital sanat endüstrilerinde profesyonel portföy oluştururlar ve kariyer fırsatlarında önemli bir avantaj elde ederler.","885","","","","https://unityverseacademy.com/urun/36-saat-kapsamli-zbrush-modelleme-egitimi-online-1540/","","","","","","162341","39971","39971","5,924","","1589","375","4,237","36,954","Hard","7,792","2","2","","19","3","0","1,720","82","44","0","12","12","0","","","","","6fc66aaecc9090b7810183a86a25ee06","0,261","","","","","tr","1.1","","","","","","https://unityverseacademy.com/urun/36-saat-kapsamli-zbrush-modelleme-egitimi-online-1540/","2026-07-30 13:41:13"
"https://unityverseacademy.com/urun/unreal-engine-ile-oyun-gelistirme-150-saatlik-kapsamli-blueprintmufredati-yuz-yuze-egitim-1116/","text/html; charset=utf-8","200","OK","Indexable","","UE5 Blueprint Oyun Kursu | 150 Saat Yüz Yüze","44","408","150 saatlik Unreal Engine 5 Blueprint yüz yüze kursu. Sınıf ortamında uygulamalı kodsuz oyun geliştirme öğrenin. Sertifikalı!","125","757","unreal engine yüz yüze kurs, UE5 blueprint sınıf eğitimi, kodsuz oyun geliştirme yüz yüze, visual scripting kursu","113","Unreal Engine 5 Blueprint ile Kodsuz Oyun Geliştirme Kursu – 150 Saat Yüz Yüze","78","","0","Unreal Engine 5 Blueprint ile Kodsuz Oyun Geliştirme – 150 Saatlik Yüz Yüze Kurs","80","Ne Öğreneceğim?","15","","","","https://unityverseacademy.com/urun/unreal-engine-ile-oyun-gelistirme-150-saatlik-kapsamli-blueprintmufredati-yuz-yuze-egitim-1116/","","","","","","187415","47369","47369","7,020","","2753","615","4,476","17,235","Very Hard","12,236","2","2","","22","3","0","1,720","87","45","0","14","14","0","","","","","88bcf32aeafa81e830cd7d44e0047d8a","0,083","","","","","tr","1.1","","","","","","https://unityverseacademy.com/urun/unreal-engine-ile-oyun-gelistirme-150-saatlik-kapsamli-blueprintmufredati-yuz-yuze-egitim-1116/","2026-07-30 13:41:13"
"https://unityverseacademy.com/urun/film-ve-animasyon-icin-storyboard-yuz-yuze-egitimi-ozel-ders-1287/","text/html; charset=utf-8","200","OK","Indexable","","Storyboard Yüz Yüze Eğitimi","27","251","Film ve animasyon projeleri için storyboard hazırlama becerisi kazandıran bu eğitim, katılımcılara görsel hikaye anlatımını öğretir. Eğitimde, karakter ve sahne tasarımı, kamera açıları, hareket analizleri ve anlatım akışı gibi teme","232","1376","Storyboard, Yüz Yüze Eğitim, Film ve Animasyon, Hikaye Anlatımı, Kamera Açıları, Sahne Tasarımı, Animasyon Eğitimi, Storyboard Hazırlama.","137","Film ve Animasyon için Storyboard Yüz Yüze Eğitimi Özel Ders","60","","0","Eğitmen: Nevin Eryılmaz (CV için tıklayınız.) Nevin Eryılmaz, geleneksel ve dijital tasarım alanlarındaki 20 yılı aşkın sektör deneyimi yanı sıra, İstinye Üniversitesi'nde Bilgisayar Destekli Tasarım ve Animasyon önlisans ve Dijital Oyun Tasarımı lisans programlarının kurucusudur. Üniversitenin Dijital Oyun Tasarımı bölümündeki tasarım ve yazılım merkezli eğitim anlayışının öncüsü olmakla beraber, 2021 yılında aynı üniversitede Türkiye'nin ilk YÖK onaylı Dijital Oyun Araştırma Merkezi olan Dijital Oyun Geliştirme ve Animasyon Araştırma Uygulama Merkezi'ni kurmuştur ve iki sene boyunca Merkez Müdürü olarak görev almıştır. Merkez'de üniversitenin Animasyon ve Dijital Oyun Tasarımı programlarındaki öğrencilerin kendi oyunlarını geliştirerek oyun marketlerinde yayınlaması ve ticarileşmeleri desteklenmiştir. Eryılmaz'ın sektör ve akademi deneyimli kadrosunun etkisi ile, İstinye Üniversitesi Dijital Oyun Tasarımı bölümü iki senede Türkiye'nin ilk tercih edilen 3 üniversitesi arasına yerleşmiştir. Eryılmaz'ın Milli Eğitim Bakanlığı ve çeşitli dijital oyun şirketleri ortaklığında gerçekleşen proje ve çalışmaları devam etmektedir.","1139","3boyuntlu_modelleme_ve_animasyon2.jpg","37","","","","https://unityverseacademy.com/urun/film-ve-animasyon-icin-storyboard-yuz-yuze-egitimi-ozel-ders-1287/","","","","","","167701","55745","55745","8,261","","471","130","3,623","42,938","Hard","2,559","2","2","","8","3","0","1,720","70","43","0","12","12","0","","","","","fa89f3d8f5de1f2fb216e5c067716dff","0,076","","","","","tr","1.1","","","","","","https://unityverseacademy.com/urun/film-ve-animasyon-icin-storyboard-yuz-yuze-egitimi-ozel-ders-1287/","2026-07-30 13:41:14"
"https://unityverseacademy.com/blog-detay/substance-painter-egitimi-286/","text/html; charset=utf-8","200","OK","Indexable","","Substance Painter Eğitimi","25","231","Substance Painter Eğitimi Bilgilendirmesi","41","251","unreal engine,","14","Substance Painter Eğitimi","25","","0","Substance Painter İleri Seviye — PBR Texture, Smart Materials ve Üretim Pipeline Rehberi","88","Substance Painter ile Neler Yapabilirsiniz?","43","","","","https://unityverseacademy.com/blog-detay/substance-painter-egitimi-286/","","","","","","99076","25235","25235","3,740","","723","167","4,329","44,825","Hard","6,079","2","2","","26","24","0","13,790","80","54","0","7","7","0","","","","","d020571d95410a8b851ec44778846f7f","0,259","","","","","tr","1.1","","","","","","https://unityverseacademy.com/blog-detay/substance-painter-egitimi-286/","2026-07-30 13:41:14"
"https://unityverseacademy.com/urun/fizik-egitimi-ozel-ders-1429/","text/html; charset=utf-8","200","OK","Indexable","","Fizik Eğitimi  Özel Ders","24","199","Fizik Eğitimi  Özel Ders ürünü, özellikleri ve en uygun fiyatları Unityverse Academy da. Fizik Eğitimi  Özel Ders, Özel Dersler kategorisinde.","142","822","","0","Fizik Eğitimi Özel Ders","23","","0","Eğitim Koordinatörü: Doç. Dr. Ali Çivril(CV için tıklayınız.)","61","","0","","","","https://unityverseacademy.com/urun/fizik-egitimi-ozel-ders-1429/","","","","","","134163","34360","34360","5,092","","419","130","3,223","47,286","Hard","2,861","2","2","","8","3","0","1,720","71","44","0","12","12","0","","","","","28971a6ceb9c21cfb24be3cf00ab8d40","0,280","","","","","tr","1.1","","","","","","https://unityverseacademy.com/urun/fizik-egitimi-ozel-ders-1429/","2026-07-30 13:41:14"
"https://unityverseacademy.com/urun/java-yazilim-egitimi-yuz-yuze-821/","text/html; charset=utf-8","200","OK","Indexable","","Java Programlama Kapsamlı Kursu | Yüz Yüze","42","414","Kapsamlı Java programlama yüz yüze kursu. Java SE, EE ve framework'lerle enterprise yazılım geliştirmeyi öğrenin.","113","707","Java kapsamlı kurs, ileri Java eğitimi, Java SE/EE kursu, enterprise Java","73","Java Programlama Kursu – Kapsamlı Yüz Yüze Eğitim","49","","0","Java Programlama Kapsamlı Yüz Yüze Kursu – Enterprise Java & Framework","70","Java Kursu | Ne Öğreneceğim","27","","","","https://unityverseacademy.com/urun/java-yazilim-egitimi-yuz-yuze-821/","","","","","","190502","48510","48510","7,189","","2858","586","4,877","7,820","Very Hard","12,795","2","2","","14","3","0","1,720","78","44","0","14","13","0","","","","","54102e4c1b1fd97d912d8a05288a4fdb","0,295","","","","","tr","1.1","","","","","","https://unityverseacademy.com/urun/java-yazilim-egitimi-yuz-yuze-821/","2026-07-30 13:41:14"
"https://unityverseacademy.com/urun/desinatorluk-yuz-yuze-egitimi-612/","text/html; charset=utf-8","200","OK","Indexable","","Desinatörlük & Desen Tasarım Kursu | Yüz Yüze","45","423","Desinatörlük ve tekstil desen tasarım yüz yüze kursu. Baskı desen, kumaş tasarımı ve desen çizim tekniklerini öğrenin!","118","719","desinatörlük kursu, tekstil desen tasarımı eğitimi, grafik tasarım kursu desen, baskı desen kursu","97","Desinatörlük & Tekstil Desen Tasarım Kursu – Yüz Yüze","53","","0","Desinatörlük & Tekstil Desen Tasarım Kursu – Yüz Yüze Eğitim","60","Öğr. Gör. Nevin Eryılmaz'ın katıldığı programlardan bir kaçı:","61","","","","https://unityverseacademy.com/urun/desinatorluk-yuz-yuze-egitimi-612/","","","","","","201488","50294","50294","7,454","","3286","734","4,477","15,996","Very Hard","13,443","2","2","","12","3","0","1,720","75","43","0","12","12","0","","","","","dbf2f2ecd116e76ed7cbccad8bc7e0c","0,341","","","","","tr","1.1","","","","","","https://unityverseacademy.com/urun/desinatorluk-yuz-yuze-egitimi-612/","2026-07-30 13:41:15"
"https://unityverseacademy.com/urun/zbrush-ile-kuyumculuk-ve-taki-tasarimi-egitimi-yuz-yuze-1535/","text/html; charset=utf-8","200","OK","Indexable","","ZBrush 3D Takı & Kuyumculuk Kursu | Yüz Yüze","44","420","ZBrush ile 3D kuyumculuk ve takı tasarımı yüz yüze kursu. Dijital mücevher modelleme ve 3D baskı prototipleme öğrenin!","118","735","ZBrush kuyumculuk kursu yüz yüze, 3D takı tasarımı İstanbul, dijital mücevher modelleme, mücevher 3D baskı, takı prototipleme","125","ZBrush ile 3D Kuyumculuk & Takı Tasarımı Kursu – Yüz Yüze (Dijital Mücevher & Prototip)","87","","0","ZBrush ile 3D Kuyumculuk ve Takı Tasarımı Kursu – Dijital Mücevher ve 3D Baskı Prototipleme (Yüz Yüze)","102","Goz Games Kurucu ortağıdır, sektörde 20 yılı aşkın süredir video kurgu, after effects, animasyon, 3D modelleme ve tasarım alanlarında çalışmaktadır. Ayrıca öğrenciler, Türkiye’nin saygın üniversitelerinin teknoparklarından ve Sanayi ve Teknoloji Bakanlığı’ndan onaylı Ar-Ge Projesi kapsamında dijital heykel ve karakter tasarımı proje ekibinde aktif olarak görev alır ve “ZBrush Proje Geliştirme Sertifikası” almaya hak kazanır. Eğitim sürecinde ZBrush yazılımı ile organik modelleme, karakter anatomisi, detaylandırma ve dijital heykel alanlarında ileri düzey teknik ve sanatsal beceriler geliştirirler. Oluşturdukları karakter ve yaratıcı konsept çalışmalarını ArtStation, CGSociety ve diğer uluslararası dijital sanat platformlarında sergileyerek, oyun, film ve dijital sanat endüstrilerinde profesyonel portföy oluştururlar ve kariyer fırsatlarında önemli bir avantaj elde ederler.","885","","","","https://unityverseacademy.com/urun/zbrush-ile-kuyumculuk-ve-taki-tasarimi-egitimi-yuz-yuze-1535/","","","","","","166254","40961","40961","6,070","","1435","337","4,258","37,322","Hard","7,107","2","2","","17","3","0","1,720","80","44","0","12","12","0","","","","","c4ed0d491b3bfef1287862d39b20b787","0,335","","","","","tr","1.1","","","","","","https://unityverseacademy.com/urun/zbrush-ile-kuyumculuk-ve-taki-tasarimi-egitimi-yuz-yuze-1535/","2026-07-30 13:41:15"
"https://unityverseacademy.com/urun/ingilizce-egitimi-ozel-ders-1442/","text/html; charset=utf-8","200","OK","Indexable","","İngilizce Eğitimi Özel Ders","27","231","İngilizce Eğitimi Özel Ders ürünü, özellikleri ve en uygun fiyatları Unityverse Academy da. İngilizce Eğitimi Özel Ders, Özel Dersler kategorisinde.","148","866","","0","İngilizce Eğitimi Özel Ders","27","","0","","0","","0","","","","https://unityverseacademy.com/urun/ingilizce-egitimi-ozel-ders-1442/","","","","","","130507","32718","32718","4,849","","295","101","2,921","63,922","Normal","2,170","2","2","","8","3","0","1,720","70","43","0","11","11","0","","","","","eed663058656bb932f85d15cc7f23b8d","0,075","","","","","tr","1.1","","","","","","https://unityverseacademy.com/urun/ingilizce-egitimi-ozel-ders-1442/","2026-07-30 13:41:15"
"https://unityverseacademy.com/urun/unreal-engine-ile-metaverse-gelistirme-yuz-yuze-egitim-850/","text/html; charset=utf-8","200","OK","Indexable","","UE5 Metaverse Geliştirme Kursu | Yüz Yüze Eğitim","48","449","Unreal Engine 5 ile metaverse ve sanal dünya geliştirme yüz yüze kursu. Web3, VR/AR teknolojileriyle geleceğe hazırlanın!","121","739","metaverse kursu, sanal dünya geliştirme eğitimi, UE5 metaverse, metaverse geliştirici eğitimi","93","Unreal Engine 5 ile Metaverse & Sanal Dünya Geliştirme Kursu – Yüz Yüze","71","","0","Unreal Engine 5 ile Metaverse ve Sanal Dünya Geliştirme Yüz Yüze Kursu","70","Eğitmen: Burak Kaya","19","","","","https://unityverseacademy.com/urun/unreal-engine-ile-metaverse-gelistirme-yuz-yuze-egitim-850/","","","","","","175321","42418","42418","6,286","","1924","430","4,474","10,624","Very Hard","9,299","2","2","","17","3","0","1,720","81","44","0","14","13","0","","","","","f82527efdf4944cd85bad2786e382c43","0,256","","","","","tr","1.1","","","","","","https://unityverseacademy.com/urun/unreal-engine-ile-metaverse-gelistirme-yuz-yuze-egitim-850/","2026-07-30 13:41:15"
"https://unityverseacademy.com/urun/desinatorluk-egitimi-ozel-ders-1412/","text/html; charset=utf-8","200","OK","Indexable","","Desinatörlük Özel Ders | Birebir Desen Tasarım","46","416","Desinatörlük ve tekstil desen tasarım birebir özel ders. Kişiye özel müfredatla desen çizim ve tasarım öğrenin!","111","666","desinatörlük özel ders, desen tasarım birebir eğitim, tekstil deseni özel kurs","78","Desinatörlük & Tekstil Desen Tasarım Özel Ders – Birebir","56","","0","Desinatörlük & Tekstil Desen Tasarım Birebir Özel Ders","54","Öğr. Gör. Nevin Eryılmaz'ın katıldığı programlardan bir kaçı:","61","","","","https://unityverseacademy.com/urun/desinatorluk-egitimi-ozel-ders-1412/","","","","","","211566","47009","47009","6,967","","2506","610","4,108","22,527","Very Hard","9,722","2","2","","340","3","0","1,720","403","44","0","11","11","0","","","","","fa151fee7d566c4d1336524b4360523d","0,100","","","","","tr","1.1","","","","","","https://unityverseacademy.com/urun/desinatorluk-egitimi-ozel-ders-1412/","2026-07-30 13:41:15"
"https://unityverseacademy.com/urun/v-ray-ile-gercekci-ic-ve-dis-mekân-render-uretimi-egitimi-online-egitim-1623/","text/html; charset=utf-8","301","Moved Permanently","Non-Indexable","Redirected","","0","0","","0","0","","0","","0","","0","","0","","0","","","","","","","","","","54","54","54","0,008","","0","","","","","0,000","2","2","","4","2","0","1,150","0","0","0","0","0","0","","","","","","0,067","","https://unityverseacademy.com/tum-urunler/","HTTP Redirect","","","1.1","","","","","","https://unityverseacademy.com/urun/v-ray-ile-gercekci-ic-ve-dis-mek%C3%A2n-render-uretimi-egitimi-online-egitim-1623/","2026-07-30 13:41:15"
"https://unityverseacademy.com/urun/it-danismanlik-hizmeti-ozel-ders-1435/","text/html; charset=utf-8","200","OK","Indexable","","IT Danışmanlık Hizmeti Özel Ders","32","298","IT Danışmanlık Hizmeti Özel Ders ürünü, özellikleri ve en uygun fiyatları Unityverse Academy da. IT Danışmanlık Hizmeti Özel Ders, Özel Dersler kategorisinde.","158","958","","0","IT Danışmanlık Hizmeti Özel Ders","32","","0","Eğitim Koordinatörü: Prof. Dr. Çetin Kaya Koç (CV'ye erişmek için tıklayınız)","77","","0","","","","https://unityverseacademy.com/urun/it-danismanlik-hizmeti-ozel-ders-1435/","","","","","","134767","34441","34441","5,104","","427","129","3,310","49,729","Hard","2,896","2","2","","8","3","0","1,720","71","44","0","12","12","0","","","","","51cfcce5e1f9ffe1406bcdab125cdf4a","0,260","","","","","tr","1.1","","","","","","https://unityverseacademy.com/urun/it-danismanlik-hizmeti-ozel-ders-1435/","2026-07-30 13:41:15"
"https://unityverseacademy.com/urun/sosyal-medya-ve-google-reklamciligi-yuz-yuze-egitimi-1558/","text/html; charset=utf-8","200","OK","Indexable","","Sosyal Medya ve Google Reklamcılığı Canlı (Online) Eğitimi – Dijital Pazarlama Stratejileri","91","796","Sosyal medya ve Google reklamcılığı üzerine canlı online eğitimimizle, dijital pazarlama dünyasında kendinizi geliştirip, profesyonel seviyeye ulaşabilirsiniz. Facebook, Instagram, YouTube, Google Ads gibi platformlarda etkili reklam kampanyala","244","1483","Sosyal Medya Reklamcılığı, Google Ads, Dijital Pazarlama, Online Reklamcılık, Facebook Ads, Instagram Reklamları, Google Reklamları, YouTube Reklamları, PPC, Reklam Kampanyası, Bütçe Yönetimi, Reklam Analizi, Sosyal Medya Stratejisi, Google Reklam Eğitimi, Dijital Pazarlama Eğitimi","282","Sosyal Medya ve Google Reklamcılığı Yüz Yüze Eğitimi","52","","0","Sosyal Medya ve Google Reklamcılığı Eğitimi","43","Neden Almalısınız?","18","","","","https://unityverseacademy.com/urun/sosyal-medya-ve-google-reklamciligi-yuz-yuze-egitimi-1558/","","","","","","198321","61254","61254","9,078","","2046","431","4,747","4,699","Very Hard","8,877","2","2","","18","3","0","1,720","82","44","0","12","12","0","","","","","b9ce93f794f00562bca48783cd068a51","0,275","","","","","tr","1.1","","","","","","https://unityverseacademy.com/urun/sosyal-medya-ve-google-reklamciligi-yuz-yuze-egitimi-1558/","2026-07-30 13:41:16"
"https://unityverseacademy.com/urun/zbrush-ile-organik-modelleme-canli-online-ozel-ders-24-saat-1297/","text/html; charset=utf-8","200","OK","Indexable","","ZBrush ile Organik Modelleme Canlı (Online) Özel Ders 24 SAAT","61","567","ZBrush ile Organik Modelleme Canlı (Online) Özel Ders 24 SAAT ürünü, özellikleri ve en uygun fiyatları Unityverse Academy da. ZBrush ile Organik Modelleme Canlı (Online) Özel Ders 24 SAAT, 3D Modelleme Eğitimleri kategorisinde.","227","1400","","0","ZBrush ile Organik Modelleme Canlı (Online) Özel Ders 24 SAAT","61","","0","Öğrencilerimizin İlham Verici Başarı Hikayelerini Keşfedin https://unityverseacademy.com/blog/10","96","ZBrush ile Organik Modelleme Eğitimi Eğitmen: Öğr. Gör. Deniz Erbaş (CV'ye erişmek için tıklayınız.) Marmara Üniversitesi Grafik Tasarım ve Yüksek Lisans Sinema TV Mezunu, İstanbul Aydın Üniversitesi Sinema TV bölümünde Doktora (PhD.) eğitimine devam etmektedir.","262","","","","https://unityverseacademy.com/urun/zbrush-ile-organik-modelleme-canli-online-ozel-ders-24-saat-1297/","","","","","","155728","38428","38428","5,695","","593","157","3,777","34,372","Hard","3,465","2","2","","9","3","0","1,720","79","51","0","13","13","0","","","","","71c1a6e194d3a18a021ff5f97ce00a87","0,283","","","","","tr","1.1","","","","","","https://unityverseacademy.com/urun/zbrush-ile-organik-modelleme-canli-online-ozel-ders-24-saat-1297/","2026-07-30 13:41:16"
"https://unityverseacademy.com/uploads/fm/Resume.pdf","text/html; charset=utf-8","301","Moved Permanently","Non-Indexable","Redirected","","0","0","","0","0","","0","","0","","0","","0","","0","","","","","","","","","","42","42","42","0,006","","0","","","","","0,000","2","2","","3","3","0","1,720","0","0","0","0","0","0","","","","","","0,188","","https://unityverseacademy.com/","HTTP Redirect","","","1.1","","","","","","https://unityverseacademy.com/uploads/fm/Resume.pdf","2026-07-30 13:41:16"
"https://unityverseacademy.com/urun/3ds-max-corona-ile-fotogercekci-mimari-gorsellestirmeegitimi-yuz-yuze-1615/","text/html; charset=utf-8","200","OK","Indexable","","3ds Max + Corona ile Fotogerçekçi Mimari Görselleştirme Eğitimi Yüz Yüze","72","665","3ds Max + Corona ile Fotogerçekçi Mimari Görselleştirme Eğitimi Yüz Yüze ürünü, özellikleri ve en uygun fiyatları Unityverse Academy da. 3ds Max + Corona ile Fotogerçekçi Mimari Görselleştirme Eğitimi Yüz Yüze, Mimarlık Eğitimleri kategorisinde.","245","1502","","0","3ds Max + Corona ile Fotogerçekçi Mimari Görselleştirme Eğitimi Yüz Yüze","72","","0","3ds Max + Corona ile Fotogerçekçi Mimari Görselleştirme Eğitimi","63","Ne Öğreneceğim?","15","","","","https://unityverseacademy.com/urun/3ds-max-corona-ile-fotogercekci-mimari-gorsellestirmeegitimi-yuz-yuze-1615/","","","","","","172546","43863","43863","6,500","","1697","339","5,006","27,469","Very Hard","7,988","2","2","","10","3","0","1,720","73","44","0","11","11","0","","","","","2512ac263dbd4b33939e30b2eea097b6","0,272","","","","","tr","1.1","","","","","","https://unityverseacademy.com/urun/3ds-max-corona-ile-fotogercekci-mimari-gorsellestirmeegitimi-yuz-yuze-1615/","2026-07-30 13:41:16"
"https://unityverseacademy.com/urun/unity-ile-oyun-gelistirme-canli-online-egitimi/17/","text/html","301","Moved Permanently","Non-Indexable","Redirected","","0","0","","0","0","","0","","0","","0","","0","","0","","","","","","","","","","178","178","178","0,026","","0","","","","","0,000","2","3","","11","11","0","6,320","0","0","0","0","0","0","","","","","","0,066","","https://unityverseacademy.com/urun/unity-ile-oyun-gelistirme-canli-online-egitimi-staj-garantili-17/","HTTP Redirect","","","1.1","","","","","","https://unityverseacademy.com/urun/unity-ile-oyun-gelistirme-canli-online-egitimi/17/","2026-07-30 13:41:17"
"https://unityverseacademy.com/urun/unreal-engine-ile-metaverse-gelistirme-online-canli-egitim-851/","text/html; charset=utf-8","200","OK","Indexable","","UE5 Metaverse Kursu Online | Sanal Dünya Geliştirme","51","477","Unreal Engine 5 ile metaverse geliştirme online canlı kursu. Evinizden sanal dünyalar oluşturmayı öğrenin. Kayıt için başvurun!","127","770","metaverse online eğitim, sanal dünya kursu online, UE5 metaverse geliştirme, uzaktan metaverse eğitimi","102","Unreal Engine 5 ile Metaverse & Sanal Dünya Geliştirme Kursu – Online Canlı","75","","0","Unreal Engine 5 ile Metaverse ve Sanal Dünya Geliştirme Online Kursu","68","Eğitmen: Burak Kaya","19","","","","https://unityverseacademy.com/urun/unreal-engine-ile-metaverse-gelistirme-online-canli-egitim-851/","","","","","","176202","42529","42529","6,303","","1926","432","4,458","10,005","Very Hard","9,280","2","2","","17","3","0","1,720","81","44","0","16","14","0","","","","","7ff805c7c9f9ac1e0f1ce5e5b57fa24b","0,277","","","","","tr","1.1","","","","","","https://unityverseacademy.com/urun/unreal-engine-ile-metaverse-gelistirme-online-canli-egitim-851/","2026-07-30 13:41:17"
"https://unityverseacademy.com/urun/veri-yapilari-egitimi-ozel-ders-1433/","text/html; charset=utf-8","200","OK","Indexable","","Veri Yapıları Eğitimi Özel Ders","31","266","Veri Yapıları Eğitimi Özel Ders ürünü, özellikleri ve en uygun fiyatları Unityverse Academy da. Veri Yapıları Eğitimi Özel Ders, Özel Dersler kategorisinde.","156","912","","0","Veri Yapıları Eğitimi Özel Ders","31","","0","Eğitim Koordinatörü: Doç. Dr. Ali Çivril(CV için tıklayınız.)","61","","0","","","","https://unityverseacademy.com/urun/veri-yapilari-egitimi-ozel-ders-1433/","","","","","","134619","34396","34396","5,097","","422","130","3,246","46,369","Hard","2,876","2","2","","8","3","0","1,720","71","44","0","12","12","0","","","","","38262ae9eec1225a2dc28cd3703c18d8","0,093","","","","","tr","1.1","","","","","","https://unityverseacademy.com/urun/veri-yapilari-egitimi-ozel-ders-1433/","2026-07-30 13:41:17"
"https://unityverseacademy.com/urun/zbrush-ile-organik-modelleme-canli-online-ozel-ders-1052/","text/html; charset=utf-8","200","OK","Indexable","","ZBrush Organik Modelleme Özel Ders | Online","43","405","ZBrush organik modelleme birebir online özel ders. Dijital sculpting ve karakter modellemeyi kişiye özel müfredatla öğrenin!","124","749","ZBrush özel ders online, organik modelleme birebir, dijital sculpting özel kurs, ZBrush karakter birebir eğitim","111","ZBrush Organik Modelleme Özel Ders – Birebir Online (Sculpting & Karakter)","74","","0","ZBrush ile Organik Modelleme Birebir Online Özel Ders – Dijital Sculpting ve Karakter Tasarımı","94","Goz Games Kurucu ortağıdır, sektörde 20 yılı aşkın süredir video kurgu, after effects, animasyon, 3D modelleme ve tasarım alanlarında çalışmaktadır. Ayrıca öğrenciler, Türkiye’nin saygın üniversitelerinin teknoparklarından ve Sanayi ve Teknoloji Bakanlığı’ndan onaylı Ar-Ge Projesi kapsamında dijital heykel ve karakter tasarımı proje ekibinde aktif olarak görev alır ve “ZBrush Proje Geliştirme Sertifikası” almaya hak kazanır. Eğitim sürecinde ZBrush yazılımı ile organik modelleme, karakter anatomisi, detaylandırma ve dijital heykel alanlarında ileri düzey teknik ve sanatsal beceriler geliştirirler. Oluşturdukları karakter ve yaratıcı konsept çalışmalarını ArtStation, CGSociety ve diğer uluslararası dijital sanat platformlarında sergileyerek, oyun, film ve dijital sanat endüstrilerinde profesyonel portföy oluştururlar ve kariyer fırsatlarında önemli bir avantaj elde ederler.","885","","","","https://unityverseacademy.com/urun/zbrush-ile-organik-modelleme-canli-online-ozel-ders-1052/","","","","","","150570","37916","37916","5,619","","569","143","3,979","36,570","Hard","3,383","2","2","","9","3","0","1,720","72","43","0","12","12","0","","","","","ddc414ea303b603ca1deb4aef68bb435","0,266","","","","","tr","1.1","","","","","","https://unityverseacademy.com/urun/zbrush-ile-organik-modelleme-canli-online-ozel-ders-1052/","2026-07-30 13:41:17"
"https://unityverseacademy.com/urun/mimarlik-ic-mimarlik-icin-3d-tasarim-ve-gorsellestirme-egitimi-yuz-yuze-100-saat-1592/","text/html; charset=utf-8","200","OK","Indexable","","Mimarlık & İç Mimarlık için 3D Tasarım ve Görselleştirme Eğitimi Yüz Yüze 100 Saat","82","743","Mimarlık & İç Mimarlık için 3D Tasarım ve Görselleştirme Eğitimi Yüz Yüze 100 Saat ürünü, özellikleri ve en uygun fiyatları Unityverse Academy da. Mimarlık & İç Mimarlık için 3D Tasarım ve Görselleştirme Eğitimi Yüz Yüze 100 Saat, Mimarlık Eğitimleri kategorisinde.","265","1604","","0","Mimarlık & İç Mimarlık için 3D Tasarım ve Görselleştirme Eğitimi Yüz Yüze 100 Saat","82","","0","Mimarlık için 3D Tasarım ve Görselleştirme Eğitimi Online","57","Ne Öğreneceğim?","15","","","","https://unityverseacademy.com/urun/mimarlik-ic-mimarlik-icin-3d-tasarim-ve-gorsellestirme-egitimi-yuz-yuze-100-saat-1592/","","","","","","162935","41601","41601","6,165","","1682","387","4,346","42,579","Hard","7,840","2","2","","31","3","0","1,720","94","44","0","12","12","0","","","","","f248379fd77404c3697fbe853448731c","0,247","","","","","tr","1.1","","","","","","https://unityverseacademy.com/urun/mimarlik-ic-mimarlik-icin-3d-tasarim-ve-gorsellestirme-egitimi-yuz-yuze-100-saat-1592/","2026-07-30 13:41:17"
"https://unityverseacademy.com/urun/zbrush-ile-organik-modelleme-online-egitimi-1528/","text/html; charset=utf-8","200","OK","Indexable","","ZBrush Organik Modelleme Kursu | Online Canlı","45","421","ZBrush ile organik ve karakter modelleme online kursu. Dijital sculpting ve anatomi becerisi kazanın!","101","610","ZBrush kursu online, organik modelleme online eğitim, dijital sculpting online, ZBrush karakter online, 3D sculpting kursu","122","ZBrush ile Organik & Karakter Modelleme Kursu – Online Canlı (Dijital Sculpting)","80","","0","ZBrush ile Organik ve Karakter Modelleme Kursu – Dijital Sculpting Teknikleri (Online Canlı)","92","Goz Games Kurucu ortağıdır, sektörde 20 yılı aşkın süredir video kurgu, after effects, animasyon, 3D modelleme ve tasarım alanlarında çalışmaktadır. Ayrıca öğrenciler, Türkiye’nin saygın üniversitelerinin teknoparklarından ve Sanayi ve Teknoloji Bakanlığı’ndan onaylı Ar-Ge Projesi kapsamında dijital heykel ve karakter tasarımı proje ekibinde aktif olarak görev alır ve “ZBrush Proje Geliştirme Sertifikası” almaya hak kazanır. Eğitim sürecinde ZBrush yazılımı ile organik modelleme, karakter anatomisi, detaylandırma ve dijital heykel alanlarında ileri düzey teknik ve sanatsal beceriler geliştirirler. Oluşturdukları karakter ve yaratıcı konsept çalışmalarını ArtStation, CGSociety ve diğer uluslararası dijital sanat platformlarında sergileyerek, oyun, film ve dijital sanat endüstrilerinde profesyonel portföy oluştururlar ve kariyer fırsatlarında önemli bir avantaj elde ederler.","885","","","","https://unityverseacademy.com/urun/zbrush-ile-organik-modelleme-online-egitimi-1528/","","","","","","158253","40203","40203","5,958","","997","231","4,316","23,241","Very Hard","5,495","2","2","","10","3","0","1,720","73","44","0","13","13","0","","","","","e06fd4e795b6fa5898021341dd095d0e","0,081","","","","","tr","1.1","","","","","","https://unityverseacademy.com/urun/zbrush-ile-organik-modelleme-online-egitimi-1528/","2026-07-30 13:41:17"
"https://unityverseacademy.com/urun/adobe-illustrator-onlinecanli-ozel-ders-835/","text/html; charset=utf-8","200","OK","Indexable","","Illustrator Online Özel Ders | Grafik Tasarım","45","387","Adobe Illustrator birebir online özel ders. Vektörel grafik tasarım, logo ve illüstrasyon becerisi kazanın. Hemen başlayın!","123","729","Illustrator özel ders online, grafik tasarım kursu birebir, vektörel tasarım eğitimi, Adobe Ai özel ders","104","Adobe Illustrator Özel Ders – Birebir Online Grafik Tasarım Kursu","65","","0","Adobe Illustrator ile Grafik Tasarım Kursu – Birebir Online Özel Ders","69","","0","","","","https://unityverseacademy.com/urun/adobe-illustrator-onlinecanli-ozel-ders-835/","","","","","","207540","49112","49112","7,278","","2716","597","4,549","8,597","Very Hard","11,059","2","2","","145","3","0","1,720","212","45","0","12","12","0","","","","","59d491aa213c5168ce1ef9a8548b8b39","0,145","","","","","tr","1.1","","","","","","https://unityverseacademy.com/urun/adobe-illustrator-onlinecanli-ozel-ders-835/","2026-07-30 13:41:17"
"https://unityverseacademy.com/urun/unreal-engine-ile-sanal-gerceklik-online-canli-egitim-653/","text/html; charset=utf-8","200","OK","Indexable","","Unreal Engine 5 VR Online Kursu | Sanal Gerçeklik","49","441","Unreal Engine 5 ile sanal gerçeklik online canlı kursu. Evinizden VR uygulama geliştirmeyi öğrenin, projelerinizi uzman desteğiyle hayata geçirin.","146","873","unreal engine online VR eğitimi, sanal gerçeklik kursu online, UE5 VR development, uzaktan VR eğitimi","101","Unreal Engine 5 ile VR / Sanal Gerçeklik Geliştirme Kursu – Online Canlı","72","","0","Unreal Engine 5 ile VR Sanal Gerçeklik Geliştirme Online Kursu","62","Eğitmen: Burak Kaya","19","","","","https://unityverseacademy.com/urun/unreal-engine-ile-sanal-gerceklik-online-canli-egitim-653/","","","","","","166361","41220","41220","6,109","","1636","370","4,422","11,842","Very Hard","8,375","2","2","","9","3","0","1,720","72","43","0","16","14","0","","","","","9fbed4a7238f7132cc37a0a6b477f287","0,336","","","","","tr","1.1","","","","","","https://unityverseacademy.com/urun/unreal-engine-ile-sanal-gerceklik-online-canli-egitim-653/","2026-07-30 13:41:17"
"https://unityverseacademy.com/urun/kurumsal-iletisim-egitimi-ozel-ders-1436/","text/html; charset=utf-8","200","OK","Indexable","","Kurumsal İletişim Eğitimi Özel Ders","35","315","Kurumsal İletişim Eğitimi Özel Ders ürünü, özellikleri ve en uygun fiyatları Unityverse Academy da. Kurumsal İletişim Eğitimi Özel Ders, Özel Dersler kategorisinde.","164","980","","0","Kurumsal İletişim Eğitimi Özel Ders","35","","0","Eğitim Koordinatörü: Öğr. Gör. Nevin Eryılmaz (CV için tıklayınız.)","67","","0","","","","https://unityverseacademy.com/urun/kurumsal-iletisim-egitimi-ozel-ders-1436/","","","","","","135010","34446","34446","5,105","","423","130","3,254","44,932","Hard","2,892","2","2","","8","3","0","1,720","72","45","0","11","11","0","","","","","32a75e45a852a554ed906610fdb2c54c","0,081","","","","","tr","1.1","","","","","","https://unityverseacademy.com/urun/kurumsal-iletisim-egitimi-ozel-ders-1436/","2026-07-30 13:41:18"
"https://unityverseacademy.com/urun/adobe-photoshop-ve-adobe-illustrator-yuz-yuze-egitimi-1002/","text/html; charset=utf-8","200","OK","Indexable","","Photoshop & Illustrator Grafik Tasarım Kursu | YY","49","438","Adobe Photoshop ve Illustrator grafik tasarım kursu yüz yüze. İki programı birlikte öğrenin, tasarım portföyünüzü oluşturun!","124","762","Photoshop Illustrator kursu, grafik tasarım kursu yüz yüze, Adobe grafik eğitimi, Ps Ai kursu","93","Adobe Photoshop & Illustrator Grafik Tasarım Kursu – Yüz Yüze","61","","0","Adobe Photoshop & Illustrator ile Grafik Tasarım Kursu – Yüz Yüze Eğitim","72","","0","","","","https://unityverseacademy.com/urun/adobe-photoshop-ve-adobe-illustrator-yuz-yuze-egitimi-1002/","","","","","","231933","51163","51163","7,582","","3187","723","4,408","12,907","Very Hard","11,425","2","2","","325","3","0","1,720","391","45","0","12","12","0","","","","","d629c6d414500d480e3a7137f35e5de3","0,279","","","","","tr","1.1","","","","","","https://unityverseacademy.com/urun/adobe-photoshop-ve-adobe-illustrator-yuz-yuze-egitimi-1002/","2026-07-30 13:41:17"
"https://unityverseacademy.com/urun/دورة-اللغة-التركية-a1-a1-turkce-kursu-1118/","text/html; charset=utf-8","301","Moved Permanently","Non-Indexable","Redirected","","0","0","","0","0","","0","","0","","0","","0","","0","","","","","","","","","","54","54","54","0,008","","0","","","","","0,000","2","2","","4","2","0","1,150","0","0","0","0","0","0","","","","","","0,066","","https://unityverseacademy.com/tum-urunler/","HTTP Redirect","","","1.1","","","","","","https://unityverseacademy.com/urun/%D8%AF%D9%88%D8%B1%D8%A9-%D8%A7%D9%84%D9%84%D8%BA%D8%A9-%D8%A7%D9%84%D8%AA%D8%B1%D9%83%D9%8A%D8%A9-a1-a1-turkce-kursu-1118/","2026-07-30 13:41:18"
"https://unityverseacademy.com/urun/film-ve-animasyon-icin-storyboard-yuz-yuze-egitimi-599/","text/html; charset=utf-8","200","OK","Indexable","","Storyboard Yüz Yüze Eğitimi","27","251","Film ve animasyon projeleri için storyboard hazırlama becerisi kazandıran bu eğitim, katılımcılara görsel hikaye anlatımını öğretir. Eğitimde, karakter ve sahne tasarımı, kamera açıları, hareket analizleri ve anlatım akışı gibi teme","232","1376","Storyboard, Yüz Yüze Eğitim, Film ve Animasyon, Hikaye Anlatımı, Kamera Açıları, Sahne Tasarımı, Animasyon Eğitimi, Storyboard Hazırlama.","137","Film ve Animasyon için Storyboard Yüz Yüze Eğitimi","50","","0","Eğitmen: Nevin Eryılmaz (CV için tıklayınız.) Nevin Eryılmaz, geleneksel ve dijital tasarım alanlarındaki 20 yılı aşkın sektör deneyimi yanı sıra, İstinye Üniversitesi'nde Bilgisayar Destekli Tasarım ve Animasyon önlisans ve Dijital Oyun Tasarımı lisans programlarının kurucusudur. Üniversitenin Dijital Oyun Tasarımı bölümündeki tasarım ve yazılım merkezli eğitim anlayışının öncüsü olmakla beraber, 2021 yılında aynı üniversitede Türkiye'nin ilk YÖK onaylı Dijital Oyun Araştırma Merkezi olan Dijital Oyun Geliştirme ve Animasyon Araştırma Uygulama Merkezi'ni kurmuştur ve iki sene boyunca Merkez Müdürü olarak görev almıştır. Merkez'de üniversitenin Animasyon ve Dijital Oyun Tasarımı programlarındaki öğrencilerin kendi oyunlarını geliştirerek oyun marketlerinde yayınlaması ve ticarileşmeleri desteklenmiştir. Eryılmaz'ın sektör ve akademi deneyimli kadrosunun etkisi ile, İstinye Üniversitesi Dijital Oyun Tasarımı bölümü iki senede Türkiye'nin ilk tercih edilen 3 üniversitesi arasına yerleşmiştir. Eryılmaz'ın Milli Eğitim Bakanlığı ve çeşitli dijital oyun şirketleri ortaklığında gerçekleşen proje ve çalışmaları devam etmektedir.","1139","3boyuntlu_modelleme_ve_animasyon2.jpg","37","","","","https://unityverseacademy.com/urun/film-ve-animasyon-icin-storyboard-yuz-yuze-egitimi-599/","","","","","","212628","65972","65972","9,777","","2525","521","4,846","6,146","Very Hard","10,127","2","2","","42","3","0","1,720","106","44","0","13","12","0","","","","","9e8601c0fb327fed723b70c46c04615b","0,278","","","","","tr","1.1","","","","","","https://unityverseacademy.com/urun/film-ve-animasyon-icin-storyboard-yuz-yuze-egitimi-599/","2026-07-30 13:41:17"
"https://unityverseacademy.com/urun/adobe-photoshop-yuz-yuze-egitim-783/","text/html; charset=utf-8","200","OK","Indexable","","Adobe Photoshop Kursu | Yüz Yüze Grafik Tasarım","47","450","Adobe Photoshop grafik tasarım kursu yüz yüze eğitim. Fotoğraf düzenleme, dijital illüstrasyon ve baskı tasarımı öğrenin!","121","745","Photoshop kursu yüz yüze, grafik tasarım kursu Photoshop, fotoğraf düzenleme eğitimi, Adobe Ps kursu","100","Adobe Photoshop Kursu – Yüz Yüze Grafik Tasarım Eğitimi","55","","0","Adobe Photoshop ile Grafik Tasarım Kursu – Yüz Yüze Fotoğraf & Tasarım Eğitimi","78","","0","","","","https://unityverseacademy.com/urun/adobe-photoshop-yuz-yuze-egitim-783/","","","","","","208760","48748","48748","7,224","","2546","575","4,428","10,778","Very Hard","10,233","2","2","","193","3","0","1,720","259","45","0","12","12","0","","","","","b00c4ddd050f6d1ea28737f0aede164","0,086","","","","","tr","1.1","","","","","","https://unityverseacademy.com/urun/adobe-photoshop-yuz-yuze-egitim-783/","2026-07-30 13:41:18"
"https://unityverseacademy.com/urun/turkce-egitimi-ozel-ders-1438/","text/html; charset=utf-8","200","OK","Indexable","","Türkçe Eğitimi Özel Ders","24","219","Türkçe Eğitimi Özel Ders ürünü, özellikleri ve en uygun fiyatları Unityverse Academy da. Türkçe Eğitimi Özel Ders, Özel Dersler kategorisinde.","142","850","","0","Türkçe Eğitimi Özel Ders","24","","0","","0","","0","","","","https://unityverseacademy.com/urun/turkce-egitimi-ozel-ders-1438/","","","","","","130464","32754","32754","4,854","","298","102","2,922","67,601","Normal","2,177","2","2","","8","3","0","1,720","70","43","0","11","11","0","","","","","b953b606479820226fffcf61644995a","0,077","","","","","tr","1.1","","","","","","https://unityverseacademy.com/urun/turkce-egitimi-ozel-ders-1438/","2026-07-30 13:41:18"
"https://unityverseacademy.com/urun/dijital-pazarlama-pazar-yeri-ve-e-ticaret-yoneticiligi-egitimi-25-saat-ozel-ders-1298/","text/html; charset=utf-8","200","OK","Indexable","","Dijital Pazarlama, Pazar Yeri ve E-Ticaret Yöneticiliği Eğitimi 25 Saat Özel Ders","81","699","Dijital Pazarlama, Pazar Yeri ve E-Ticaret Yöneticiliği Eğitimi 25 Saat Özel Ders ürünü, özellikleri ve en uygun fiyatları Unityverse Academy da. Dijital Pazarlama, Pazar Yeri ve E-Ticaret Yöneticiliği Eğitimi 25 Saat Özel Ders, Dijital Pazarlama Eğitimleri kategorisinde.","272","1596","","0","Dijital Pazarlama, Pazar Yeri ve E-Ticaret Yöneticiliği Eğitimi 25 Saat Özel Ders","81","","0","Bu müfredat talep edilen özel ihtiyaçlara göre revize edilebilir.","65","","0","","","","https://unityverseacademy.com/urun/dijital-pazarlama-pazar-yeri-ve-e-ticaret-yoneticiligi-egitimi-25-saat-ozel-ders-1298/","","","","","","141128","34675","34675","5,139","","588","152","3,868","36,586","Hard","3,593","2","2","","17","3","0","1,720","79","43","0","11","11","0","","","","","c080de5c04017635e7c0aee6e754d325","0,086","","","","","tr","1.1","","","","","","https://unityverseacademy.com/urun/dijital-pazarlama-pazar-yeri-ve-e-ticaret-yoneticiligi-egitimi-25-saat-ozel-ders-1298/","2026-07-30 13:41:18"
"https://unityverseacademy.com/urun/mimarlik-icin-3d-tasarim-ve-gorsellestirme-egitimi-online-120-saat-1578/","text/html; charset=utf-8","200","OK","Indexable","","Mimarlık için 3D Tasarım ve Görselleştirme Eğitimi Online 120 Saat","66","598","Mimarlık için 3D Tasarım ve Görselleştirme Eğitimi Online 120 Saat ürünü, özellikleri ve en uygun fiyatları Unityverse Academy da. Mimarlık için 3D Tasarım ve Görselleştirme Eğitimi Online 120 Saat, Mimarlık Eğitimleri kategorisinde.","233","1406","","0","Mimarlık için 3D Tasarım ve Görselleştirme Eğitimi Online 120 Saat","66","","0","Mimarlık & İç Mimarlık için 3D Tasarım ve Görselleştirme Eğitimi Online","71","Ne Öğreneceğim?","15","","","","https://unityverseacademy.com/urun/mimarlik-icin-3d-tasarim-ve-gorsellestirme-egitimi-online-120-saat-1578/","","","","","","173541","43996","43996","6,520","","2439","546","4,467","43,611","Hard","10,476","2","2","","40","3","0","1,720","103","44","0","12","12","0","","","","","44250e244c21404a3488223e49d628cf","0,279","","","","","tr","1.1","","","","","","https://unityverseacademy.com/urun/mimarlik-icin-3d-tasarim-ve-gorsellestirme-egitimi-online-120-saat-1578/","2026-07-30 13:41:18"
"https://unityverseacademy.com/urun/lineer-cebir-linear-algebra-egitimi-ozel-ders-1432/","text/html; charset=utf-8","200","OK","Indexable","","Lineer Cebir (Linear Algebra) Eğitimi  Özel Ders","48","415","Lineer Cebir (Linear Algebra) Eğitimi  Özel Ders ürünü, özellikleri ve en uygun fiyatları Unityverse Academy da. Lineer Cebir (Linear Algebra) Eğitimi  Özel Ders, Özel Dersler kategorisinde.","190","1118","","0","Lineer Cebir (Linear Algebra) Eğitimi Özel Ders","47","","0","Eğitim Koordinatörü: Doç. Dr. Ali Çivril(CV için tıklayınız.)","61","","0","","","","https://unityverseacademy.com/urun/lineer-cebir-linear-algebra-egitimi-ozel-ders-1432/","","","","","","135373","34457","34457","5,107","","428","131","3,267","44,993","Hard","2,905","2","2","","8","3","0","1,720","71","44","0","12","12","0","","","","","7cbbf90ca432a9b5df017b871f6b1f02","0,268","","","","","tr","1.1","","","","","","https://unityverseacademy.com/urun/lineer-cebir-linear-algebra-egitimi-ozel-ders-1432/","2026-07-30 13:41:18"
"https://unityverseacademy.com/urun/profesyonel-mimari-render-ve-etkilesim-egitimi-online-24-saat-1613/","text/html; charset=utf-8","200","OK","Indexable","","Profesyonel Mimari Render ve Etkileşim Eğitimi Online 24 Saat","61","557","Profesyonel Mimari Render ve Etkileşim Eğitimi Online 24 Saat ürünü, özellikleri ve en uygun fiyatları Unityverse Academy da. Profesyonel Mimari Render ve Etkileşim Eğitimi Online 24 Saat, Mimarlık Eğitimleri kategorisinde.","223","1354","","0","Profesyonel Mimari Render ve Etkileşim Eğitimi Online 24 Saat","61","","0","Profesyonel Mimari Render ve Etkileşim Eğitimi","46","Ne Öğreneceğim?","15","","","","https://unityverseacademy.com/urun/profesyonel-mimari-render-ve-etkilesim-egitimi-online-24-saat-1613/","","","","","","157993","39685","39685","5,881","","1224","281","4,356","29,827","Very Hard","6,382","2","2","","11","3","0","1,720","74","44","0","12","12","0","","","","","c7ea242a5e9ce685e2bd7d8c5177d638","0,266","","","","","tr","1.1","","","","","","https://unityverseacademy.com/urun/profesyonel-mimari-render-ve-etkilesim-egitimi-online-24-saat-1613/","2026-07-30 13:41:18"
"https://unityverseacademy.com/urun/3ds-max-egitimi-10-saat-ozel-ders-1446/","text/html; charset=utf-8","200","OK","Indexable","","3Ds Max Eğitimi","15","144","3Ds Max Eğitimi, 3D modelleme, animasyon, görselleştirme ve render alma süreçlerinde profesyonel seviyeye ulaşmak isteyenler için kapsamlı bir eğitim programıdır. 3Ds Max, özellikle mimarlık, iç mimarlık, oyun tasarımı, film ve animasyon","237","1452","3Ds Max Eğitimi, 3D Modelleme, Animasyon, Görselleştirme, Render Alma, 3Ds Max Kursu, Mimarlık, İç Mimarlık, 3D Tasarım, 3D Animasyon, 3D Sahne Tasarımı, Karakter Modelleme, Işıklandırma, Malzeme Tasarımı, Render Yazılımları, 3D Çizim, Oyun Tasarımı, Film ve Animasyon, 3Ds Max Teknikleri, 3D Yazılım Eğitimi","308","3Ds Max Eğitimi 10 Saat Özel Ders","33","","0","Eğitimimizden kareler:","22","IMG_50372.jpg","13","","","","https://unityverseacademy.com/urun/3ds-max-egitimi-10-saat-ozel-ders-1446/","","","","","","168414","58284","58284","8,638","","404","116","3,483","48,758","Hard","2,196","2","2","","10","3","0","1,720","73","44","0","11","11","0","","","","","d6b4479004569f532a0a155d6f77a3f6","0,247","","","","","tr","1.1","","","","","","https://unityverseacademy.com/urun/3ds-max-egitimi-10-saat-ozel-ders-1446/","2026-07-30 13:41:19"
"https://unityverseacademy.com/urun/2b-oyun-karakter-tasarimi-ve-animasyon-ozel-ders-20-saat-1251/","text/html; charset=utf-8","200","OK","Indexable","","2B Oyun Karakter Tasarımı ve Animasyon Özel Ders 20 Saat","56","533","2B Oyun Karakter Tasarımı ve Animasyon Özel Ders 20 Saat ürünü, özellikleri ve en uygun fiyatları Unityverse Academy da. 2B Oyun Karakter Tasarımı ve Animasyon Özel Ders 20 Saat, Animasyon Eğitimleri kategorisinde.","214","1349","","0","2B Oyun Karakter Tasarımı ve Animasyon Özel Ders 20 Saat","56","","0","","0","","0","","","","https://unityverseacademy.com/urun/2b-oyun-karakter-tasarimi-ve-animasyon-ozel-ders-20-saat-1251/","","","","","","143646","34637","34637","5,133","","336","110","3,055","62,986","Normal","2,227","2","2","","8","3","0","1,720","76","49","0","12","12","0","","","","","4d02facc4c9d4cb1066deb4ebc0f7cc8","0,250","","","","","tr","1.1","","","","","","https://unityverseacademy.com/urun/2b-oyun-karakter-tasarimi-ve-animasyon-ozel-ders-20-saat-1251/","2026-07-30 13:41:19"
"https://unityverseacademy.com/urun/cocuklar-icin-minecraft-ile-kodlama-egitimi-1689/","text/html; charset=utf-8","200","OK","Indexable","","Minecraft ile Kodlama Kursu | Çocuklar İçin (8-14 Yaş)","54","479","Çocuklara özel Minecraft Education ile kodlama ve programlama kursu. Oyun oynayarak algoritmik düşünmeyi öğrensin! Hemen başvurun.","130","855","minecraft kodlama kursu, çocuklar için minecraft eğitimi, minecraft education kodlama, çocuk programlama kursu","110","Çocuklar İçin Minecraft Education ile Kodlama ve Programlama Kursu (8-14 Yaş)","77","","0","Çocuklar İçin Minecraft Education ile Kodlama ve Programlama Kursu (8-14 Yaş)","77","Eğitimin Amacı","14","","","","https://unityverseacademy.com/urun/cocuklar-icin-minecraft-ile-kodlama-egitimi-1689/","","","","","","154946","40568","40568","6,012","","1279","275","4,651","34,502","Hard","6,628","2","2","","11","3","0","1,720","73","43","0","11","11","0","","","","","d379e1b6048a38c65af08e0b7986fa30","0,269","","","","","tr","1.1","","","","","","https://unityverseacademy.com/urun/cocuklar-icin-minecraft-ile-kodlama-egitimi-1689/","2026-07-30 13:41:19"
"https://unityverseacademy.com/urun/insan-kaynaklari-egitimi-ozel-ders-1437/","text/html; charset=utf-8","200","OK","Indexable","","İnsan Kaynakları Eğitimi Özel Ders","34","304","İnsan Kaynakları Eğitimi Özel Ders ürünü, özellikleri ve en uygun fiyatları Unityverse Academy da. İnsan Kaynakları Eğitimi Özel Ders, Özel Dersler kategorisinde.","162","974","","0","İnsan Kaynakları Eğitimi Özel Ders","34","","0","Eğitim Koordinatörü: Öğr. Gör. Nevin Eryılmaz (CV için tıklayınız.)","67","","0","","","","https://unityverseacademy.com/urun/insan-kaynaklari-egitimi-ozel-ders-1437/","","","","","","134957","34438","34438","5,104","","423","130","3,254","45,932","Hard","2,891","2","2","","8","3","0","1,720","72","45","0","11","11","0","","","","","bd4c2882578ccc12414fc3e39307f648","0,093","","","","","tr","1.1","","","","","","https://unityverseacademy.com/urun/insan-kaynaklari-egitimi-ozel-ders-1437/","2026-07-30 13:41:19"
"https://unityverseacademy.com/urun/unity-ile-oyun-gelistirme-canli-online-egitimi-8-ay-1479/","text/html; charset=utf-8","200","OK","Indexable","","Unity ile Oyun Geliştirme Canlı (Online) Eğitimi 8 ay","53","453","Unity ile Oyun Geliştirme Canlı (Online) Eğitimi 8 ay ürünü, özellikleri ve en uygun fiyatları Unityverse Academy da. Unity ile Oyun Geliştirme Canlı (Online) Eğitimi 8 ay, Oyun Geliştirme Eğitimleri kategorisinde.","214","1257","","0","Unity ile Oyun Geliştirme Canlı (Online) Eğitimi 8 ay","53","","0","Öğrencilerimizin İlham Verici Başarı Hikayelerini Keşfedin https://unityverseacademy.com/blog/10","96","Unity ile Oyun Geliştirme Eğitimi","33","","","","https://unityverseacademy.com/urun/unity-ile-oyun-gelistirme-canli-online-egitimi-8-ay-1479/","","","","","","167253","41445","41445","6,142","","886","212","4,179","22,126","Very Hard","4,688","2","2","","11","3","0","1,720","81","51","0","14","14","0","","","","","d8508f1efbd8a8f423fa0c52fc3774db","0,312","","","","","tr","1.1","","","","","","https://unityverseacademy.com/urun/unity-ile-oyun-gelistirme-canli-online-egitimi-8-ay-1479/","2026-07-30 13:41:19"
"https://unityverseacademy.com/urun/proje-yonetimi-egitimi-1126/","text/html; charset=utf-8","200","OK","Indexable","","Proje Yönetimi Eğitimi","22","199","Proje Yönetimi Eğitimi, her türlü projeyi başarılı bir şekilde yönetmek, planlamak ve kontrol etmek isteyen profesyoneller için kapsamlı bir eğitim programıdır. Bu eğitim, proje yönetiminin temel ilkelerinden, projelerin zamanında ve büt","237","1408","Proje Yönetimi Eğitimi, Proje Yönetimi, Proje Planlama, Kaynak Yönetimi, Risk Yönetimi, Zaman Yönetimi, Bütçe Yönetimi, Proje Takibi, Kalite Yönetimi, Proje Yazılımları, PMP, Proje Yöneticisi Eğitimi, Proje Başlatma, Proje İzleme, Proje Kontrolü, Proje Sonuçlandırma, Proje Yönetimi Süreçleri, Takım Yönetimi, Proje Yönetimi Teknikleri, Proje Yönetim Araçları.","360","Proje Yönetimi Eğitimi","22","","0","Eğitimimizden kareler:","22","IMG_50372.jpg","13","","","","https://unityverseacademy.com/urun/proje-yonetimi-egitimi-1126/","","","","","","165120","57216","57216","8,479","","298","102","2,922","59,084","Fairly Hard","1,744","2","2","","8","3","0","1,720","70","43","0","11","11","0","","","","","143a8d25fec08209826e097bf64b6ee7","0,266","","","","","tr","1.1","","","","","","https://unityverseacademy.com/urun/proje-yonetimi-egitimi-1126/","2026-07-30 13:41:20"
"https://unityverseacademy.com/urun/yonetmenlik-ve-sinematografiye-giris-yuz-yuze-ozel-ders-1056/","text/html; charset=utf-8","200","OK","Indexable","","Yönetmenlik ve Sinematografiye Giriş Yüz Yüze Özel Ders – Sinema Sanatının Temelleri","84","784","Yönetmenlik ve Sinematografiye Giriş Yüz Yüze Özel Ders – Sinema Sanatının Temelleri","84","530","Yönetmenlik, Sinematografi, Film Yapımı, Kamera Teknikleri, Film Çekimi, Işık Kullanımı, Kamera Hareketleri, Sinema Sanatı, Yüz Yüze Özel Ders, Film Eğitimi, Sinematografik Görüntü, Yönetmenlik Eğitimi, Film Yönetmenliği, Kamera ve Işık Teknikleri","247","Yönetmenlik ve Sinematografiye Giriş Yüz Yüze Özel Ders","55","","0","Eğitimimizden kareler:","22","IMG_50372.jpg","13","","","","https://unityverseacademy.com/urun/yonetmenlik-ve-sinematografiye-giris-yuz-yuze-ozel-ders-1056/","","","","","","188578","62691","62691","9,291","","1709","384","4,451","5,495","Very Hard","7,861","2","2","","10","3","0","1,720","75","44","0","12","12","0","","","","","a1f26e14ccd59de18098e4aa3d205a86","0,270","","","","","tr","1.1","","","","","","https://unityverseacademy.com/urun/yonetmenlik-ve-sinematografiye-giris-yuz-yuze-ozel-ders-1056/","2026-07-30 13:41:20"
"https://unityverseacademy.com/blog-detay/3b-modelleme-egitimleri-zbrush-ileri-seviye-284/","text/html; charset=utf-8","200","OK","Indexable","","3B Modelleme Eğitimleri, ZBrush İleri Seviye","44","391","Zbrush Eğitimi Tanıtımı","23","142","unreal engine,","14","3B Modelleme Eğitimleri, ZBrush İleri Seviye","44","","0","ZBrush İleri Seviye — Organik Sculpting, Detaylı Anatomi ve Dijital Heykel Rehberi","82","ZBrush ile Neler Yapabilirsiniz?","32","","","","https://unityverseacademy.com/blog-detay/3b-modelleme-egitimleri-zbrush-ileri-seviye-284/","","","","","","98216","25008","25008","3,706","","677","162","4,179","45,765","Hard","5,747","2","2","","26","24","0","13,790","76","51","0","7","7","0","","","","","399787ccfde1d67ae16ee1bbf969b469","0,261","","","","","tr","1.1","","","","","","https://unityverseacademy.com/blog-detay/3b-modelleme-egitimleri-zbrush-ileri-seviye-284/","2026-07-30 13:41:21"
"https://unityverseacademy.com/blog-detay/blender-egitimi-3d-modelleme-animasyon-ve-render-rehberi-280/","text/html; charset=utf-8","200","OK","Indexable","","Blender Eğitimi - 3D Modelleme, Animasyon ve Render Rehberi","59","555","blender eğitimi kursu tanıtımı","30","178","unreal engine,","14","Blender Eğitimi - 3D Modelleme, Animasyon ve Render Rehberi","59","","0","Blender Nedir? — 3D Modelleme, Animasyon ve Render Rehberi","58","Blender ile Neler Yapabilirsiniz?","33","","","","https://unityverseacademy.com/blog-detay/blender-egitimi-3d-modelleme-animasyon-ve-render-rehberi-280/","","","","","","98067","24925","24925","3,694","","667","157","4,248","50,826","Fairly Hard","5,583","2","2","","26","24","0","13,790","76","51","0","7","7","0","","","","","f72ca7cb0151e6269f101e799bcd9c92","0,080","","","","","tr","1.1","","","","","","https://unityverseacademy.com/blog-detay/blender-egitimi-3d-modelleme-animasyon-ve-render-rehberi-280/","2026-07-30 13:41:21"
"https://unityverseacademy.com/urun/excel-kursu-temelden-ileri-seviyeye-1122/","text/html; charset=utf-8","200","OK","Indexable","","Excel Kursu Temelden İleri Seviyeye","35","320","Microsoft Excel programını sıfırdan öğrenmek isteyenlerden, mevcut bilgilerini ileri düzeye taşımak isteyen profesyonellere kadar geniş bir kitleye hitap eden kapsamlı bir eğitim programıdır. Excel, veri yönetimi, analiz ve raporlama işlem","239","1429","Excel Kursu, Excel Eğitimi, Temelden İleri Seviyeye Excel, Excel Fonksiyonları, Pivot Tablolar, Veri Analizi, Excel Formülleri, Excel Grafikler, Excel Makroları, Excel VBA, Excel Veri Yönetimi, Gelişmiş Excel Teknikleri, Excel Raporlama, Excel Veri Modelleme, İleri Excel Kullanımı, Excel İpuçları, Excel İleri Düzey, Excel Eğitim Programı, Excel İleri Düzey Kursu, Excel Raporlama Teknikleri","392","Excel Kursu Temelden İleri Seviyeye","35","","0","Eğitimimizden kareler:","22","IMG_50372.jpg","13","","","","https://unityverseacademy.com/urun/excel-kursu-temelden-ileri-seviyeye-1122/","","","","","","165741","57295","57295","8,491","","304","102","2,980","59,656","Fairly Hard","1,767","2","2","","8","3","0","1,720","70","43","0","11","11","0","","","","","28a62f60710ca86efd03fd0921ca867e","0,274","","","","","tr","1.1","","","","","","https://unityverseacademy.com/urun/excel-kursu-temelden-ileri-seviyeye-1122/","2026-07-30 13:41:21"
"https://unityverseacademy.com/blog-detay/3dsmax-kursu-294/","text/html; charset=utf-8","200","OK","Indexable","","3DSMax Kursu","12","131","3dsmax eğitimi bilgilendirme yazısı","35","213","unreal engine,","14","3DSMax Kursu","12","","0","3ds Max Nedir? Profesyonel 3D Modelleme, Render ve Animasyon Rehberi","68","3ds Max ile Neler Yapabilirsiniz?","33","","","","https://unityverseacademy.com/blog-detay/3dsmax-kursu-294/","","","","","","99442","25310","25310","3,751","","763","176","4,335","36,783","Hard","6,529","2","2","","26","24","0","13,790","80","54","0","7","7","0","","","","","5c1ec151ec34bc87f60ebb242c5c428d","0,256","","","","","tr","1.1","","","","","","https://unityverseacademy.com/blog-detay/3dsmax-kursu-294/","2026-07-30 13:41:21"
"https://unityverseacademy.com/urun/2b-cizgi-film-ve-animasyon-yuz-yuze-egitimi-614/","text/html; charset=utf-8","200","OK","Indexable","","2B Çizgi Film ve Animasyon Yüz Yüze Eğitimi: Temelden İleri Düzeye Profesyonel Animasyon Becerileri Kazanın","107","989","2B Çizgi Film ve Animasyon Yüz Yüze Eğitimi, katılımcılara geleneksel 2B animasyon tekniklerinden dijital 2B animasyon süreçlerine kadar kapsamlı bir eğitim sunar. Bu kurs, çizgi film dünyasına ilgi duyan ve animasyon tekniklerini öğrenmek","239","1464","2B çizgi film eğitimi, 2B animasyon eğitimi, yüz yüze animasyon eğitimi, çizgi film yapımı, 2B animasyon teknikleri, karakter tasarımı, hikaye anlatımı, animasyon prodüksiyon, storyboard hazırlama, dijital animasyon, animasyon yazılımları, çizim teknikleri, animasyon yazılım eğitimi, 2B animasyon yapma, yaratıcı animasyon, animasyon teknikleri, 2B animatör eğitimi","366","2B Çizgi Film ve Animasyon Yüz Yüze Eğitimi","43","","0","2B Çizgi Film ve Animasyon Uzmanlığı Eğitimi Eğitmen: Nevin Eryılmaz (CV için tıklayınız.) Nevin Eryılmaz, geleneksel ve dijital tasarım alanlarındaki 20 yılı aşkın sektör deneyimi yanı sıra, İstinye Üniversitesi'nde Bilgisayar Destekli Tasarım ve Animasyon önlisans ve Dijital Oyun Tasarımı lisans programlarının kurucusudur. Üniversitenin Dijital Oyun Tasarımı bölümündeki tasarım ve yazılım merkezli eğitim anlayışının öncüsü olmakla beraber, 2021 yılında aynı üniversitede Türkiye'nin ilk YÖK onaylı Dijital Oyun Araştırma Merkezi olan Dijital Oyun Geliştirme ve Animasyon Araştırma Uygulama Merkezi'ni kurmuştur ve iki sene boyunca Merkez Müdürü olarak görev almıştır. Merkez'de üniversitenin Animasyon ve Dijital Oyun Tasarımı programlarındaki öğrencilerin kendi oyunlarını geliştirerek oyun marketlerinde yayınlaması ve ticarileşmeleri desteklenmiştir. Eryılmaz'ın sektör ve akademi deneyimli kadrosunun etkisi ile, İstinye Üniversitesi Dijital Oyun Tasarımı bölümü iki senede Türkiye'nin ilk tercih edilen 3 üniversitesi arasına yerleşmiştir. Eryılmaz'ın Milli Eğitim Bakanlığı ve çeşitli dijital oyun şirketleri ortaklığında gerçekleşen proje ve çalışmaları devam etmektedir.","1184","Öğr. Gör. Nevin Eryılmaz'ın katıldığı programlardan bir kaçı:","61","","","","https://unityverseacademy.com/urun/2b-cizgi-film-ve-animasyon-yuz-yuze-egitimi-614/","","","","","","213171","66255","66255","9,819","","2499","522","4,787","5,862","Very Hard","9,899","2","2","","49","3","0","1,720","113","44","0","13","12","0","","","","","e6ecd83ca61011b14e8b286f20857969","0,095","","","","","tr","1.1","","","","","","https://unityverseacademy.com/urun/2b-cizgi-film-ve-animasyon-yuz-yuze-egitimi-614/","2026-07-30 13:41:21"
"https://unityverseacademy.com/blog-detay/blender-egitimi-blender-profesyonel-kullanim-rehberi-308/","text/html; charset=utf-8","200","OK","Indexable","","Blender Eğitimi : Blender Profesyonel Kullanım Rehberi","54","486","Blender Eğitimi Tanıtım Yazısı","30","181","unreal engine,","14","Blender Eğitimi : Blender Profesyonel Kullanım Rehberi","54","","0","Blender Profesyonel Kullanım Rehberi","36","Blender ile Profesyonel Düzeyde Neler Yapabilirsiniz?","53","","","","https://unityverseacademy.com/blog-detay/blender-egitimi-blender-profesyonel-kullanim-rehberi-308/","","","","","","102517","26598","26598","3,942","","1086","224","4,848","27,495","Very Hard","8,904","2","2","","26","24","0","13,790","80","54","0","7","7","0","","","","","5cfdcc6d53726aa06e920c925e9584b3","0,091","","","","","tr","1.1","","","","","","https://unityverseacademy.com/blog-detay/blender-egitimi-blender-profesyonel-kullanim-rehberi-308/","2026-07-30 13:41:21"
"https://unityverseacademy.com/urun/3ds-max-egitimi-30-saat-ozel-ders-1128/","text/html; charset=utf-8","200","OK","Indexable","","3Ds Max Eğitimi","15","144","3Ds Max Eğitimi, 3D modelleme, animasyon, görselleştirme ve render alma süreçlerinde profesyonel seviyeye ulaşmak isteyenler için kapsamlı bir eğitim programıdır. 3Ds Max, özellikle mimarlık, iç mimarlık, oyun tasarımı, film ve animasyon","237","1452","3Ds Max Eğitimi, 3D Modelleme, Animasyon, Görselleştirme, Render Alma, 3Ds Max Kursu, Mimarlık, İç Mimarlık, 3D Tasarım, 3D Animasyon, 3D Sahne Tasarımı, Karakter Modelleme, Işıklandırma, Malzeme Tasarımı, Render Yazılımları, 3D Çizim, Oyun Tasarımı, Film ve Animasyon, 3Ds Max Teknikleri, 3D Yazılım Eğitimi","308","3Ds Max Eğitimi 30 Saat Özel Ders","33","","0","Eğitimimizden kareler:","22","IMG_50372.jpg","13","","","","https://unityverseacademy.com/urun/3ds-max-egitimi-30-saat-ozel-ders-1128/","","","","","","168449","58286","58286","8,638","","404","116","3,483","48,758","Hard","2,194","2","2","","10","3","0","1,720","73","44","0","11","11","0","","","","","f5999a2013ed0211e68f362b9f02ef92","0,093","","","","","tr","1.1","","","","","","https://unityverseacademy.com/urun/3ds-max-egitimi-30-saat-ozel-ders-1128/","2026-07-30 13:41:21"
"https://unityverseacademy.com/urun/sketchupta-mimari-ve-ic-mekân-modelleme-egitimi-uygulamali-online-1619/","text/html; charset=utf-8","301","Moved Permanently","Non-Indexable","Redirected","","0","0","","0","0","","0","","0","","0","","0","","0","","","","","","","","","","54","54","54","0,008","","0","","","","","0,000","2","2","","4","2","0","1,150","0","0","0","0","0","0","","","","","","0,209","","https://unityverseacademy.com/tum-urunler/","HTTP Redirect","","","1.1","","","","","","https://unityverseacademy.com/urun/sketchupta-mimari-ve-ic-mek%C3%A2n-modelleme-egitimi-uygulamali-online-1619/","2026-07-30 13:41:21"
"https://unityverseacademy.com/urun/ayrik-matematik-discrete-mathematics-egitimi-ozel-ders-1431/","text/html; charset=utf-8","200","OK","Indexable","","Ayrık Matematik (Discrete Mathematics) Eğitimi Özel Ders","56","520","Ayrık Matematik (Discrete Mathematics) Eğitimi Özel Ders ürünü, özellikleri ve en uygun fiyatları Unityverse Academy da. Ayrık Matematik (Discrete Mathematics) Eğitimi Özel Ders, Özel Dersler kategorisinde.","206","1264","","0","Ayrık Matematik (Discrete Mathematics) Eğitimi Özel Ders","56","","0","Eğitim Koordinatörü: Doç. Dr. Ali Çivril(CV için tıklayınız.)","61","","0","","","","https://unityverseacademy.com/urun/ayrik-matematik-discrete-mathematics-egitimi-ozel-ders-1431/","","","","","","135858","34478","34478","5,110","","428","131","3,267","42,621","Hard","2,921","2","2","","8","3","0","1,720","71","44","0","12","12","0","","","","","c3bbc39ba9712db112842ef7b328ac83","0,073","","","","","tr","1.1","","","","","","https://unityverseacademy.com/urun/ayrik-matematik-discrete-mathematics-egitimi-ozel-ders-1431/","2026-07-30 13:41:22"
"https://unityverseacademy.com/urun/unity-ile-oyun-gelistirme-yuz-yuze-egitimi-1481/","text/html; charset=utf-8","200","OK","Indexable","","Unity 2D & 3D Oyun Geliştirme Kursu | Yüz Yüze","46","422","Unity ile sıfırdan 2D ve 3D oyun geliştirme yüz yüze kursu. Uzman eğitmenlerle uygulamalı oyun programlama öğrenin. Detaylar için tıklayın.","139","853","unity 2D 3D oyun geliştirme, oyun programlama kursu, unity eğitimi İstanbul, sıfırdan oyun geliştirme","101","Unity ile 2D & 3D Oyun Geliştirme Kursu – Yüz Yüze Eğitim","57","","0","Unity ile 2D ve 3D Oyun Geliştirme Yüz Yüze Kursu","49","Ne Öğreneceğim?","15","","","","https://unityverseacademy.com/urun/unity-ile-oyun-gelistirme-yuz-yuze-egitimi-1481/","","","","","","198385","48462","48462","7,182","","2425","486","4,990","18,372","Very Hard","10,092","2","2","","22","3","0","1,720","86","45","0","13","13","0","","","","","905226d35b5a07c76cb5239e37b2b342","0,307","","","","","tr","1.1","","","","","","https://unityverseacademy.com/urun/unity-ile-oyun-gelistirme-yuz-yuze-egitimi-1481/","2026-07-30 13:41:21"
"https://unityverseacademy.com/urun/autodesk-fusion-360-endustriyel-urun-tasarimi-uzmanligi-canli-online-ozel-ders-1368/","text/html; charset=utf-8","200","OK","Indexable","","Autodesk Fusion 360 Endüstriyel Ürün Tasarımı Uzmanlığı Canlı (Online) Özel Ders","80","731","Autodesk Fusion 360 Endüstriyel Ürün Tasarımı Uzmanlığı Canlı (Online) Özel Ders ürünü, özellikleri ve en uygun fiyatları Unityverse Academy da. Autodesk Fusion 360 Endüstriyel Ürün Tasarımı Uzmanlığı Canlı (Online) Özel Ders, Animasyon Eğitimleri kategorisinde.","262","1619","","0","Autodesk Fusion 360 Endüstriyel Ürün Tasarımı Uzmanlığı Canlı (Online) Özel Ders","80","","0","","0","","0","","","","https://unityverseacademy.com/urun/autodesk-fusion-360-endustriyel-urun-tasarimi-uzmanligi-canli-online-ozel-ders-1368/","","","","","","150998","36776","36776","5,450","","727","175","4,154","29,345","Very Hard","4,291","2","2","","10","3","0","1,720","74","45","0","11","11","0","","","","","e314581859c59eba560e4a052e21247e","0,273","","","","","tr","1.1","","","","","","https://unityverseacademy.com/urun/autodesk-fusion-360-endustriyel-urun-tasarimi-uzmanligi-canli-online-ozel-ders-1368/","2026-07-30 13:41:22"
"https://unityverseacademy.com/urun/bilgisayarli-muhasebe-egitimi-10-saat-1125/","text/html; charset=utf-8","200","OK","Indexable","","Bilgisayarlı Muhasebe Eğitimi","29","261","Bilgisayarlı Muhasebe Eğitimi, muhasebe işlemlerini dijital ortamda hızlı, doğru ve verimli bir şekilde gerçekleştirmek isteyenler için kapsamlı bir eğitim programıdır. Günümüzde işletmelerin muhasebe süreçlerini yönetmek için bilgis","233","1396","Bilgisayarlı Muhasebe Eğitimi, Muhasebe Yazılımları, Mali Raporlama, Fatura İşlemleri, Bilanço, Gelir Tablosu, Muhasebe Kursu, Defter Tutma, Vergilendirme, Finansal Raporlama, Bordro Yönetimi, Kasa ve Banka İşlemleri, Maliyet Muhasebesi, İşletme Muhasebesi, Dijital Muhasebe, Muhasebe İşlemleri, Muhasebe Takibi, Muhasebe Eğitimi, Programlı Muhasebe, Çevrimiçi Muhasebe Eğitimi","377","Bilgisayarlı Muhasebe Eğitimi 10 saat","37","","0","Eğitimimizden kareler:","22","IMG_50372.jpg","13","","","","https://unityverseacademy.com/urun/bilgisayarli-muhasebe-egitimi-10-saat-1125/","","","","","","165683","57302","57302","8,492","","304","103","2,951","59,407","Fairly Hard","1,774","2","2","","8","3","0","1,720","70","43","0","11","11","0","","","","","b39644fc338e037d77829dc6577c588","0,282","","","","","tr","1.1","","","","","","https://unityverseacademy.com/urun/bilgisayarli-muhasebe-egitimi-10-saat-1125/","2026-07-30 13:41:22"
"https://unityverseacademy.com/urun/diferansiyel-denklemler-egitimi-ozel-ders-1434/","text/html; charset=utf-8","200","OK","Indexable","","Diferansiyel Denklemler Eğitimi Özel Ders","41","370","Diferansiyel Denklemler Eğitimi Özel Ders ürünü, özellikleri ve en uygun fiyatları Unityverse Academy da. Diferansiyel Denklemler Eğitimi Özel Ders, Özel Dersler kategorisinde.","176","1052","","0","Diferansiyel Denklemler Eğitimi Özel Ders","41","","0","Eğitim Koordinatörü: Doç. Dr. Ali Çivril(CV için tıklayınız.)","61","","0","","","","https://unityverseacademy.com/urun/diferansiyel-denklemler-egitimi-ozel-ders-1434/","","","","","","135077","34402","34402","5,098","","422","131","3,221","44,389","Hard","2,895","2","2","","8","3","0","1,720","71","44","0","12","12","0","","","","","4311976900b6367fd2c511ce651a6523","0,274","","","","","tr","1.1","","","","","","https://unityverseacademy.com/urun/diferansiyel-denklemler-egitimi-ozel-ders-1434/","2026-07-30 13:41:22"
"https://unityverseacademy.com/urun/unreal-engine-ile-oyun-gelistirme-ozel-ders-online-canli-egitim-100-saat-1303/","text/html; charset=utf-8","200","OK","Indexable","","UE5 Oyun Geliştirme Özel Ders | 100 Saat Online","47","430","100 saatlik Unreal Engine 5 birebir online özel ders. Blueprint ve C++ ile oyun geliştirin, profesyonel portföyünüzü oluşturun.","127","754","unreal engine özel ders, UE5 C++ eğitimi, 100 saat oyun kursu, birebir unreal engine eğitimi","92","Unreal Engine 5 ile Oyun Geliştirme Özel Ders – 100 Saat Online Blueprint & C++","79","","0","Unreal Engine 5 Oyun Geliştirme 100 Saatlik Online Birebir Özel Ders","68","Eğitmen: Burak Kaya","19","","","","https://unityverseacademy.com/urun/unreal-engine-ile-oyun-gelistirme-ozel-ders-online-canli-egitim-100-saat-1303/","","","","","","155700","36899","36899","5,468","","671","222","3,023","41,754","Hard","3,685","2","2","","24","3","0","1,720","87","43","0","13","13","0","","","","","fbab6dbae6dce4f6fe0db68e4c54ccd9","0,257","","","","","tr","1.1","","","","","","https://unityverseacademy.com/urun/unreal-engine-ile-oyun-gelistirme-ozel-ders-online-canli-egitim-100-saat-1303/","2026-07-30 13:41:22"
"https://unityverseacademy.com/urun/yonetmenlik-ve-sinematografiye-giris-canli-online-egitimi-585/","text/html; charset=utf-8","200","OK","Indexable","","Yönetmenlik ve Sinematografiye Giriş Canlı (Online) Eğitimi","59","529","Yönetmenlik ve Sinematografiye Giriş Canlı (Online) Eğitimi, katılımcılara film yapım sürecinin temellerini, yönetmenlik ve sinematografi tekniklerini öğretir. Bu eğitimde, bir film ya da dizi projesinin yönetmeni olabilmek için gerekli ola","240","1405","Yönetmenlik, Sinematografi, Online Eğitim, Film Yapımı, Film Yönetmenliği, Sinematografi Eğitimi, Kamera Teknikleri, Film Çekimi, Işıklandırma, Film Yapım Süreci, Sinematografi Teknikleri, Görsel Anlatım, Kamera Hareketleri, Film Anlatımı, Yönetmenlik Eğitimi, Sinematografiye Giriş, Film Projesi, Yaratıcı Yönetmenlik, Film Çekim Teknikleri, Sinema Eğitimi.","358","Yönetmenlik ve Sinematografiye Giriş Canlı (Online) Eğitimi","59","","0","","0","Eğitimimizden kareler:","22","","","","https://unityverseacademy.com/urun/yonetmenlik-ve-sinematografiye-giris-canli-online-egitimi-585/","","","","","","191418","62733","62733","9,297","","1771","395","4,484","3,801","Very Hard","8,045","2","2","","9","3","0","1,720","74","45","0","13","12","0","","","","","d3585c9a44a3409b764d58c8c55e054d","0,269","","","","","tr","1.1","","","","","","https://unityverseacademy.com/urun/yonetmenlik-ve-sinematografiye-giris-canli-online-egitimi-585/","2026-07-30 13:41:22"
"https://unityverseacademy.com/urun/egitim-koclugu-ozel-ders-1439/","text/html; charset=utf-8","200","OK","Indexable","","Eğitim Koçluğu Özel Ders","24","225","Eğitim Koçluğu Özel Ders ürünü, özellikleri ve en uygun fiyatları Unityverse Academy da. Eğitim Koçluğu Özel Ders, Özel Dersler kategorisinde.","142","862","","0","Eğitim Koçluğu Özel Ders","24","","0","Eğitim Koordinatörü: Öğr. Gör. Nevin Eryılmaz (CV için tıklayınız.)","67","","0","","","","https://unityverseacademy.com/urun/egitim-koclugu-ozel-ders-1439/","","","","","","134427","34402","34402","5,098","","420","130","3,231","47,449","Hard","2,872","2","2","","8","3","0","1,720","72","45","0","11","11","0","","","","","7b4ebe4ad2bfefe9c751746cfe13973e","0,271","","","","","tr","1.1","","","","","","https://unityverseacademy.com/urun/egitim-koclugu-ozel-ders-1439/","2026-07-30 13:41:22"
"https://unityverseacademy.com/urun/grafik-tasarim-ve-video-efekt-uzmanligi-yuz-yuze-egitimi-1489/","text/html; charset=utf-8","200","OK","Indexable","","Grafik Tasarım Kursu & Video Efekt | Yüz Yüze","45","411","Grafik tasarım kursu ve video efekt uzmanlığı yüz yüze eğitimi. Uygulamalı Adobe eğitimiyle tasarımcı olun!","107","653","grafik tasarım kursu İstanbul, yüz yüze grafik eğitimi, video efekt yüz yüze, Adobe kursu","89","Grafik Tasarım Kursu & Video Efekt Uzmanlığı – Yüz Yüze","55","","0","Grafik Tasarım Kursu & Video Efekt Uzmanlığı – Yüz Yüze Uygulamalı Eğitim","73","","0","","","","https://unityverseacademy.com/urun/grafik-tasarim-ve-video-efekt-uzmanligi-yuz-yuze-egitimi-1489/","","","","","","238327","54397","54397","8,062","","4362","964","4,525","11,844","Very Hard","15,216","2","2","","37","3","0","1,720","104","46","0","11","11","0","","","","","65e210f8c604592a1853895841459bcc","0,283","","","","","tr","1.1","","","","","","https://unityverseacademy.com/urun/grafik-tasarim-ve-video-efekt-uzmanligi-yuz-yuze-egitimi-1489/","2026-07-30 13:41:23"
"https://unityverseacademy.com/urun/36-saat-kapsamli-zbrush-modelleme-egitimi-yuz-yuze-1539/","text/html; charset=utf-8","200","OK","Indexable","","ZBrush Kapsamlı Sculpting Kursu 36 Saat | YY","44","409","36 saatlik kapsamlı ZBrush sculpting yüz yüze kursu. Organik ve hard surface modelleme, brush tekniklerini derinlemesine öğrenin!","129","800","ZBrush kursu 36 saat, kapsamlı ZBrush eğitimi, dijital sculpting kursu, organik modelleme, hard surface modelleme, ZBrush brush'lar","131","ZBrush Kapsamlı Sculpting Kursu – 36 Saat Yüz Yüze (Organik & Hard Surface)","75","","0","ZBrush Kapsamlı Sculpting Uzmanlığı Kursu – 36 Saat Organik ve Hard Surface Modelleme (Yüz Yüze)","96","Goz Games Kurucu ortağıdır, sektörde 20 yılı aşkın süredir video kurgu, after effects, animasyon, 3D modelleme ve tasarım alanlarında çalışmaktadır. Ayrıca öğrenciler, Türkiye’nin saygın üniversitelerinin teknoparklarından ve Sanayi ve Teknoloji Bakanlığı’ndan onaylı Ar-Ge Projesi kapsamında dijital heykel ve karakter tasarımı proje ekibinde aktif olarak görev alır ve “ZBrush Proje Geliştirme Sertifikası” almaya hak kazanır. Eğitim sürecinde ZBrush yazılımı ile organik modelleme, karakter anatomisi, detaylandırma ve dijital heykel alanlarında ileri düzey teknik ve sanatsal beceriler geliştirirler. Oluşturdukları karakter ve yaratıcı konsept çalışmalarını ArtStation, CGSociety ve diğer uluslararası dijital sanat platformlarında sergileyerek, oyun, film ve dijital sanat endüstrilerinde profesyonel portföy oluştururlar ve kariyer fırsatlarında önemli bir avantaj elde ederler.","885","","","","https://unityverseacademy.com/urun/36-saat-kapsamli-zbrush-modelleme-egitimi-yuz-yuze-1539/","","","","","","168645","41235","41235","6,111","","1600","378","4,233","37,463","Hard","7,531","2","2","","19","3","0","1,720","82","44","0","12","12","0","","","","","6f33368844b0bd0e903f48c30f8221ab","0,274","","","","","tr","1.1","","","","","","https://unityverseacademy.com/urun/36-saat-kapsamli-zbrush-modelleme-egitimi-yuz-yuze-1539/","2026-07-30 13:41:23"
"https://unityverseacademy.com/urun/matematik-egitimi-ozel-ders-1428/","text/html; charset=utf-8","200","OK","Indexable","","Matematik Eğitimi Özel Ders","27","255","Matematik Eğitimi Özel Ders ürünü, özellikleri ve en uygun fiyatları Unityverse Academy da. Matematik Eğitimi Özel Ders, Özel Dersler kategorisinde.","148","900","","0","Matematik Eğitimi Özel Ders","27","","0","Eğitim Koordinatörü: Doç. Dr. Ali Çivril(CV için tıklayınız.)","61","","0","","","","https://unityverseacademy.com/urun/matematik-egitimi-ozel-ders-1428/","","","","","","134353","34362","34362","5,092","","419","130","3,223","45,670","Hard","2,868","2","2","","8","3","0","1,720","71","44","0","12","12","0","","","","","18f7276efc59532b38007afadb3b986d","0,091","","","","","tr","1.1","","","","","","https://unityverseacademy.com/urun/matematik-egitimi-ozel-ders-1428/","2026-07-30 13:41:23"
"https://unityverseacademy.com/blog-detay/maya-egitimi-285/","text/html; charset=utf-8","200","OK","Indexable","","Maya Eğitimi","12","115","Maya eğitimi tanıtımı","21","129","unreal engine,","14","Maya Eğitimi","12","","0","Maya İleri Seviye — Rigging ve Animation Profesyonel Rehberi","60","Maya Rigging & Animation ile Neler Yapabilirsiniz?","50","","","","https://unityverseacademy.com/blog-detay/maya-egitimi-285/","","","","","","98899","25073","25073","3,716","","714","162","4,407","31,147","Hard","6,139","2","2","","26","24","0","13,790","80","54","0","7","7","0","","","","","3676f550700f99a9a4a2d9ca35c84e33","0,293","","","","","tr","1.1","","","","","","https://unityverseacademy.com/blog-detay/maya-egitimi-285/","2026-07-30 13:41:23"
"https://unityverseacademy.com/urun/revit-egitimi-online-1129/","text/html; charset=utf-8","200","OK","Indexable","","Revit Eğitimi","13","112","Revit Eğitimi, mimarlık, mühendislik ve inşaat (AEC) sektörlerinde yaygın olarak kullanılan ve 3D BIM (Building Information Modeling) yazılımı olan Revit","153","922","Revit Eğitimi, 3D BIM, Yapı Tasarımı, Revit Kursu, BIM Yazılımı, Bina Modelleme, Proje Koordinasyonu, Revit Eğitim Programı, İç Mimarlık, İnşaat Mühendisliği, Revit ile Tasarım, Yapı Elemanları, MEP Tasarımı, 3D Görselleştirme, Revit ile Detaylandırma, İnşaat Projesi, Revit Modelleme, BIM Süreçleri, Revit İleri Düzey, 3D Yapı Modelleme","337","Revit Eğitimi Online","20","","0","Eğitimimizden kareler:","22","IMG_50372.jpg","13","","","","https://unityverseacademy.com/urun/revit-egitimi-online-1129/","","","","","","185367","61905","61905","9,174","","928","235","3,949","56,144","Fairly Hard","3,826","2","2","","19","3","0","1,720","82","44","0","11","11","0","","","","","33406d429c8975d6ea01ee19cb9446f6","0,261","","","","","tr","1.1","","","","","","https://unityverseacademy.com/urun/revit-egitimi-online-1129/","2026-07-30 13:41:23"
"https://unityverseacademy.com/sayfa/hakkimizda/25/","text/html; charset=utf-8","200","OK","Non-Indexable","Canonicalised","Hakkımızda","10","105","HAKKIMIZDA","10","83","HAKKIMIZDA","10","HAKKIMIZDA","10","","0","UNITYVERSE ACADEMY","18","Biz kimiz?","10","","","","https://unityverseacademy.com/sayfa/hakkimizda-25/","","","","","","100237","25289","25289","3,748","","926","208","4,452","2,328","Very Hard","8,603","2","3","","23","22","0","12,640","64","41","0","7","7","0","","","","","5307f100767668c206b0d388a0931043","0,076","","","","","tr","1.1","","","","","","https://unityverseacademy.com/sayfa/hakkimizda/25/","2026-07-30 13:41:23"
"https://unityverseacademy.com/blog-detay/3ds-max-egitimi-uv-mapping-ve-kaplama-yonetimi-305/","text/html; charset=utf-8","200","OK","Indexable","","3DS Max Eğitimi : UV Mapping ve Kaplama Yönetimi","48","465","3DS Max Eğitimi Tanıtımı","24","153","unreal engine,","14","3DS Max Eğitimi : UV Mapping ve Kaplama Yönetimi","48","","0","3ds Max’te UV Mapping ve Kaplama Yönetimi","41","UV Mapping ile Neler Elde Edersiniz?","36","","","","https://unityverseacademy.com/blog-detay/3ds-max-egitimi-uv-mapping-ve-kaplama-yonetimi-305/","","","","","","100437","25659","25659","3,803","","881","209","4,215","36,813","Hard","7,132","2","2","","26","24","0","13,790","80","54","0","7","7","0","","","","","6ba97aa19126637a5ed2ce5749ed3e07","0,102","","","","","tr","1.1","","","","","","https://unityverseacademy.com/blog-detay/3ds-max-egitimi-uv-mapping-ve-kaplama-yonetimi-305/","2026-07-30 13:41:23"
"https://unityverseacademy.com/urun/profesyonel-mimari-render-ve-etkilesim-egitimi-yuz-yuze-24-saat-1612/","text/html; charset=utf-8","200","OK","Indexable","","Profesyonel Mimari Render ve Etkileşim Eğitimi Yüz Yüze 24 Saat","63","582","Profesyonel Mimari Render ve Etkileşim Eğitimi Yüz Yüze 24 Saat ürünü, özellikleri ve en uygun fiyatları Unityverse Academy da. Profesyonel Mimari Render ve Etkileşim Eğitimi Yüz Yüze 24 Saat, Mimarlık Eğitimleri kategorisinde.","227","1388","","0","Profesyonel Mimari Render ve Etkileşim Eğitimi Yüz Yüze 24 Saat","63","","0","Profesyonel Mimari Render ve Etkileşim Eğitimi","46","Ne Öğreneceğim?","15","","","","https://unityverseacademy.com/urun/profesyonel-mimari-render-ve-etkilesim-egitimi-yuz-yuze-24-saat-1612/","","","","","","158169","39711","39711","5,885","","1227","281","4,367","30,376","Hard","6,380","2","2","","11","3","0","1,720","74","44","0","12","12","0","","","","","c18cbd164eaf4a9766fb70184ef6bdae","0,270","","","","","tr","1.1","","","","","","https://unityverseacademy.com/urun/profesyonel-mimari-render-ve-etkilesim-egitimi-yuz-yuze-24-saat-1612/","2026-07-30 13:41:23"
"https://unityverseacademy.com/urun/mimarlik-ic-mimarlik-icin-3d-tasarim-ve-gorsellestirme-egitimi-yuz-yuze-1504/","text/html; charset=utf-8","200","OK","Indexable","","Mimarlık & İç Mimarlık için 3D Tasarım ve Görselleştirme Eğitimi Yüz Yüze","73","659","Mimarlık & İç Mimarlık için 3D Tasarım ve Görselleştirme Eğitimi Yüz Yüze ürünü, özellikleri ve en uygun fiyatları Unityverse Academy da. Mimarlık & İç Mimarlık için 3D Tasarım ve Görselleştirme Eğitimi Yüz Yüze, Mimarlık Eğitimleri kategorisinde.","247","1486","","0","Mimarlık & İç Mimarlık için 3D Tasarım ve Görselleştirme Eğitimi Yüz Yüze","73","","0","Mimarlık & İç Mimarlık için 3D Tasarım ve Görselleştirme Eğitimi Online","71","Ne Öğreneceğim?","15","","","","https://unityverseacademy.com/urun/mimarlik-ic-mimarlik-icin-3d-tasarim-ve-gorsellestirme-egitimi-yuz-yuze-1504/","","","","","","190444","47425","47425","7,028","","3026","742","4,078","43,616","Hard","11,987","2","2","","12","3","0","1,720","75","44","0","12","12","0","","","","","2135417ab3c6e1896df37ec01f4eab31","0,254","","","","","tr","1.1","","","","","","https://unityverseacademy.com/urun/mimarlik-ic-mimarlik-icin-3d-tasarim-ve-gorsellestirme-egitimi-yuz-yuze-1504/","2026-07-30 13:41:23"
"https://unityverseacademy.com/urun/unreal-engine-ile-sanal-gerceklik-yuz-yuze-egitim-654/","text/html; charset=utf-8","200","OK","Indexable","","Unreal Engine 5 VR Kursu | Yüz Yüze Sanal Gerçeklik","51","466","Unreal Engine 5 ile sanal gerçeklik (VR) geliştirme yüz yüze kursu. İmmersif VR projeleri oluşturmayı öğrenin. Uygulamalı eğitim!","129","778","unreal engine VR kursu, sanal gerçeklik eğitimi, UE5 VR geliştirme, virtual reality kurs","88","Unreal Engine 5 ile VR / Sanal Gerçeklik Geliştirme Kursu – Yüz Yüze","68","","0","Unreal Engine 5 ile VR Sanal Gerçeklik Geliştirme Yüz Yüze Kursu","64","Eğitmen: Burak Kaya","19","","","","https://unityverseacademy.com/urun/unreal-engine-ile-sanal-gerceklik-yuz-yuze-egitim-654/","","","","","","165661","41112","41112","6,093","","1633","369","4,425","12,421","Very Hard","8,376","2","2","","9","3","0","1,720","72","43","0","14","13","0","","","","","aee4cc289c4ec44a2a57c66892412674","0,269","","","","","tr","1.1","","","","","","https://unityverseacademy.com/urun/unreal-engine-ile-sanal-gerceklik-yuz-yuze-egitim-654/","2026-07-30 13:41:23"
"https://unityverseacademy.com/urun/autocad-egitimi-ozel-ders-1300/","text/html; charset=utf-8","200","OK","Indexable","","AutoCAD Eğitimi Özel Ders","25","239","AutoCAD Eğitimi Özel Ders ürünü, özellikleri ve en uygun fiyatları Unityverse Academy da. AutoCAD Eğitimi Özel Ders, Mimarlık Eğitimleri kategorisinde.","151","920","","0","AutoCAD Eğitimi Özel Ders","25","","0","","0","AutoCAD Eğitimi Özel Ders","25","","","","https://unityverseacademy.com/urun/autocad-egitimi-ozel-ders-1300/","","","","","","155936","38884","38884","5,763","","822","228","3,605","38,813","Hard","4,436","2","2","","17","3","0","1,720","80","44","0","11","11","0","","","","","20a5437b9314f221166dde2aa697fe0e","0,086","","","","","tr","1.1","","","","","","https://unityverseacademy.com/urun/autocad-egitimi-ozel-ders-1300/","2026-07-30 13:41:24"
"https://unityverseacademy.com/urun/sosyal-medya-ve-google-reklamciligi-canli-online-egitimi-1072/","text/html; charset=utf-8","200","OK","Indexable","","Sosyal Medya ve Google Reklamcılığı Canlı (Online) Eğitimi – Dijital Pazarlama Stratejileri","91","796","Sosyal medya ve Google reklamcılığı üzerine canlı online eğitimimizle, dijital pazarlama dünyasında kendinizi geliştirip, profesyonel seviyeye ulaşabilirsiniz. Facebook, Instagram, YouTube, Google Ads gibi platformlarda etkili reklam kampanyala","244","1483","Sosyal Medya Reklamcılığı, Google Ads, Dijital Pazarlama, Online Reklamcılık, Facebook Ads, Instagram Reklamları, Google Reklamları, YouTube Reklamları, PPC, Reklam Kampanyası, Bütçe Yönetimi, Reklam Analizi, Sosyal Medya Stratejisi, Google Reklam Eğitimi, Dijital Pazarlama Eğitimi","282","Sosyal Medya ve Google Reklamcılığı Canlı (Online) Eğitimi","58","","0","Sosyal Medya ve Google Reklamcılığı Eğitimi","43","Neden Almalısınız?","18","","","","https://unityverseacademy.com/urun/sosyal-medya-ve-google-reklamciligi-canli-online-egitimi-1072/","","","","","","198909","61150","61150","9,062","","1964","417","4,710","5,286","Very Hard","8,475","2","2","","17","3","0","1,720","81","44","0","12","12","0","","","","","9d0d1801048ba9d2908b5101fe3fc507","0,105","","","","","tr","1.1","","","","","","https://unityverseacademy.com/urun/sosyal-medya-ve-google-reklamciligi-canli-online-egitimi-1072/","2026-07-30 13:41:24"
