"Address","Content Type","Status Code","Status","Indexability","Indexability Status","Title 1","Title 1 Length","Title 1 Pixel Width","Meta Description 1","Meta Description 1 Length","Meta Description 1 Pixel Width","Meta Keywords 1","Meta Keywords 1 Length","H1-1","H1-1 Length","H2-1","H2-1 Length","Meta Robots 1","X-Robots-Tag 1","Meta Refresh 1","Canonical Link Element 1","rel=""next"" 1","rel=""prev"" 1","HTTP rel=""next"" 1","HTTP rel=""prev"" 1","amphtml Link Element","Size (Bytes)","Transferred (Bytes)","Total Transferred (Bytes)","CO2 (mg)","Carbon Rating","Word Count","Sentence Count","Average Words Per Sentence","Flesch Reading Ease Score","Readability","Text Ratio","Crawl Depth","Folder Depth","Link Score","Inlinks","Unique Inlinks","Unique JS Inlinks","% of Total","Outlinks","Unique Outlinks","Unique JS Outlinks","External Outlinks","Unique External Outlinks","Unique External JS Outlinks","Closest Near Duplicate Match","No. Near Duplicates","Spelling Errors","Grammar Errors","Hash","Response Time","Last Modified","Redirect URL","Redirect Type","Cookies","Language","HTTP Version","Mobile Alternate Link","Closest Semantically Similar Address","Semantic Similarity Score","No. Semantically Similar","Semantic Relevance Score","URL Encoded Address","Crawl Timestamp"
"https://unityverseacademy.com/uploads/p/p/s/2024-python-bootcamp-sifirdan-python-canli-online-egitimi_2.jpeg?v=1713608100","image/jpeg","200","OK","Indexable","","","0","0","","0","0","","0","","0","","0","","","","","","","","","","54639","54639","54639","8,097","","0","","","","","0,000","1","4","","0","0","0","0,000","0","0","0","0","0","0","","","","","","0,072","Wed, 17 Jun 2026 19:04:47 GMT","","","","","1.1","","","","","","https://unityverseacademy.com/uploads/p/p/s/2024-python-bootcamp-sifirdan-python-canli-online-egitimi_2.jpeg?v=1713608100","2026-07-30 13:41:01"
"https://unityverseacademy.com/uploads/p/cd/9svlyhQm8Piz.png","image/png","200","OK","Indexable","","","0","0","","0","0","","0","","0","","0","","","","","","","","","","2865","2865","2865","0,425","","0","","","","","0,000","1","3","","0","0","0","0,000","0","0","0","0","0","0","","","","","","0,196","Thu, 18 Jun 2026 12:21:14 GMT","","","","","1.1","","","","","","https://unityverseacademy.com/uploads/p/cd/9svlyhQm8Piz.png","2026-07-30 13:41:00"
"https://unityverseacademy.com/uploads/p/cd/cMZ1zkyvfF2P.png","image/png","200","OK","Indexable","","","0","0","","0","0","","0","","0","","0","","","","","","","","","","2004","2004","2004","0,297","","0","","","","","0,000","1","3","","0","0","0","0,000","0","0","0","0","0","0","","","","","","0,200","Thu, 18 Jun 2026 12:21:14 GMT","","","","","1.1","","","","","","https://unityverseacademy.com/uploads/p/cd/cMZ1zkyvfF2P.png","2026-07-30 13:41:01"
"https://unityverseacademy.com/uploads/p/p/s/autodesk-fusion-360-endustriyel-urun-tasarimi-uzmanligi-canli-online-egitimi_1.jpg?v=1762940099","image/jpeg","200","OK","Indexable","","","0","0","","0","0","","0","","0","","0","","","","","","","","","","36817","36817","36817","5,456","","0","","","","","0,000","1","4","","0","0","0","0,000","0","0","0","0","0","0","","","","","","0,271","Wed, 17 Jun 2026 19:04:47 GMT","","","","","1.1","","","","","","https://unityverseacademy.com/uploads/p/p/s/autodesk-fusion-360-endustriyel-urun-tasarimi-uzmanligi-canli-online-egitimi_1.jpg?v=1762940099","2026-07-30 13:41:01"
"https://unityverseacademy.com/uploads/p/cd/ZCaVcYBFG9jR.png","image/png","200","OK","Indexable","","","0","0","","0","0","","0","","0","","0","","","","","","","","","","1541","1541","1541","0,228","","0","","","","","0,000","1","3","","0","0","0","0,000","0","0","0","0","0","0","","","","","","0,214","Thu, 18 Jun 2026 12:21:14 GMT","","","","","1.1","","","","","","https://unityverseacademy.com/uploads/p/cd/ZCaVcYBFG9jR.png","2026-07-30 13:41:01"
"https://unityverseacademy.com/uploads/p/p/s/yazilim-uzmanligi-yuz-yuze-egitimi_1.jpeg?v=1713604671","image/jpeg","200","OK","Indexable","","","0","0","","0","0","","0","","0","","0","","","","","","","","","","53372","53372","53372","7,910","","0","","","","","0,000","1","4","","0","0","0","0,000","0","0","0","0","0","0","","","","","","0,296","Wed, 17 Jun 2026 19:04:47 GMT","","","","","1.1","","","","","","https://unityverseacademy.com/uploads/p/p/s/yazilim-uzmanligi-yuz-yuze-egitimi_1.jpeg?v=1713604671","2026-07-30 13:41:01"
"https://unityverseacademy.com/uploads/p/p/s/2b-oyun-karakter-tasarimi-ve-animasyon-canli-online-egitimi_1.jpg?v=1759406018","image/jpeg","200","OK","Indexable","","","0","0","","0","0","","0","","0","","0","","","","","","","","","","47361","47361","47361","7,019","","0","","","","","0,000","1","4","","0","0","0","0,000","0","0","0","0","0","0","","","","","","0,279","Wed, 17 Jun 2026 19:04:47 GMT","","","","","1.1","","","","","","https://unityverseacademy.com/uploads/p/p/s/2b-oyun-karakter-tasarimi-ve-animasyon-canli-online-egitimi_1.jpg?v=1759406018","2026-07-30 13:41:01"
"https://unityverseacademy.com/uploads/p/cd/B83sAeRW67zU.webp","image/webp","200","OK","Indexable","","","0","0","","0","0","","0","","0","","0","","","","","","","","","","65280","65280","65280","9,674","","0","","","","","0,000","1","3","","0","0","0","0,000","0","0","0","0","0","0","","","","","","0,075","Wed, 17 Jun 2026 19:04:47 GMT","","","","","1.1","","","","","","https://unityverseacademy.com/uploads/p/cd/B83sAeRW67zU.webp","2026-07-30 13:41:01"
"https://unityverseacademy.com/uploads/p/p/s/unity-ile-oyun-gelistirme-yuz-yuze-egitimi_1.jpeg?v=1714312888","image/jpeg","200","OK","Indexable","","","0","0","","0","0","","0","","0","","0","","","","","","","","","","49870","49870","49870","7,391","","0","","","","","0,000","1","4","","0","0","0","0,000","0","0","0","0","0","0","","","","","","0,252","Wed, 17 Jun 2026 19:04:47 GMT","","","","","1.1","","","","","","https://unityverseacademy.com/uploads/p/p/s/unity-ile-oyun-gelistirme-yuz-yuze-egitimi_1.jpeg?v=1714312888","2026-07-30 13:41:01"
"https://unityverseacademy.com/uploads/p/cd/HXFyN3EqRoYC.webp","image/webp","200","OK","Indexable","","","0","0","","0","0","","0","","0","","0","","","","","","","","","","147910","147910","147910","21,920","","0","","","","","0,000","1","3","","0","0","0","0,000","0","0","0","0","0","0","","","","","","0,069","Wed, 17 Jun 2026 19:04:47 GMT","","","","","1.1","","","","","","https://unityverseacademy.com/uploads/p/cd/HXFyN3EqRoYC.webp","2026-07-30 13:41:02"
"https://unityverseacademy.com/uploads/p/p/s/unity-ile-oyun-gelistirme-canli-online-egitimi_1.jpeg?v=1714312907","image/jpeg","200","OK","Indexable","","","0","0","","0","0","","0","","0","","0","","","","","","","","","","49870","49870","49870","7,391","","0","","","","","0,000","1","4","","0","0","0","0,000","0","0","0","0","0","0","","","","","","0,062","Wed, 17 Jun 2026 19:04:47 GMT","","","","","1.1","","","","","","https://unityverseacademy.com/uploads/p/p/s/unity-ile-oyun-gelistirme-canli-online-egitimi_1.jpeg?v=1714312907","2026-07-30 13:41:02"
"https://unityverseacademy.com/uploads/p/cd/gpM3HDtTk9KZ.webp","image/webp","200","OK","Indexable","","","0","0","","0","0","","0","","0","","0","","","","","","","","","","46926","46926","46926","6,954","","0","","","","","0,000","1","3","","0","0","0","0,000","0","0","0","0","0","0","","","","","","0,063","Wed, 17 Jun 2026 19:04:47 GMT","","","","","1.1","","","","","","https://unityverseacademy.com/uploads/p/cd/gpM3HDtTk9KZ.webp","2026-07-30 13:41:02"
"https://unityverseacademy.com/uploads/p/cd/lQveczHUdfBT.webp","image/webp","200","OK","Indexable","","","0","0","","0","0","","0","","0","","0","","","","","","","","","","34660","34660","34660","5,137","","0","","","","","0,000","1","3","","0","0","0","0,000","0","0","0","0","0","0","","","","","","0,066","Thu, 18 Jun 2026 12:21:14 GMT","","","","","1.1","","","","","","https://unityverseacademy.com/uploads/p/cd/lQveczHUdfBT.webp","2026-07-30 13:41:02"
"https://unityverseacademy.com/uploads/p/cd/8bxdytVDaPoT.webp","image/webp","200","OK","Indexable","","","0","0","","0","0","","0","","0","","0","","","","","","","","","","35706","35706","35706","5,292","","0","","","","","0,000","1","3","","0","0","0","0,000","0","0","0","0","0","0","","","","","","0,065","Thu, 18 Jun 2026 12:21:14 GMT","","","","","1.1","","","","","","https://unityverseacademy.com/uploads/p/cd/8bxdytVDaPoT.webp","2026-07-30 13:41:02"
"https://unityverseacademy.com/uploads/p/cd/hzfpok91vjDW.webp","image/webp","200","OK","Indexable","","","0","0","","0","0","","0","","0","","0","","","","","","","","","","70938","70938","70938","10,513","","0","","","","","0,000","1","3","","0","0","0","0,000","0","0","0","0","0","0","","","","","","0,236","Wed, 17 Jun 2026 19:04:47 GMT","","","","","1.1","","","","","","https://unityverseacademy.com/uploads/p/cd/hzfpok91vjDW.webp","2026-07-30 13:41:03"
"https://unityverseacademy.com/uploads/p/p/s/grafik-tasarim-ve-video-efekt-uzmanligi-canli-online-egitimi-staj-garantili_1.jpg?v=1759585838","image/jpeg","200","OK","Indexable","","","0","0","","0","0","","0","","0","","0","","","","","","","","","","131725","131725","131725","19,522","","0","","","","","0,000","1","4","","0","0","0","0,000","0","0","0","0","0","0","","","","","","0,179","Wed, 17 Jun 2026 19:04:47 GMT","","","","","1.1","","","","","","https://unityverseacademy.com/uploads/p/p/s/grafik-tasarim-ve-video-efekt-uzmanligi-canli-online-egitimi-staj-garantili_1.jpg?v=1759585838","2026-07-30 13:41:03"
"https://unityverseacademy.com/uploads/p/cd/Vqa2u5oRBlv1.png","image/png","200","OK","Indexable","","","0","0","","0","0","","0","","0","","0","","","","","","","","","","3117","3117","3117","0,462","","0","","","","","0,000","1","3","","0","0","0","0,000","0","0","0","0","0","0","","","","","","0,190","Thu, 18 Jun 2026 12:21:14 GMT","","","","","1.1","","","","","","https://unityverseacademy.com/uploads/p/cd/Vqa2u5oRBlv1.png","2026-07-30 13:41:03"
"https://unityverseacademy.com/uploads/p/cd/BmsMLDdFV9vR.webp","image/webp","200","OK","Indexable","","","0","0","","0","0","","0","","0","","0","","","","","","","","","","65280","65280","65280","9,674","","0","","","","","0,000","1","3","","0","0","0","0,000","0","0","0","0","0","0","","","","","","0,264","Thu, 18 Jun 2026 12:21:14 GMT","","","","","1.1","","","","","","https://unityverseacademy.com/uploads/p/cd/BmsMLDdFV9vR.webp","2026-07-30 13:41:03"
"https://unityverseacademy.com/uploads/p/cd/AHREgDJ51l30.webp","image/webp","200","OK","Indexable","","","0","0","","0","0","","0","","0","","0","","","","","","","","","","88452","88452","88452","13,109","","0","","","","","0,000","1","3","","0","0","0","0,000","0","0","0","0","0","0","","","","","","0,072","Wed, 17 Jun 2026 19:04:47 GMT","","","","","1.1","","","","","","https://unityverseacademy.com/uploads/p/cd/AHREgDJ51l30.webp","2026-07-30 13:41:03"
"https://unityverseacademy.com/uploads/p/cd/4RGnxhqCrAQj.webp","image/webp","200","OK","Indexable","","","0","0","","0","0","","0","","0","","0","","","","","","","","","","34660","34660","34660","5,137","","0","","","","","0,000","1","3","","0","0","0","0,000","0","0","0","0","0","0","","","","","","0,263","Wed, 17 Jun 2026 19:04:47 GMT","","","","","1.1","","","","","","https://unityverseacademy.com/uploads/p/cd/4RGnxhqCrAQj.webp","2026-07-30 13:41:03"
"https://unityverseacademy.com/uploads/p/p/s/2b-cizgi-film-ve-animasyon-uzmanligi-canli-online-egitimi_2.jpg?v=1759405086","image/jpeg","200","OK","Indexable","","","0","0","","0","0","","0","","0","","0","","","","","","","","","","48705","48705","48705","7,218","","0","","","","","0,000","1","4","","0","0","0","0,000","0","0","0","0","0","0","","","","","","0,262","Wed, 17 Jun 2026 19:04:47 GMT","","","","","1.1","","","","","","https://unityverseacademy.com/uploads/p/p/s/2b-cizgi-film-ve-animasyon-uzmanligi-canli-online-egitimi_2.jpg?v=1759405086","2026-07-30 13:41:03"
"https://unityverseacademy.com/uploads/p/cd/yISe6HskUAO8.webp","image/webp","200","OK","Indexable","","","0","0","","0","0","","0","","0","","0","","","","","","","","","","46926","46926","46926","6,954","","0","","","","","0,000","1","3","","0","0","0","0,000","0","0","0","0","0","0","","","","","","0,289","Thu, 18 Jun 2026 12:21:14 GMT","","","","","1.1","","","","","","https://unityverseacademy.com/uploads/p/cd/yISe6HskUAO8.webp","2026-07-30 13:41:04"
"https://unityverseacademy.com/uploads/p/o/M8NILhl4t7HF.jpg?v=1701782743","image/jpeg","200","OK","Indexable","","","0","0","","0","0","","0","","0","","0","","","","","","","","","","55837","55837","55837","8,275","","0","","","","","0,000","1","3","","0","0","0","0,000","0","0","0","0","0","0","","","","","","0,070","Wed, 17 Jun 2026 19:04:47 GMT","","","","","1.1","","","","","","https://unityverseacademy.com/uploads/p/o/M8NILhl4t7HF.jpg?v=1701782743","2026-07-30 13:41:04"
"https://unityverseacademy.com/uploads/p/cd/lE0itIZcqLCW.webp","image/webp","200","OK","Indexable","","","0","0","","0","0","","0","","0","","0","","","","","","","","","","49030","49030","49030","7,266","","0","","","","","0,000","1","3","","0","0","0","0,000","0","0","0","0","0","0","","","","","","0,062","Thu, 18 Jun 2026 12:21:14 GMT","","","","","1.1","","","","","","https://unityverseacademy.com/uploads/p/cd/lE0itIZcqLCW.webp","2026-07-30 13:41:04"
"https://unityverseacademy.com/uploads/p/cd/6FMJGd1m4zHY.webp","image/webp","200","OK","Indexable","","","0","0","","0","0","","0","","0","","0","","","","","","","","","","88452","88452","88452","13,109","","0","","","","","0,000","1","3","","0","0","0","0,000","0","0","0","0","0","0","","","","","","0,236","Thu, 18 Jun 2026 12:21:14 GMT","","","","","1.1","","","","","","https://unityverseacademy.com/uploads/p/cd/6FMJGd1m4zHY.webp","2026-07-30 13:41:04"
"https://unityverseacademy.com/uploads/p/cd/yNjxbAfrewsU.webp","image/webp","200","OK","Indexable","","","0","0","","0","0","","0","","0","","0","","","","","","","","","","32142","32142","32142","4,763","","0","","","","","0,000","1","3","","0","0","0","0,000","0","0","0","0","0","0","","","","","","0,265","Thu, 18 Jun 2026 12:21:14 GMT","","","","","1.1","","","","","","https://unityverseacademy.com/uploads/p/cd/yNjxbAfrewsU.webp","2026-07-30 13:41:04"
"https://unityverseacademy.com/uploads/p/cd/jUF0TXSKhpxI.png","image/png","200","OK","Indexable","","","0","0","","0","0","","0","","0","","0","","","","","","","","","","3854","3854","3854","0,571","","0","","","","","0,000","1","3","","0","0","0","0,000","0","0","0","0","0","0","","","","","","0,198","Thu, 18 Jun 2026 12:21:14 GMT","","","","","1.1","","","","","","https://unityverseacademy.com/uploads/p/cd/jUF0TXSKhpxI.png","2026-07-30 13:41:04"
"https://unityverseacademy.com/uploads/p/cd/DHpznJYyvjk7.webp","image/webp","200","OK","Indexable","","","0","0","","0","0","","0","","0","","0","","","","","","","","","","70938","70938","70938","10,513","","0","","","","","0,000","1","3","","0","0","0","0,000","0","0","0","0","0","0","","","","","","0,065","Thu, 18 Jun 2026 12:21:14 GMT","","","","","1.1","","","","","","https://unityverseacademy.com/uploads/p/cd/DHpznJYyvjk7.webp","2026-07-30 13:41:04"
"https://unityverseacademy.com/uploads/p/o/yfTW41vdMOxS.jpg?v=1701783131","image/jpeg","200","OK","Indexable","","","0","0","","0","0","","0","","0","","0","","","","","","","","","","3327","3327","3327","0,493","","0","","","","","0,000","1","3","","0","0","0","0,000","0","0","0","0","0","0","","","","","","0,184","Wed, 17 Jun 2026 19:04:47 GMT","","","","","1.1","","","","","","https://unityverseacademy.com/uploads/p/o/yfTW41vdMOxS.jpg?v=1701783131","2026-07-30 13:41:04"
"https://unityverseacademy.com/uploads/p/p/s/blender-3b-oyun-modelleme-canli-online-egitim_1.jpg?v=1762940609","image/jpeg","200","OK","Indexable","","","0","0","","0","0","","0","","0","","0","","","","","","","","","","42457","42457","42457","6,292","","0","","","","","0,000","1","4","","0","0","0","0,000","0","0","0","0","0","0","","","","","","0,067","Wed, 17 Jun 2026 19:04:47 GMT","","","","","1.1","","","","","","https://unityverseacademy.com/uploads/p/p/s/blender-3b-oyun-modelleme-canli-online-egitim_1.jpg?v=1762940609","2026-07-30 13:41:05"
"https://unityverseacademy.com/uploads/p/p/s/c-programlama-canli-online-egitimi_2.jpg?v=1696601125","image/jpeg","200","OK","Indexable","","","0","0","","0","0","","0","","0","","0","","","","","","","","","","42589","42589","42589","6,312","","0","","","","","0,000","1","4","","0","0","0","0,000","0","0","0","0","0","0","","","","","","0,242","Wed, 17 Jun 2026 19:04:47 GMT","","","","","1.1","","","","","","https://unityverseacademy.com/uploads/p/p/s/c-programlama-canli-online-egitimi_2.jpg?v=1696601125","2026-07-30 13:41:05"
"https://unityverseacademy.com/uploads/p/p/s/profesyonel-3b-modelleme-dijital-sanat-programi-online_1.jpg?v=1757508001","image/jpeg","200","OK","Indexable","","","0","0","","0","0","","0","","0","","0","","","","","","","","","","60209","60209","60209","8,923","","0","","","","","0,000","1","4","","0","0","0","0,000","0","0","0","0","0","0","","","","","","0,071","Wed, 17 Jun 2026 19:04:47 GMT","","","","","1.1","","","","","","https://unityverseacademy.com/uploads/p/p/s/profesyonel-3b-modelleme-dijital-sanat-programi-online_1.jpg?v=1757508001","2026-07-30 13:41:05"
"https://unityverseacademy.com/uploads/p/cd/wtZkNKoFClWI.png","image/png","200","OK","Indexable","","","0","0","","0","0","","0","","0","","0","","","","","","","","","","3030","3030","3030","0,449","","0","","","","","0,000","1","3","","0","0","0","0,000","0","0","0","0","0","0","","","","","","0,194","Thu, 18 Jun 2026 12:21:14 GMT","","","","","1.1","","","","","","https://unityverseacademy.com/uploads/p/cd/wtZkNKoFClWI.png","2026-07-30 13:41:05"
"https://unityverseacademy.com/uploads/p/p/s/yazilim-test-otomasyonu-canli-online-egitimi-staj-garantili_1.jpg?v=1761897326","image/jpeg","200","OK","Indexable","","","0","0","","0","0","","0","","0","","0","","","","","","","","","","47905","47905","47905","7,100","","0","","","","","0,000","1","4","","0","0","0","0,000","0","0","0","0","0","0","","","","","","0,067","Wed, 17 Jun 2026 19:04:47 GMT","","","","","1.1","","","","","","https://unityverseacademy.com/uploads/p/p/s/yazilim-test-otomasyonu-canli-online-egitimi-staj-garantili_1.jpg?v=1761897326","2026-07-30 13:41:05"
"https://unityverseacademy.com/uploads/p/cd/JPNuanLj73k0.webp","image/webp","200","OK","Indexable","","","0","0","","0","0","","0","","0","","0","","","","","","","","","","20938","20938","20938","3,103","","0","","","","","0,000","1","3","","0","0","0","0,000","0","0","0","0","0","0","","","","","","0,078","Wed, 17 Jun 2026 19:04:47 GMT","","","","","1.1","","","","","","https://unityverseacademy.com/uploads/p/cd/JPNuanLj73k0.webp","2026-07-30 13:41:05"
"https://unityverseacademy.com/uploads/p/p/s/dijital-oyun-muzigi-teknikleri-canli-online-egitimi_2.jpg?v=1759590545","image/jpeg","200","OK","Indexable","","","0","0","","0","0","","0","","0","","0","","","","","","","","","","107838","107838","107838","15,982","","0","","","","","0,000","1","4","","0","0","0","0,000","0","0","0","0","0","0","","","","","","0,259","Wed, 17 Jun 2026 19:04:47 GMT","","","","","1.1","","","","","","https://unityverseacademy.com/uploads/p/p/s/dijital-oyun-muzigi-teknikleri-canli-online-egitimi_2.jpg?v=1759590545","2026-07-30 13:41:05"
"https://unityverseacademy.com/uploads/p/p/s/grafik-tasarim-ve-video-efekt-uzmanligi-yuz-yuze-egitimi-staj-garantili_1.jpg?v=1763219437","image/jpeg","200","OK","Indexable","","","0","0","","0","0","","0","","0","","0","","","","","","","","","","41772","41772","41772","6,191","","0","","","","","0,000","1","4","","0","0","0","0,000","0","0","0","0","0","0","","","","","","0,068","Wed, 17 Jun 2026 19:04:47 GMT","","","","","1.1","","","","","","https://unityverseacademy.com/uploads/p/p/s/grafik-tasarim-ve-video-efekt-uzmanligi-yuz-yuze-egitimi-staj-garantili_1.jpg?v=1763219437","2026-07-30 13:41:06"
"https://unityverseacademy.com/uploads/p/cd/XJSd8xB3Twu1.webp","image/webp","200","OK","Indexable","","","0","0","","0","0","","0","","0","","0","","","","","","","","","","47916","47916","47916","7,101","","0","","","","","0,000","1","3","","0","0","0","0,000","0","0","0","0","0","0","","","","","","0,072","Thu, 18 Jun 2026 12:21:14 GMT","","","","","1.1","","","","","","https://unityverseacademy.com/uploads/p/cd/XJSd8xB3Twu1.webp","2026-07-30 13:41:06"
"https://unityverseacademy.com/uploads/p/cd/w9pfIhHMitlV.webp","image/webp","200","OK","Indexable","","","0","0","","0","0","","0","","0","","0","","","","","","","","","","49030","49030","49030","7,266","","0","","","","","0,000","1","3","","0","0","0","0,000","0","0","0","0","0","0","","","","","","0,062","Wed, 17 Jun 2026 19:04:47 GMT","","","","","1.1","","","","","","https://unityverseacademy.com/uploads/p/cd/w9pfIhHMitlV.webp","2026-07-30 13:41:06"
"https://unityverseacademy.com/uploads/p/cd/n0ucoJUlQf9Y.webp","image/webp","200","OK","Indexable","","","0","0","","0","0","","0","","0","","0","","","","","","","","","","47916","47916","47916","7,101","","0","","","","","0,000","1","3","","0","0","0","0,000","0","0","0","0","0","0","","","","","","0,069","Wed, 17 Jun 2026 19:04:47 GMT","","","","","1.1","","","","","","https://unityverseacademy.com/uploads/p/cd/n0ucoJUlQf9Y.webp","2026-07-30 13:41:06"
"https://unityverseacademy.com/uploads/p/cd/z6dJwPINVK1U.png","image/png","200","OK","Indexable","","","0","0","","0","0","","0","","0","","0","","","","","","","","","","3402","3402","3402","0,504","","0","","","","","0,000","1","3","","0","0","0","0,000","0","0","0","0","0","0","","","","","","0,197","Thu, 18 Jun 2026 12:21:14 GMT","","","","","1.1","","","","","","https://unityverseacademy.com/uploads/p/cd/z6dJwPINVK1U.png","2026-07-30 13:41:06"
"https://unityverseacademy.com/uploads/p/p/s/desinatorluk-canli-online-egitimi_2.jpg?v=1699876654","image/jpeg","200","OK","Indexable","","","0","0","","0","0","","0","","0","","0","","","","","","","","","","43469","43469","43469","6,442","","0","","","","","0,000","1","4","","0","0","0","0,000","0","0","0","0","0","0","","","","","","0,255","Wed, 17 Jun 2026 19:04:47 GMT","","","","","1.1","","","","","","https://unityverseacademy.com/uploads/p/p/s/desinatorluk-canli-online-egitimi_2.jpg?v=1699876654","2026-07-30 13:41:06"
"https://unityverseacademy.com/uploads/p/cd/Zb0gaClUFmEk.webp","image/webp","200","OK","Indexable","","","0","0","","0","0","","0","","0","","0","","","","","","","","","","147910","147910","147910","21,920","","0","","","","","0,000","1","3","","0","0","0","0,000","0","0","0","0","0","0","","","","","","0,064","Thu, 18 Jun 2026 12:21:14 GMT","","","","","1.1","","","","","","https://unityverseacademy.com/uploads/p/cd/Zb0gaClUFmEk.webp","2026-07-30 13:41:07"
"https://unityverseacademy.com/uploads/p/cd/xL8INMf1WJvz.webp","image/webp","200","OK","Indexable","","","0","0","","0","0","","0","","0","","0","","","","","","","","","","35706","35706","35706","5,292","","0","","","","","0,000","1","3","","0","0","0","0,000","0","0","0","0","0","0","","","","","","0,246","Wed, 17 Jun 2026 19:04:47 GMT","","","","","1.1","","","","","","https://unityverseacademy.com/uploads/p/cd/xL8INMf1WJvz.webp","2026-07-30 13:41:06"
"https://unityverseacademy.com/uploads/p/cd/w2oWBxc7O6gy.png","image/png","200","OK","Indexable","","","0","0","","0","0","","0","","0","","0","","","","","","","","","","5509","5509","5509","0,816","","0","","","","","0,000","1","3","","0","0","0","0,000","0","0","0","0","0","0","","","","","","0,199","Thu, 18 Jun 2026 12:21:14 GMT","","","","","1.1","","","","","","https://unityverseacademy.com/uploads/p/cd/w2oWBxc7O6gy.png","2026-07-30 13:41:07"
"https://unityverseacademy.com/uploads/p/cd/BQMaSWDnF9Xq.png","image/png","200","OK","Indexable","","","0","0","","0","0","","0","","0","","0","","","","","","","","","","3473","3473","3473","0,515","","0","","","","","0,000","1","3","","0","0","0","0,000","0","0","0","0","0","0","","","","","","0,068","Thu, 18 Jun 2026 12:21:14 GMT","","","","","1.1","","","","","","https://unityverseacademy.com/uploads/p/cd/BQMaSWDnF9Xq.png","2026-07-30 13:41:07"
"https://unityverseacademy.com/uploads/p/p/s/unity-ile-oyun-gelistirme-canli-online-egitimi-staj-garantili_1.jpeg?v=1781632188","image/jpeg","200","OK","Indexable","","","0","0","","0","0","","0","","0","","0","","","","","","","","","","49870","49870","49870","7,391","","0","","","","","0,000","1","4","","0","0","0","0,000","0","0","0","0","0","0","","","","","","0,240","Thu, 18 Jun 2026 12:21:14 GMT","","","","","1.1","","","","","","https://unityverseacademy.com/uploads/p/p/s/unity-ile-oyun-gelistirme-canli-online-egitimi-staj-garantili_1.jpeg?v=1781632188","2026-07-30 13:41:07"
"https://unityverseacademy.com/uploads/fm/WhatsApp_Image_2025-02-20_at_16_28_2714.jpg","image/jpeg","200","OK","Indexable","","","0","0","","0","0","","0","","0","","0","","","","","","","","","","162245","162245","162245","24,045","","0","","","","","0,000","2","2","","0","0","0","0,000","0","0","0","0","0","0","","","","","","0,063","Wed, 17 Jun 2026 19:04:46 GMT","","","","","1.1","","","","","","https://unityverseacademy.com/uploads/fm/WhatsApp_Image_2025-02-20_at_16_28_2714.jpg","2026-07-30 13:41:07"
"https://unityverseacademy.com/uploads/p/p/unreal-engine-5-ile-kodsuz-oyun-gelistirme-online-canli-egitim_1.jpg?v=1687689899","image/jpeg","200","OK","Indexable","","","0","0","","0","0","","0","","0","","0","","","","","","","","","","124435","124435","124435","18,441","","0","","","","","0,000","2","3","","0","0","0","0,000","0","0","0","0","0","0","","","","","","0,065","Wed, 17 Jun 2026 19:04:47 GMT","","","","","1.1","","","","","","https://unityverseacademy.com/uploads/p/p/unreal-engine-5-ile-kodsuz-oyun-gelistirme-online-canli-egitim_1.jpg?v=1687689899","2026-07-30 13:41:07"
"https://unityverseacademy.com/uploads/p/p/revit-egitimi-yuz-yuze_1.jpg?v=1763107881","image/jpeg","200","OK","Indexable","","","0","0","","0","0","","0","","0","","0","","","","","","","","","","63914","63914","63914","9,472","","0","","","","","0,000","2","3","","1","1","0","0,570","0","0","0","0","0","0","","","","","","0,064","Wed, 17 Jun 2026 19:04:47 GMT","","","","","1.1","","","","","","https://unityverseacademy.com/uploads/p/p/revit-egitimi-yuz-yuze_1.jpg?v=1763107881","2026-07-30 13:41:07"
"https://unityverseacademy.com/uploads/p/p/unreal-engine-ile-sanal-gerceklik-ozel-ders-online-canli-egitim_1.jpg?v=1696602726","image/jpeg","200","OK","Indexable","","","0","0","","0","0","","0","","0","","0","","","","","","","","","","115186","115186","115186","17,071","","0","","","","","0,000","2","3","","0","0","0","0,000","0","0","0","0","0","0","","","","","","0,283","Wed, 17 Jun 2026 19:04:47 GMT","","","","","1.1","","","","","","https://unityverseacademy.com/uploads/p/p/unreal-engine-ile-sanal-gerceklik-ozel-ders-online-canli-egitim_1.jpg?v=1696602726","2026-07-30 13:41:07"
"https://unityverseacademy.com/uploads/p/p/lineer-cebir-linear-algebra-egitimi-ozel-ders_1.jpg?v=1759324818","image/jpeg","200","OK","Indexable","","","0","0","","0","0","","0","","0","","0","","","","","","","","","","154855","154855","154855","22,950","","0","","","","","0,000","2","3","","1","1","0","0,570","0","0","0","0","0","0","","","","","","0,078","Thu, 18 Jun 2026 12:14:51 GMT","","","","","1.1","","","","","","https://unityverseacademy.com/uploads/p/p/lineer-cebir-linear-algebra-egitimi-ozel-ders_1.jpg?v=1759324818","2026-07-30 13:41:07"
"https://unityverseacademy.com/uploads/p/p/veri-yapilari-egitimi-ozel-ders_1.jpg?v=1759324987","image/jpeg","200","OK","Indexable","","","0","0","","0","0","","0","","0","","0","","","","","","","","","","137863","137863","137863","20,431","","0","","","","","0,000","2","3","","1","1","0","0,570","0","0","0","0","0","0","","","","","","0,244","Thu, 18 Jun 2026 12:16:26 GMT","","","","","1.1","","","","","","https://unityverseacademy.com/uploads/p/p/veri-yapilari-egitimi-ozel-ders_1.jpg?v=1759324987","2026-07-30 13:41:07"
"https://unityverseacademy.com/uploads/fm/IMG_503723.jpg","image/jpeg","200","OK","Indexable","","","0","0","","0","0","","0","","0","","0","","","","","","","","","","79814","79814","79814","11,828","","0","","","","","0,000","2","2","","0","0","0","0,000","0","0","0","0","0","0","","","","","","0,250","Wed, 17 Jun 2026 19:04:46 GMT","","","","","1.1","","","","","","https://unityverseacademy.com/uploads/fm/IMG_503723.jpg","2026-07-30 13:41:07"
"https://unityverseacademy.com/uploads/fm/IMG_511523.jpg","image/jpeg","200","OK","Indexable","","","0","0","","0","0","","0","","0","","0","","","","","","","","","","111709","111709","111709","16,555","","0","","","","","0,000","2","2","","0","0","0","0,000","0","0","0","0","0","0","","","","","","0,065","Wed, 17 Jun 2026 19:04:46 GMT","","","","","1.1","","","","","","https://unityverseacademy.com/uploads/fm/IMG_511523.jpg","2026-07-30 13:41:08"
"https://unityverseacademy.com/uploads/fm/image81.png","image/png","200","OK","Indexable","","","0","0","","0","0","","0","","0","","0","","","","","","","","","","93506","93506","93506","13,858","","0","","","","","0,000","2","2","","0","0","0","0,000","0","0","0","0","0","0","","","","","","0,258","Thu, 18 Jun 2026 12:14:51 GMT","","","","","1.1","","","","","","https://unityverseacademy.com/uploads/fm/image81.png","2026-07-30 13:41:08"
"https://unityverseacademy.com/uploads/p/p/mimarlik-ic-mimarlik-icin-3d-tasarim-ve-gorsellestirme-egitimi-yuz-yuze-120-saat_1.jpg?v=1757507863","image/jpeg","200","OK","Indexable","","","0","0","","0","0","","0","","0","","0","","","","","","","","","","232513","232513","232513","34,458","","0","","","","","0,000","2","3","","1","1","0","0,570","0","0","0","0","0","0","","","","","","0,240","Thu, 18 Jun 2026 12:14:51 GMT","","","","","1.1","","","","","","https://unityverseacademy.com/uploads/p/p/mimarlik-ic-mimarlik-icin-3d-tasarim-ve-gorsellestirme-egitimi-yuz-yuze-120-saat_1.jpg?v=1757507863","2026-07-30 13:41:08"
"https://unityverseacademy.com/uploads/fm/IMG_51482.jpg","image/jpeg","200","OK","Indexable","","","0","0","","0","0","","0","","0","","0","","","","","","","","","","57754","57754","57754","8,559","","0","","","","","0,000","2","2","","0","0","0","0,000","0","0","0","0","0","0","","","","","","0,067","Thu, 18 Jun 2026 12:14:51 GMT","","","","","1.1","","","","","","https://unityverseacademy.com/uploads/fm/IMG_51482.jpg","2026-07-30 13:41:08"
"https://unityverseacademy.com/uploads/fm/ITS-Badges_HTML-and-CSS_1200px.png","image/png","200","OK","Indexable","","","0","0","","0","0","","0","","0","","0","","","","","","","","","","279279","279279","279279","41,389","","0","","","","","0,000","2","2","","0","0","0","0,000","0","0","0","0","0","0","","","","","","0,068","Wed, 17 Jun 2026 19:04:46 GMT","","","","","1.1","","","","","","https://unityverseacademy.com/uploads/fm/ITS-Badges_HTML-and-CSS_1200px.png","2026-07-30 13:41:08"
"https://unityverseacademy.com/uploads/p/p/profesyonel-3b-modelleme-dijital-sanat-programi-online_1.jpg?v=1757508001","image/jpeg","200","OK","Indexable","","","0","0","","0","0","","0","","0","","0","","","","","","","","","","188489","188489","188489","27,934","","0","","","","","0,000","2","3","","1","1","0","0,570","0","0","0","0","0","0","","","","","","0,074","Wed, 17 Jun 2026 19:04:47 GMT","","","","","1.1","","","","","","https://unityverseacademy.com/uploads/p/p/profesyonel-3b-modelleme-dijital-sanat-programi-online_1.jpg?v=1757508001","2026-07-30 13:41:08"
"https://unityverseacademy.com/uploads/p/p/matematik-egitimi-ozel-ders_2.jpg?v=1757940484","image/jpeg","200","OK","Indexable","","","0","0","","0","0","","0","","0","","0","","","","","","","","","","425973","425973","425973","63,129","","0","","","","","0,000","2","3","","1","1","0","0,570","0","0","0","0","0","0","","","","","","0,280","Thu, 18 Jun 2026 12:14:51 GMT","","","","","1.1","","","","","","https://unityverseacademy.com/uploads/p/p/matematik-egitimi-ozel-ders_2.jpg?v=1757940484","2026-07-30 13:41:08"
"https://unityverseacademy.com/uploads/p/p/unity-ile-oyun-gelistirme-canli-online-egitimi-8-ay_1.jpeg?v=1753521718","image/jpeg","200","OK","Indexable","","","0","0","","0","0","","0","","0","","0","","","","","","","","","","79877","79877","79877","11,838","","0","","","","","0,000","2","3","","1","1","0","0,570","0","0","0","0","0","0","","","","","","0,254","Wed, 17 Jun 2026 19:04:47 GMT","","","","","1.1","","","","","","https://unityverseacademy.com/uploads/p/p/unity-ile-oyun-gelistirme-canli-online-egitimi-8-ay_1.jpeg?v=1753521718","2026-07-30 13:41:08"
"https://unityverseacademy.com/uploads/p/p/unity-ile-oyun-gelistirme-online-ozel-ders_1.jpg?v=1740657991","image/jpeg","200","OK","Indexable","","","0","0","","0","0","","0","","0","","0","","","","","","","","","","40647","40647","40647","6,024","","0","","","","","0,000","2","3","","0","0","0","0,000","0","0","0","0","0","0","","","","","","0,276","Wed, 17 Jun 2026 19:04:47 GMT","","","","","1.1","","","","","","https://unityverseacademy.com/uploads/p/p/unity-ile-oyun-gelistirme-online-ozel-ders_1.jpg?v=1740657991","2026-07-30 13:41:08"
"https://unityverseacademy.com/uploads/fm/ITS-Badges_JavaScript_1200px.png","image/png","200","OK","Indexable","","","0","0","","0","0","","0","","0","","0","","","","","","","","","","280317","280317","280317","41,543","","0","","","","","0,000","2","2","","0","0","0","0,000","0","0","0","0","0","0","","","","","","0,077","Wed, 17 Jun 2026 19:04:46 GMT","","","","","1.1","","","","","","https://unityverseacademy.com/uploads/fm/ITS-Badges_JavaScript_1200px.png","2026-07-30 13:41:09"
"https://unityverseacademy.com/uploads/fm/Kurucu_Eğitmen_Prof__Dr__Çetin_Kaya_Koç_pdf_13.jpg","image/jpeg","200","OK","Indexable","","","0","0","","0","0","","0","","0","","0","","","","","","","","","","203148","203148","203148","30,107","","0","","","","","0,000","2","2","","0","0","0","0,000","0","0","0","0","0","0","","","","","","0,060","Wed, 17 Jun 2026 19:04:46 GMT","","","","","1.1","","","","","","https://unityverseacademy.com/uploads/fm/Kurucu_E%C4%9Fitmen_Prof__Dr__%C3%87etin_Kaya_Ko%C3%A7_pdf_13.jpg","2026-07-30 13:41:09"
"https://unityverseacademy.com/uploads/p/p/bilgisayarli-muhasebe-egitimi_1.jpg?v=1757934855","image/jpeg","200","OK","Indexable","","","0","0","","0","0","","0","","0","","0","","","","","","","","","","439494","439494","439494","65,133","","0","","","","","0,000","2","3","","1","1","0","0,570","0","0","0","0","0","0","","","","","","0,078","Wed, 17 Jun 2026 19:04:47 GMT","","","","","1.1","","","","","","https://unityverseacademy.com/uploads/p/p/bilgisayarli-muhasebe-egitimi_1.jpg?v=1757934855","2026-07-30 13:41:09"
"https://unityverseacademy.com/uploads/p/p/yapay-zeka-destekli-unity-ile-oyun-gelistirme-egitimi-yuz-yuze_1.webp?v=1780419433","image/webp","200","OK","Indexable","","","0","0","","0","0","","0","","0","","0","","","","","","","","","","141338","141338","141338","20,946","","0","","","","","0,000","2","3","","1","1","0","0,570","0","0","0","0","0","0","","","","","","0,073","Thu, 18 Jun 2026 12:16:26 GMT","","","","","1.1","","","","","","https://unityverseacademy.com/uploads/p/p/yapay-zeka-destekli-unity-ile-oyun-gelistirme-egitimi-yuz-yuze_1.webp?v=1780419433","2026-07-30 13:41:09"
"https://unityverseacademy.com/uploads/fm/Ders_Bilgileri1.png","image/png","200","OK","Indexable","","","0","0","","0","0","","0","","0","","0","","","","","","","","","","48827","48827","48827","7,236","","0","","","","","0,000","2","2","","0","0","0","0,000","0","0","0","0","0","0","","","","","","0,072","Wed, 17 Jun 2026 19:04:45 GMT","","","","","1.1","","","","","","https://unityverseacademy.com/uploads/fm/Ders_Bilgileri1.png","2026-07-30 13:41:09"
"https://unityverseacademy.com/uploads/p/p/mimarlik-ic-mimarlik-icin-3d-tasarim-ve-gorsellestirme-egitimi-online-120-saat_1.jpg?v=1762861033","image/jpeg","200","OK","Indexable","","","0","0","","0","0","","0","","0","","0","","","","","","","","","","59875","59875","59875","8,873","","0","","","","","0,000","2","3","","1","1","0","0,570","0","0","0","0","0","0","","","","","","0,234","Wed, 17 Jun 2026 19:04:47 GMT","","","","","1.1","","","","","","https://unityverseacademy.com/uploads/p/p/mimarlik-ic-mimarlik-icin-3d-tasarim-ve-gorsellestirme-egitimi-online-120-saat_1.jpg?v=1762861033","2026-07-30 13:41:09"
"https://unityverseacademy.com/uploads/p/p/it-danismanlik-hizmeti-ozel-ders_1.jpg?v=1759325219","image/jpeg","200","OK","Indexable","","","0","0","","0","0","","0","","0","","0","","","","","","","","","","140578","140578","140578","20,834","","0","","","","","0,000","2","3","","1","1","0","0,570","0","0","0","0","0","0","","","","","","0,260","Thu, 18 Jun 2026 12:14:51 GMT","","","","","1.1","","","","","","https://unityverseacademy.com/uploads/p/p/it-danismanlik-hizmeti-ozel-ders_1.jpg?v=1759325219","2026-07-30 13:41:09"
"https://unityverseacademy.com/uploads/fm/WhatsApp_Image_2025-02-25_at_12_02_26_(1)1.jpg","image/jpeg","200","OK","Indexable","","","0","0","","0","0","","0","","0","","0","","","","","","","","","","114081","114081","114081","16,907","","0","","","","","0,000","2","2","","0","0","0","0,000","0","0","0","0","0","0","","","","","","0,251","Wed, 17 Jun 2026 19:04:46 GMT","","","","","1.1","","","","","","https://unityverseacademy.com/uploads/fm/WhatsApp_Image_2025-02-25_at_12_02_26_(1)1.jpg","2026-07-30 13:41:09"
"https://unityverseacademy.com/uploads/fm/IMG_492032.jpg","image/jpeg","200","OK","Indexable","","","0","0","","0","0","","0","","0","","0","","","","","","","","","","91267","91267","91267","13,526","","0","","","","","0,000","2","2","","0","0","0","0,000","0","0","0","0","0","0","","","","","","0,240","Wed, 17 Jun 2026 19:04:46 GMT","","","","","1.1","","","","","","https://unityverseacademy.com/uploads/fm/IMG_492032.jpg","2026-07-30 13:41:09"
"https://unityverseacademy.com/uploads/fm/IMG_51152.jpg","image/jpeg","200","OK","Indexable","","","0","0","","0","0","","0","","0","","0","","","","","","","","","","111709","111709","111709","16,555","","0","","","","","0,000","2","2","","0","0","0","0,000","0","0","0","0","0","0","","","","","","0,261","Wed, 17 Jun 2026 19:04:46 GMT","","","","","1.1","","","","","","https://unityverseacademy.com/uploads/fm/IMG_51152.jpg","2026-07-30 13:41:09"
"https://unityverseacademy.com/uploads/fm/IMG_50236.jpg","image/jpeg","200","OK","Indexable","","","0","0","","0","0","","0","","0","","0","","","","","","","","","","80961","80961","80961","11,998","","0","","","","","0,000","2","2","","0","0","0","0,000","0","0","0","0","0","0","","","","","","0,239","Wed, 17 Jun 2026 19:04:46 GMT","","","","","1.1","","","","","","https://unityverseacademy.com/uploads/fm/IMG_50236.jpg","2026-07-30 13:41:09"
"https://unityverseacademy.com/uploads/p/p/autocad-egitimi-ozel-ders_1.jpg?v=1757507038","image/jpeg","200","OK","Indexable","","","0","0","","0","0","","0","","0","","0","","","","","","","","","","175378","175378","175378","25,991","","0","","","","","0,000","2","3","","1","1","0","0,570","0","0","0","0","0","0","","","","","","0,227","Wed, 17 Jun 2026 19:04:47 GMT","","","","","1.1","","","","","","https://unityverseacademy.com/uploads/p/p/autocad-egitimi-ozel-ders_1.jpg?v=1757507038","2026-07-30 13:41:09"
"https://unityverseacademy.com/uploads/p/p/sketchupta-mimari-ve-ic-mekân-modelleme-egitimi-uygulamali-online_1.jpg?v=1766155098","image/jpeg","200","OK","Indexable","","","0","0","","0","0","","0","","0","","0","","","","","","","","","","1253187","1253187","1253187","185,722","","0","","","","","0,000","2","3","","0","0","0","0,000","0","0","0","0","0","0","","","","","","0,234","Wed, 17 Jun 2026 19:04:47 GMT","","","","","1.1","","","","","","https://unityverseacademy.com/uploads/p/p/sketchupta-mimari-ve-ic-mek%C3%A2n-modelleme-egitimi-uygulamali-online_1.jpg?v=1766155098","2026-07-30 13:41:09"
"https://unityverseacademy.com/uploads/fm/IMG_50372.jpg","image/jpeg","200","OK","Indexable","","","0","0","","0","0","","0","","0","","0","","","","","","","","","","79814","79814","79814","11,828","","0","","","","","0,000","2","2","","0","0","0","0,000","0","0","0","0","0","0","","","","","","0,253","Wed, 17 Jun 2026 19:04:46 GMT","","","","","1.1","","","","","","https://unityverseacademy.com/uploads/fm/IMG_50372.jpg","2026-07-30 13:41:09"
"https://unityverseacademy.com/uploads/p/p/Autodesk-Fusion-360-Endustriyel-Urun-Tasarimi-Egitimi_1.jpg?v=1660636265","image/jpeg","200","OK","Indexable","","","0","0","","0","0","","0","","0","","0","","","","","","","","","","309796","309796","309796","45,912","","0","","","","","0,000","2","3","","1","1","0","0,570","0","0","0","0","0","0","","","","","","0,255","Wed, 17 Jun 2026 19:04:47 GMT","","","","","1.1","","","","","","https://unityverseacademy.com/uploads/p/p/Autodesk-Fusion-360-Endustriyel-Urun-Tasarimi-Egitimi_1.jpg?v=1660636265","2026-07-30 13:41:10"
"https://unityverseacademy.com/uploads/fm/IMG_51032.jpg","image/jpeg","200","OK","Indexable","","","0","0","","0","0","","0","","0","","0","","","","","","","","","","110921","110921","110921","16,438","","0","","","","","0,000","2","2","","0","0","0","0,000","0","0","0","0","0","0","","","","","","0,262","Wed, 17 Jun 2026 19:04:46 GMT","","","","","1.1","","","","","","https://unityverseacademy.com/uploads/fm/IMG_51032.jpg","2026-07-30 13:41:10"
"https://unityverseacademy.com/uploads/p/b/oguzhan-durakin-grafik-tasarim-ve-video-kurgu-alanindaki-yolculugu_2.webp?v=1779437508","image/webp","200","OK","Indexable","","","0","0","","0","0","","0","","0","","0","","","","","","","","","","27098","27098","27098","4,016","","0","","","","","0,000","2","3","","0","0","0","0,000","0","0","0","0","0","0","","","","","","0,066","Wed, 17 Jun 2026 19:04:47 GMT","","","","","1.1","","","","","","https://unityverseacademy.com/uploads/p/b/oguzhan-durakin-grafik-tasarim-ve-video-kurgu-alanindaki-yolculugu_2.webp?v=1779437508","2026-07-30 13:41:10"
"https://unityverseacademy.com/uploads/p/p/mimarlik-ic-mimarlik-icin-3d-tasarim-ve-gorsellestirme-egitimi-online_2.jpg?v=1761557200","image/jpeg","200","OK","Indexable","","","0","0","","0","0","","0","","0","","0","","","","","","","","","","59875","59875","59875","8,873","","0","","","","","0,000","2","3","","1","1","0","0,570","0","0","0","0","0","0","","","","","","0,065","Wed, 17 Jun 2026 19:04:47 GMT","","","","","1.1","","","","","","https://unityverseacademy.com/uploads/p/p/mimarlik-ic-mimarlik-icin-3d-tasarim-ve-gorsellestirme-egitimi-online_2.jpg?v=1761557200","2026-07-30 13:41:10"
"https://unityverseacademy.com/uploads/fm/oyun_site_koyulcak2.jpg","image/jpeg","200","OK","Indexable","","","0","0","","0","0","","0","","0","","0","","","","","","","","","","70334","70334","70334","10,423","","0","","","","","0,000","2","2","","0","0","0","0,000","0","0","0","0","0","0","","","","","","0,066","Wed, 17 Jun 2026 19:04:46 GMT","","","","","1.1","","","","","","https://unityverseacademy.com/uploads/fm/oyun_site_koyulcak2.jpg","2026-07-30 13:41:10"
"https://unityverseacademy.com/uploads/fm/IMG_5148.jpg","image/jpeg","200","OK","Indexable","","","0","0","","0","0","","0","","0","","0","","","","","","","","","","57754","57754","57754","8,559","","0","","","","","0,000","2","2","","0","0","0","0,000","0","0","0","0","0","0","","","","","","0,258","Wed, 17 Jun 2026 19:04:46 GMT","","","","","1.1","","","","","","https://unityverseacademy.com/uploads/fm/IMG_5148.jpg","2026-07-30 13:41:10"
"https://unityverseacademy.com/uploads/p/p/2b-oyun-karakter-tasarimi-ve-animasyon-canli-online-egitimi_1.jpg?v=1759406018","image/jpeg","200","OK","Indexable","","","0","0","","0","0","","0","","0","","0","","","","","","","","","","168444","168444","168444","24,963","","0","","","","","0,000","2","3","","0","0","0","0,000","0","0","0","0","0","0","","","","","","0,247","Wed, 17 Jun 2026 19:04:47 GMT","","","","","1.1","","","","","","https://unityverseacademy.com/uploads/p/p/2b-oyun-karakter-tasarimi-ve-animasyon-canli-online-egitimi_1.jpg?v=1759406018","2026-07-30 13:41:10"
"https://unityverseacademy.com/uploads/fm/OYUN_ÖRNEK_SERTİFİKA25.jpg","image/jpeg","200","OK","Indexable","","","0","0","","0","0","","0","","0","","0","","","","","","","","","","162482","162482","162482","24,080","","0","","","","","0,000","2","2","","0","0","0","0,000","0","0","0","0","0","0","","","","","","0,245","Wed, 17 Jun 2026 19:04:46 GMT","","","","","1.1","","","","","","https://unityverseacademy.com/uploads/fm/OYUN_O%CC%88RNEK_SERTI%CC%87FI%CC%87KA25.jpg","2026-07-30 13:41:10"
"https://unityverseacademy.com/uploads/fm/IMG_587153.jpg","image/jpeg","200","OK","Indexable","","","0","0","","0","0","","0","","0","","0","","","","","","","","","","80270","80270","80270","11,896","","0","","","","","0,000","2","2","","0","0","0","0,000","0","0","0","0","0","0","","","","","","0,061","Wed, 17 Jun 2026 19:04:46 GMT","","","","","1.1","","","","","","https://unityverseacademy.com/uploads/fm/IMG_587153.jpg","2026-07-30 13:41:10"
"https://unityverseacademy.com/uploads/p/p/dijital-pazarlama-pazar-yeri-ve-e-ticaret-yoneticiligi-egitimi-25-saat-ozel-ders_1.jpeg?v=1741954592","image/jpeg","200","OK","Indexable","","","0","0","","0","0","","0","","0","","0","","","","","","","","","","233699","233699","233699","34,634","","0","","","","","0,000","2","3","","1","1","0","0,570","0","0","0","0","0","0","","","","","","0,246","Wed, 17 Jun 2026 19:04:47 GMT","","","","","1.1","","","","","","https://unityverseacademy.com/uploads/p/p/dijital-pazarlama-pazar-yeri-ve-e-ticaret-yoneticiligi-egitimi-25-saat-ozel-ders_1.jpeg?v=1741954592","2026-07-30 13:41:10"
"https://unityverseacademy.com/uploads/fm/IMG_510321.jpg","image/jpeg","200","OK","Indexable","","","0","0","","0","0","","0","","0","","0","","","","","","","","","","110921","110921","110921","16,438","","0","","","","","0,000","2","2","","0","0","0","0,000","0","0","0","0","0","0","","","","","","0,251","Thu, 18 Jun 2026 12:14:51 GMT","","","","","1.1","","","","","","https://unityverseacademy.com/uploads/fm/IMG_510321.jpg","2026-07-30 13:41:10"
"https://unityverseacademy.com/uploads/p/p/autodesk-fusion-360-endustriyel-urun-tasarimi-uzmanligi-canli-online-egitimi_1.jpg?v=1762940099","image/jpeg","200","OK","Indexable","","","0","0","","0","0","","0","","0","","0","","","","","","","","","","145937","145937","145937","21,628","","0","","","","","0,000","2","3","","1","1","0","0,570","0","0","0","0","0","0","","","","","","0,063","Wed, 17 Jun 2026 19:04:47 GMT","","","","","1.1","","","","","","https://unityverseacademy.com/uploads/p/p/autodesk-fusion-360-endustriyel-urun-tasarimi-uzmanligi-canli-online-egitimi_1.jpg?v=1762940099","2026-07-30 13:41:11"
"https://unityverseacademy.com/uploads/p/p/unity-ile-oyun-gelistirme-yuz-yuze-ozel-ders_2.jpg?v=1696601901","image/jpeg","200","OK","Indexable","","","0","0","","0","0","","0","","0","","0","","","","","","","","","","126693","126693","126693","18,776","","0","","","","","0,000","2","3","","0","0","0","0,000","0","0","0","0","0","0","","","","","","0,070","Wed, 17 Jun 2026 19:04:47 GMT","","","","","1.1","","","","","","https://unityverseacademy.com/uploads/p/p/unity-ile-oyun-gelistirme-yuz-yuze-ozel-ders_2.jpg?v=1696601901","2026-07-30 13:41:11"
"https://unityverseacademy.com/uploads/fm/dijital_oyun_geliştirme_(1)26.jpg","image/jpeg","200","OK","Indexable","","","0","0","","0","0","","0","","0","","0","","","","","","","","","","84932","84932","84932","12,587","","0","","","","","0,000","2","2","","0","0","0","0,000","0","0","0","0","0","0","","","","","","0,061","Wed, 17 Jun 2026 19:04:46 GMT","","","","","1.1","","","","","","https://unityverseacademy.com/uploads/fm/dijital_oyun_geli%C5%9Ftirme_(1)26.jpg","2026-07-30 13:41:11"
"https://unityverseacademy.com/uploads/p/b/filiz-tumuklunun-yazilim-test-otomasyonu-egitimi-ve-kariyer-basarisi_1.webp?v=1779375143","image/webp","200","OK","Indexable","","","0","0","","0","0","","0","","0","","0","","","","","","","","","","19232","19232","19232","2,850","","0","","","","","0,000","2","3","","0","0","0","0,000","0","0","0","0","0","0","","","","","","0,239","Wed, 17 Jun 2026 19:04:47 GMT","","","","","1.1","","","","","","https://unityverseacademy.com/uploads/p/b/filiz-tumuklunun-yazilim-test-otomasyonu-egitimi-ve-kariyer-basarisi_1.webp?v=1779375143","2026-07-30 13:41:11"
"https://unityverseacademy.com/uploads/fm/image80.png","image/png","200","OK","Indexable","","","0","0","","0","0","","0","","0","","0","","","","","","","","","","46124","46124","46124","6,836","","0","","","","","0,000","2","2","","0","0","0","0,000","0","0","0","0","0","0","","","","","","0,264","Thu, 18 Jun 2026 12:14:51 GMT","","","","","1.1","","","","","","https://unityverseacademy.com/uploads/fm/image80.png","2026-07-30 13:41:11"
"https://unityverseacademy.com/uploads/p/p/unreal-engine-ile-sanal-gerceklik-vr-ozel-ders_2.jpg?v=1696602480","image/jpeg","200","OK","Indexable","","","0","0","","0","0","","0","","0","","0","","","","","","","","","","113195","113195","113195","16,775","","0","","","","","0,000","2","3","","0","0","0","0,000","0","0","0","0","0","0","","","","","","0,253","Wed, 17 Jun 2026 19:04:47 GMT","","","","","1.1","","","","","","https://unityverseacademy.com/uploads/p/p/unreal-engine-ile-sanal-gerceklik-vr-ozel-ders_2.jpg?v=1696602480","2026-07-30 13:41:11"
"https://unityverseacademy.com/uploads/fm/WhatsApp_Image_2022-08-10_at_11_30_58_(2).jpg","image/jpeg","200","OK","Indexable","","","0","0","","0","0","","0","","0","","0","","","","","","","","","","301417","301417","301417","44,670","","0","","","","","0,000","2","2","","0","0","0","0,000","0","0","0","0","0","0","","","","","","0,244","Wed, 17 Jun 2026 19:04:46 GMT","","","","","1.1","","","","","","https://unityverseacademy.com/uploads/fm/WhatsApp_Image_2022-08-10_at_11_30_58_(2).jpg","2026-07-30 13:41:11"
"https://unityverseacademy.com/uploads/p/p/ispanyolca-egitimi-ozel-ders_1.jpg?v=1759326018","image/jpeg","200","OK","Indexable","","","0","0","","0","0","","0","","0","","0","","","","","","","","","","133877","133877","133877","19,841","","0","","","","","0,000","2","3","","1","1","0","0,570","0","0","0","0","0","0","","","","","","0,246","Thu, 18 Jun 2026 12:14:51 GMT","","","","","1.1","","","","","","https://unityverseacademy.com/uploads/p/p/ispanyolca-egitimi-ozel-ders_1.jpg?v=1759326018","2026-07-30 13:41:11"
"https://unityverseacademy.com/uploads/p/p/diferansiyel-denklemler-egitimi-ozel-ders_1.jpg?v=1759325109","image/jpeg","200","OK","Indexable","","","0","0","","0","0","","0","","0","","0","","","","","","","","","","149885","149885","149885","22,213","","0","","","","","0,000","2","3","","1","1","0","0,570","0","0","0","0","0","0","","","","","","0,065","Thu, 18 Jun 2026 12:14:51 GMT","","","","","1.1","","","","","","https://unityverseacademy.com/uploads/p/p/diferansiyel-denklemler-egitimi-ozel-ders_1.jpg?v=1759325109","2026-07-30 13:41:11"
"https://unityverseacademy.com/uploads/p/p/mimarlik-ic-mimarlik-icin-3d-tasarim-ve-gorsellestirme-egitimi-yuz-yuze-120-saat_2.jpg?v=1762861048","image/jpeg","200","OK","Indexable","","","0","0","","0","0","","0","","0","","0","","","","","","","","","","59875","59875","59875","8,873","","0","","","","","0,000","2","3","","1","1","0","0,570","0","0","0","0","0","0","","","","","","0,265","Wed, 17 Jun 2026 19:04:47 GMT","","","","","1.1","","","","","","https://unityverseacademy.com/uploads/p/p/mimarlik-ic-mimarlik-icin-3d-tasarim-ve-gorsellestirme-egitimi-yuz-yuze-120-saat_2.jpg?v=1762861048","2026-07-30 13:41:11"
"https://unityverseacademy.com/uploads/p/p/3ds-max-corona-ile-fotogercekci-mimari-gorsellestirmeegitimi-yuz-yuze_2.jpg?v=1765798374","image/jpeg","200","OK","Indexable","","","0","0","","0","0","","0","","0","","0","","","","","","","","","","557771","557771","557771","82,662","","0","","","","","0,000","2","3","","1","1","0","0,570","0","0","0","0","0","0","","","","","","0,067","Wed, 17 Jun 2026 19:04:47 GMT","","","","","1.1","","","","","","https://unityverseacademy.com/uploads/p/p/3ds-max-corona-ile-fotogercekci-mimari-gorsellestirmeegitimi-yuz-yuze_2.jpg?v=1765798374","2026-07-30 13:41:11"
"https://unityverseacademy.com/uploads/p/p/turkce-egitimi-ozel-ders_1.jpg?v=1759325572","image/jpeg","200","OK","Indexable","","","0","0","","0","0","","0","","0","","0","","","","","","","","","","127595","127595","127595","18,910","","0","","","","","0,000","2","3","","1","1","0","0,570","0","0","0","0","0","0","","","","","","0,269","Thu, 18 Jun 2026 12:14:51 GMT","","","","","1.1","","","","","","https://unityverseacademy.com/uploads/p/p/turkce-egitimi-ozel-ders_1.jpg?v=1759325572","2026-07-30 13:41:11"
"https://unityverseacademy.com/uploads/p/p/unreal-engine-ile-sanal-gerceklik-vr-ozel-ders-yuz-yuze-egitim_1.jpg?v=1757921933","image/jpeg","200","OK","Indexable","","","0","0","","0","0","","0","","0","","0","","","","","","","","","","35740","35740","35740","5,297","","0","","","","","0,000","2","3","","0","0","0","0,000","0","0","0","0","0","0","","","","","","0,256","Thu, 18 Jun 2026 12:16:26 GMT","","","","","1.1","","","","","","https://unityverseacademy.com/uploads/p/p/unreal-engine-ile-sanal-gerceklik-vr-ozel-ders-yuz-yuze-egitim_1.jpg?v=1757921933","2026-07-30 13:41:11"
"https://unityverseacademy.com/uploads/p/p/autodesk-fusion-360-endustriyel-urun-tasarimi-uzmanligi-yuz-yuze-ozel-ders-20-saat_1.jpg?v=1763377256","image/jpeg","200","OK","Indexable","","","0","0","","0","0","","0","","0","","0","","","","","","","","","","36817","36817","36817","5,456","","0","","","","","0,000","2","3","","1","1","0","0,570","0","0","0","0","0","0","","","","","","0,074","Wed, 17 Jun 2026 19:04:47 GMT","","","","","1.1","","","","","","https://unityverseacademy.com/uploads/p/p/autodesk-fusion-360-endustriyel-urun-tasarimi-uzmanligi-yuz-yuze-ozel-ders-20-saat_1.jpg?v=1763377256","2026-07-30 13:41:12"
"https://unityverseacademy.com/uploads/p/p/proje-yonetimi-egitimi_1.jpg?v=1759324109","image/jpeg","200","OK","Indexable","","","0","0","","0","0","","0","","0","","0","","","","","","","","","","149130","149130","149130","22,101","","0","","","","","0,000","2","3","","1","1","0","0,570","0","0","0","0","0","0","","","","","","0,069","Wed, 17 Jun 2026 19:04:47 GMT","","","","","1.1","","","","","","https://unityverseacademy.com/uploads/p/p/proje-yonetimi-egitimi_1.jpg?v=1759324109","2026-07-30 13:41:12"
"https://unityverseacademy.com/uploads/fm/WhatsApp_Image_2022-08-10_at_11_30_53_(3).jpg","image/jpeg","200","OK","Indexable","","","0","0","","0","0","","0","","0","","0","","","","","","","","","","177619","177619","177619","26,323","","0","","","","","0,000","2","2","","0","0","0","0,000","0","0","0","0","0","0","","","","","","0,069","Thu, 18 Jun 2026 12:14:51 GMT","","","","","1.1","","","","","","https://unityverseacademy.com/uploads/fm/WhatsApp_Image_2022-08-10_at_11_30_53_(3).jpg","2026-07-30 13:41:12"
"https://unityverseacademy.com/uploads/fm/WhatsApp_Image_2023-03-21_at_09_54_092.jpg","image/jpeg","200","OK","Indexable","","","0","0","","0","0","","0","","0","","0","","","","","","","","","","144400","144400","144400","21,400","","0","","","","","0,000","2","2","","0","0","0","0,000","0","0","0","0","0","0","","","","","","0,241","Thu, 18 Jun 2026 12:14:51 GMT","","","","","1.1","","","","","","https://unityverseacademy.com/uploads/fm/WhatsApp_Image_2023-03-21_at_09_54_092.jpg","2026-07-30 13:41:12"
"https://unityverseacademy.com/uploads/p/b/suleyman-ozgonul-oyun-gelistiricilikte-zirveye-giden-yol_1.webp?v=1779436854","image/webp","200","OK","Indexable","","","0","0","","0","0","","0","","0","","0","","","","","","","","","","2026","2026","2026","0,300","","0","","","","","0,000","2","3","","0","0","0","0,000","0","0","0","0","0","0","","","","","","0,190","Wed, 17 Jun 2026 19:04:47 GMT","","","","","1.1","","","","","","https://unityverseacademy.com/uploads/p/b/suleyman-ozgonul-oyun-gelistiricilikte-zirveye-giden-yol_1.webp?v=1779436854","2026-07-30 13:41:12"
"https://unityverseacademy.com/uploads/p/p/2b-oyun-karakter-tasarimi-ve-animasyon-ozel-ders_1.jpg?v=1759326687","image/jpeg","200","OK","Indexable","","","0","0","","0","0","","0","","0","","0","","","","","","","","","","155386","155386","155386","23,028","","0","","","","","0,000","2","3","","2","2","0","1,150","0","0","0","0","0","0","","","","","","0,266","Wed, 17 Jun 2026 19:04:47 GMT","","","","","1.1","","","","","","https://unityverseacademy.com/uploads/p/p/2b-oyun-karakter-tasarimi-ve-animasyon-ozel-ders_1.jpg?v=1759326687","2026-07-30 13:41:12"
"https://unityverseacademy.com/uploads/fm/IMG_49203.jpg","image/jpeg","200","OK","Indexable","","","0","0","","0","0","","0","","0","","0","","","","","","","","","","91267","91267","91267","13,526","","0","","","","","0,000","2","2","","0","0","0","0,000","0","0","0","0","0","0","","","","","","0,071","Wed, 17 Jun 2026 19:04:46 GMT","","","","","1.1","","","","","","https://unityverseacademy.com/uploads/fm/IMG_49203.jpg","2026-07-30 13:41:12"
"https://unityverseacademy.com/uploads/p/p/3ds-max-egitimi-30-saat-ozel-ders_1.jpg?v=1762865286","image/jpeg","200","OK","Indexable","","","0","0","","0","0","","0","","0","","0","","","","","","","","","","258715","258715","258715","38,342","","0","","","","","0,000","2","3","","1","1","0","0,570","0","0","0","0","0","0","","","","","","0,244","Thu, 18 Jun 2026 12:14:51 GMT","","","","","1.1","","","","","","https://unityverseacademy.com/uploads/p/p/3ds-max-egitimi-30-saat-ozel-ders_1.jpg?v=1762865286","2026-07-30 13:41:12"
"https://unityverseacademy.com/uploads/fm/WhatsApp_Image_2022-08-10_at_11_30_53.jpg","image/jpeg","200","OK","Indexable","","","0","0","","0","0","","0","","0","","0","","","","","","","","","","296912","296912","296912","44,002","","0","","","","","0,000","2","2","","0","0","0","0,000","0","0","0","0","0","0","","","","","","0,261","Thu, 18 Jun 2026 12:14:51 GMT","","","","","1.1","","","","","","https://unityverseacademy.com/uploads/fm/WhatsApp_Image_2022-08-10_at_11_30_53.jpg","2026-07-30 13:41:12"
"https://unityverseacademy.com/uploads/p/p/v-ray-ile-gercekci-ic-ve-dis-mekân-render-uretimi-egitimi-online-egitim_1.jpg?v=1766264260","image/jpeg","200","OK","Indexable","","","0","0","","0","0","","0","","0","","0","","","","","","","","","","1243561","1243561","1243561","184,296","","0","","","","","0,000","2","3","","0","0","0","0,000","0","0","0","0","0","0","","","","","","0,272","Thu, 18 Jun 2026 12:21:14 GMT","","","","","1.1","","","","","","https://unityverseacademy.com/uploads/p/p/v-ray-ile-gercekci-ic-ve-dis-mek%C3%A2n-render-uretimi-egitimi-online-egitim_1.jpg?v=1766264260","2026-07-30 13:41:12"
"https://unityverseacademy.com/uploads/fm/IMG_5238-min2.jpg","image/jpeg","200","OK","Indexable","","","0","0","","0","0","","0","","0","","0","","","","","","","","","","63184","63184","63184","9,364","","0","","","","","0,000","2","2","","0","0","0","0,000","0","0","0","0","0","0","","","","","","0,072","Wed, 17 Jun 2026 19:04:46 GMT","","","","","1.1","","","","","","https://unityverseacademy.com/uploads/fm/IMG_5238-min2.jpg","2026-07-30 13:41:12"
"https://unityverseacademy.com/uploads/p/p/fen-bilimleri-egitimi-ozel-ders_1.jpg?v=1757943566","image/jpeg","200","OK","Indexable","","","0","0","","0","0","","0","","0","","0","","","","","","","","","","429641","429641","429641","63,673","","0","","","","","0,000","2","3","","1","1","0","0,570","0","0","0","0","0","0","","","","","","0,264","Thu, 18 Jun 2026 12:14:51 GMT","","","","","1.1","","","","","","https://unityverseacademy.com/uploads/p/p/fen-bilimleri-egitimi-ozel-ders_1.jpg?v=1757943566","2026-07-30 13:41:12"
"https://unityverseacademy.com/uploads/fm/oyun_site_konulcak123.jpg","image/jpeg","200","OK","Indexable","","","0","0","","0","0","","0","","0","","0","","","","","","","","","","77659","77659","77659","11,509","","0","","","","","0,000","2","2","","0","0","0","0,000","0","0","0","0","0","0","","","","","","0,245","Wed, 17 Jun 2026 19:04:46 GMT","","","","","1.1","","","","","","https://unityverseacademy.com/uploads/fm/oyun_site_konulcak123.jpg","2026-07-30 13:41:13"
"https://unityverseacademy.com/uploads/fm/WhatsApp_Image_2023-03-21_at_10_32_09.jpg","image/jpeg","200","OK","Indexable","","","0","0","","0","0","","0","","0","","0","","","","","","","","","","91097","91097","91097","13,501","","0","","","","","0,000","2","2","","0","0","0","0,000","0","0","0","0","0","0","","","","","","0,069","Thu, 18 Jun 2026 12:14:51 GMT","","","","","1.1","","","","","","https://unityverseacademy.com/uploads/fm/WhatsApp_Image_2023-03-21_at_10_32_09.jpg","2026-07-30 13:41:13"
"https://unityverseacademy.com/uploads/p/p/unity-ile-oyun-gelistirme-yuz-yuze-egitimi_1.jpeg?v=1714312888","image/jpeg","200","OK","Indexable","","","0","0","","0","0","","0","","0","","0","","","","","","","","","","79877","79877","79877","11,838","","0","","","","","0,000","2","3","","0","0","0","0,000","0","0","0","0","0","0","","","","","","0,107","Wed, 17 Jun 2026 19:04:47 GMT","","","","","1.1","","","","","","https://unityverseacademy.com/uploads/p/p/unity-ile-oyun-gelistirme-yuz-yuze-egitimi_1.jpeg?v=1714312888","2026-07-30 13:41:13"
"https://unityverseacademy.com/uploads/fm/projegeliştirmeai21.png","image/png","200","OK","Indexable","","","0","0","","0","0","","0","","0","","0","","","","","","","","","","104500","104500","104500","15,487","","0","","","","","0,000","2","2","","0","0","0","0,000","0","0","0","0","0","0","","","","","","0,269","Wed, 17 Jun 2026 19:04:46 GMT","","","","","1.1","","","","","","https://unityverseacademy.com/uploads/fm/projegeli%C5%9Ftirmeai21.png","2026-07-30 13:41:13"
"https://unityverseacademy.com/uploads/p/p/unreal-engine-ile-metaverse-gelistirme-online-canli-egitim_2.jpg?v=1696602805","image/jpeg","200","OK","Indexable","","","0","0","","0","0","","0","","0","","0","","","","","","","","","","117548","117548","117548","17,421","","0","","","","","0,000","2","3","","0","0","0","0,000","0","0","0","0","0","0","","","","","","0,243","Wed, 17 Jun 2026 19:04:47 GMT","","","","","1.1","","","","","","https://unityverseacademy.com/uploads/p/p/unreal-engine-ile-metaverse-gelistirme-online-canli-egitim_2.jpg?v=1696602805","2026-07-30 13:41:13"
"https://unityverseacademy.com/uploads/fm/WhatsApp_Image_2022-08-10_at_11_30_59_(3).jpg","image/jpeg","200","OK","Indexable","","","0","0","","0","0","","0","","0","","0","","","","","","","","","","429532","429532","429532","63,657","","0","","","","","0,000","2","2","","0","0","0","0,000","0","0","0","0","0","0","","","","","","0,063","Thu, 18 Jun 2026 12:14:51 GMT","","","","","1.1","","","","","","https://unityverseacademy.com/uploads/fm/WhatsApp_Image_2022-08-10_at_11_30_59_(3).jpg","2026-07-30 13:41:13"
"https://unityverseacademy.com/uploads/p/p/unity-ile-oyun-gelistirme-canli-online-egitimi_1.jpeg?v=1714312907","image/jpeg","200","OK","Indexable","","","0","0","","0","0","","0","","0","","0","","","","","","","","","","79877","79877","79877","11,838","","0","","","","","0,000","2","3","","0","0","0","0,000","0","0","0","0","0","0","","","","","","0,265","Wed, 17 Jun 2026 19:04:47 GMT","","","","","1.1","","","","","","https://unityverseacademy.com/uploads/p/p/unity-ile-oyun-gelistirme-canli-online-egitimi_1.jpeg?v=1714312907","2026-07-30 13:41:13"
"https://unityverseacademy.com/uploads/p/b/berkay-kurt-multiplayer-oyun-gelistiriciliginde-bir-yildiz_1.webp?v=1779436884","image/webp","200","OK","Indexable","","","0","0","","0","0","","0","","0","","0","","","","","","","","","","4082","4082","4082","0,605","","0","","","","","0,000","2","3","","0","0","0","0,000","0","0","0","0","0","0","","","","","","0,180","Wed, 17 Jun 2026 19:04:47 GMT","","","","","1.1","","","","","","https://unityverseacademy.com/uploads/p/b/berkay-kurt-multiplayer-oyun-gelistiriciliginde-bir-yildiz_1.webp?v=1779436884","2026-07-30 13:41:14"
"https://unityverseacademy.com/uploads/p/p/v-ray-ile-gercekci-ic-ve-dis-mekân-render-uretimi-yuz-yuze_1.jpg?v=1766264122","image/jpeg","200","OK","Indexable","","","0","0","","0","0","","0","","0","","0","","","","","","","","","","1243561","1243561","1243561","184,296","","0","","","","","0,000","2","3","","0","0","0","0,000","0","0","0","0","0","0","","","","","","0,060","Thu, 18 Jun 2026 12:21:14 GMT","","","","","1.1","","","","","","https://unityverseacademy.com/uploads/p/p/v-ray-ile-gercekci-ic-ve-dis-mek%C3%A2n-render-uretimi-yuz-yuze_1.jpg?v=1766264122","2026-07-30 13:41:14"
"https://unityverseacademy.com/uploads/p/p/autocad-egitimi_2.jpg?v=1762947116","image/jpeg","200","OK","Indexable","","","0","0","","0","0","","0","","0","","0","","","","","","","","","","54160","54160","54160","8,027","","0","","","","","0,000","2","3","","1","1","0","0,570","0","0","0","0","0","0","","","","","","0,252","Thu, 18 Jun 2026 12:14:51 GMT","","","","","1.1","","","","","","https://unityverseacademy.com/uploads/p/p/autocad-egitimi_2.jpg?v=1762947116","2026-07-30 13:41:14"
"https://unityverseacademy.com/uploads/fm/IMG_512313.jpg","image/jpeg","200","OK","Indexable","","","0","0","","0","0","","0","","0","","0","","","","","","","","","","59800","59800","59800","8,862","","0","","","","","0,000","2","2","","0","0","0","0,000","0","0","0","0","0","0","","","","","","0,244","Wed, 17 Jun 2026 19:04:46 GMT","","","","","1.1","","","","","","https://unityverseacademy.com/uploads/fm/IMG_512313.jpg","2026-07-30 13:41:14"
"https://unityverseacademy.com/uploads/fm/oyun_site_konulcak12.jpg","image/jpeg","200","OK","Indexable","","","0","0","","0","0","","0","","0","","0","","","","","","","","","","77659","77659","77659","11,509","","0","","","","","0,000","2","2","","0","0","0","0,000","0","0","0","0","0","0","","","","","","0,256","Wed, 17 Jun 2026 19:04:46 GMT","","","","","1.1","","","","","","https://unityverseacademy.com/uploads/fm/oyun_site_konulcak12.jpg","2026-07-30 13:41:14"
"https://unityverseacademy.com/uploads/p/b/burak-ercayanin-yazilim-test-otomasyonu-egitimi-ve-testiniumdaki-isi_2.webp?v=1779436969","image/webp","200","OK","Indexable","","","0","0","","0","0","","0","","0","","0","","","","","","","","","","9446","9446","9446","1,400","","0","","","","","0,000","2","3","","0","0","0","0,000","0","0","0","0","0","0","","","","","","0,191","Wed, 17 Jun 2026 19:04:47 GMT","","","","","1.1","","","","","","https://unityverseacademy.com/uploads/p/b/burak-ercayanin-yazilim-test-otomasyonu-egitimi-ve-testiniumdaki-isi_2.webp?v=1779436969","2026-07-30 13:41:14"
"https://unityverseacademy.com/uploads/p/p/profesyonel-mimari-render-ve-etkilesim-egitimi-online-24-saat_1.jpg?v=1765798494","image/jpeg","200","OK","Indexable","","","0","0","","0","0","","0","","0","","0","","","","","","","","","","514693","514693","514693","76,278","","0","","","","","0,000","2","3","","1","1","0","0,570","0","0","0","0","0","0","","","","","","0,062","Wed, 17 Jun 2026 19:04:47 GMT","","","","","1.1","","","","","","https://unityverseacademy.com/uploads/p/p/profesyonel-mimari-render-ve-etkilesim-egitimi-online-24-saat_1.jpg?v=1765798494","2026-07-30 13:41:14"
"https://unityverseacademy.com/uploads/fm/web-02_(1).jpg","image/jpeg","200","OK","Indexable","","","0","0","","0","0","","0","","0","","0","","","","","","","","","","68347","68347","68347","10,129","","0","","","","","0,000","2","2","","0","0","0","0,000","0","0","0","0","0","0","","","","","","0,237","Wed, 17 Jun 2026 19:04:46 GMT","","","","","1.1","","","","","","https://unityverseacademy.com/uploads/fm/web-02_(1).jpg","2026-07-30 13:41:14"
"https://unityverseacademy.com/uploads/p/p/mimarlik-ic-mimarlik-icin-3d-tasarim-ve-gorsellestirme-egitimi-yuz-yuze-100-saat_1.jpg?v=1763456755","image/jpeg","200","OK","Indexable","","","0","0","","0","0","","0","","0","","0","","","","","","","","","","59875","59875","59875","8,873","","0","","","","","0,000","2","3","","1","1","0","0,570","0","0","0","0","0","0","","","","","","0,262","Wed, 17 Jun 2026 19:04:47 GMT","","","","","1.1","","","","","","https://unityverseacademy.com/uploads/p/p/mimarlik-ic-mimarlik-icin-3d-tasarim-ve-gorsellestirme-egitimi-yuz-yuze-100-saat_1.jpg?v=1763456755","2026-07-30 13:41:14"
"https://unityverseacademy.com/uploads/p/p/ayrik-matematik-discrete-mathematics-egitimi-ozel-ders_1.jpg?v=1759324738","image/jpeg","200","OK","Indexable","","","0","0","","0","0","","0","","0","","0","","","","","","","","","","160634","160634","160634","23,806","","0","","","","","0,000","2","3","","1","1","0","0,570","0","0","0","0","0","0","","","","","","0,065","Thu, 18 Jun 2026 12:14:51 GMT","","","","","1.1","","","","","","https://unityverseacademy.com/uploads/p/p/ayrik-matematik-discrete-mathematics-egitimi-ozel-ders_1.jpg?v=1759324738","2026-07-30 13:41:14"
"https://unityverseacademy.com/uploads/fm/0_cert_Information_Technology_(IT)_Specialist_Certificate.jpg","image/jpeg","200","OK","Indexable","","","0","0","","0","0","","0","","0","","0","","","","","","","","","","444048","444048","444048","65,808","","0","","","","","0,000","2","2","","0","0","0","0,000","0","0","0","0","0","0","","","","","","0,239","Wed, 17 Jun 2026 19:04:45 GMT","","","","","1.1","","","","","","https://unityverseacademy.com/uploads/fm/0_cert_Information_Technology_(IT)_Specialist_Certificate.jpg","2026-07-30 13:41:14"
"https://unityverseacademy.com/uploads/fm/WhatsApp_Image_2022-08-10_at_11_30_58.jpg","image/jpeg","200","OK","Indexable","","","0","0","","0","0","","0","","0","","0","","","","","","","","","","503300","503300","503300","74,589","","0","","","","","0,000","2","2","","0","0","0","0,000","0","0","0","0","0","0","","","","","","0,069","Thu, 18 Jun 2026 12:14:51 GMT","","","","","1.1","","","","","","https://unityverseacademy.com/uploads/fm/WhatsApp_Image_2022-08-10_at_11_30_58.jpg","2026-07-30 13:41:14"
"https://unityverseacademy.com/uploads/p/p/egitim-koclugu-ozel-ders_1.jpg?v=1759325700","image/jpeg","200","OK","Indexable","","","0","0","","0","0","","0","","0","","0","","","","","","","","","","141438","141438","141438","20,961","","0","","","","","0,000","2","3","","1","1","0","0,570","0","0","0","0","0","0","","","","","","0,247","Thu, 18 Jun 2026 12:14:51 GMT","","","","","1.1","","","","","","https://unityverseacademy.com/uploads/p/p/egitim-koclugu-ozel-ders_1.jpg?v=1759325700","2026-07-30 13:41:14"
"https://unityverseacademy.com/uploads/p/p/s/unity-ile-oyun-gelistirme-canli-online-egitimi_1.png?v=1695285630","image/png","200","OK","Indexable","","","0","0","","0","0","","0","","0","","0","","","","","","","","","","485088","485088","485088","71,890","","0","","","","","0,000","2","4","","0","0","0","0,000","0","0","0","0","0","0","","","","","","0,327","Wed, 17 Jun 2026 19:04:47 GMT","","","","","1.1","","","","","","https://unityverseacademy.com/uploads/p/p/s/unity-ile-oyun-gelistirme-canli-online-egitimi_1.png?v=1695285630","2026-07-30 13:41:15"
"https://unityverseacademy.com/uploads/p/p/cocuk-ve-gencler-icin-unity-ile-oyun-gelistirme-yuz-yuze-egitimi_2.jpg?v=1759586740","image/jpeg","200","OK","Indexable","","","0","0","","0","0","","0","","0","","0","","","","","","","","","","126145","126145","126145","18,695","","0","","","","","0,000","2","3","","0","0","0","0,000","0","0","0","0","0","0","","","","","","0,059","Wed, 17 Jun 2026 19:04:47 GMT","","","","","1.1","","","","","","https://unityverseacademy.com/uploads/p/p/cocuk-ve-gencler-icin-unity-ile-oyun-gelistirme-yuz-yuze-egitimi_2.jpg?v=1759586740","2026-07-30 13:41:15"
"https://unityverseacademy.com/uploads/p/p/unreal-engine-5-gorsellestirme-ve-animasyon-yuz-yuze-egitim_2.jpg?v=1759586166","image/jpeg","200","OK","Indexable","","","0","0","","0","0","","0","","0","","0","","","","","","","","","","110951","110951","110951","16,443","","0","","","","","0,000","2","3","","0","0","0","0,000","0","0","0","0","0","0","","","","","","0,064","Wed, 17 Jun 2026 19:04:47 GMT","","","","","1.1","","","","","","https://unityverseacademy.com/uploads/p/p/unreal-engine-5-gorsellestirme-ve-animasyon-yuz-yuze-egitim_2.jpg?v=1759586166","2026-07-30 13:41:15"
"https://unityverseacademy.com/uploads/fm/MicroSoft1.jpg","image/jpeg","200","OK","Indexable","","","0","0","","0","0","","0","","0","","0","","","","","","","","","","161884","161884","161884","23,991","","0","","","","","0,000","2","2","","0","0","0","0,000","0","0","0","0","0","0","","","","","","0,263","Wed, 17 Jun 2026 19:04:46 GMT","","","","","1.1","","","","","","https://unityverseacademy.com/uploads/fm/MicroSoft1.jpg","2026-07-30 13:41:15"
"https://unityverseacademy.com/uploads/p/p/unreal-engine-ile-sanal-gerceklik-online-canli-egitim_1.jpg?v=1696602754","image/jpeg","200","OK","Indexable","","","0","0","","0","0","","0","","0","","0","","","","","","","","","","115186","115186","115186","17,071","","0","","","","","0,000","2","3","","0","0","0","0,000","0","0","0","0","0","0","","","","","","0,259","Wed, 17 Jun 2026 19:04:47 GMT","","","","","1.1","","","","","","https://unityverseacademy.com/uploads/p/p/unreal-engine-ile-sanal-gerceklik-online-canli-egitim_1.jpg?v=1696602754","2026-07-30 13:41:15"
"https://unityverseacademy.com/uploads/fm/IMG_50982.jpg","image/jpeg","200","OK","Indexable","","","0","0","","0","0","","0","","0","","0","","","","","","","","","","96815","96815","96815","14,348","","0","","","","","0,000","2","2","","0","0","0","0,000","0","0","0","0","0","0","","","","","","0,247","Wed, 17 Jun 2026 19:04:46 GMT","","","","","1.1","","","","","","https://unityverseacademy.com/uploads/fm/IMG_50982.jpg","2026-07-30 13:41:15"
"https://unityverseacademy.com/uploads/p/p/unity-ile-oyun-gelistirme-canli-online-egitimi_1.png?v=1695285630","image/png","200","OK","Indexable","","","0","0","","0","0","","0","","0","","0","","","","","","","","","","312793","312793","312793","46,356","","0","","","","","0,000","2","3","","0","0","0","0,000","0","0","0","0","0","0","","","","","","0,062","Wed, 17 Jun 2026 19:04:47 GMT","","","","","1.1","","","","","","https://unityverseacademy.com/uploads/p/p/unity-ile-oyun-gelistirme-canli-online-egitimi_1.png?v=1695285630","2026-07-30 13:41:16"
"https://unityverseacademy.com/uploads/fm/Ekran_görüntüsü_2023-03-21_102640.png","image/png","200","OK","Indexable","","","0","0","","0","0","","0","","0","","0","","","","","","","","","","706061","706061","706061","104,638","","0","","","","","0,000","2","2","","0","0","0","0,000","0","0","0","0","0","0","","","","","","0,237","Thu, 18 Jun 2026 12:21:14 GMT","","","","","1.1","","","","","","https://unityverseacademy.com/uploads/fm/Ekran_g%C3%B6r%C3%BCnt%C3%BCs%C3%BC_2023-03-21_102640.png","2026-07-30 13:41:16"
"https://unityverseacademy.com/uploads/fm/IMG_510322.jpg","image/jpeg","200","OK","Indexable","","","0","0","","0","0","","0","","0","","0","","","","","","","","","","110921","110921","110921","16,438","","0","","","","","0,000","2","2","","0","0","0","0,000","0","0","0","0","0","0","","","","","","0,073","Wed, 17 Jun 2026 19:04:46 GMT","","","","","1.1","","","","","","https://unityverseacademy.com/uploads/fm/IMG_510322.jpg","2026-07-30 13:41:16"
"https://unityverseacademy.com/uploads/p/p/2b-cizgi-film-ve-animasyon-uzmanligi-canli-online-egitimi_2.jpg?v=1759405086","image/jpeg","200","OK","Indexable","","","0","0","","0","0","","0","","0","","0","","","","","","","","","","162717","162717","162717","24,115","","0","","","","","0,000","2","3","","1","1","0","0,570","0","0","0","0","0","0","","","","","","0,249","Wed, 17 Jun 2026 19:04:47 GMT","","","","","1.1","","","","","","https://unityverseacademy.com/uploads/p/p/2b-cizgi-film-ve-animasyon-uzmanligi-canli-online-egitimi_2.jpg?v=1759405086","2026-07-30 13:41:16"
"https://unityverseacademy.com/uploads/p/o/X9cFsrJqWZGf.jpg","image/jpeg","200","OK","Indexable","","","0","0","","0","0","","0","","0","","0","","","","","","","","","","3327","3327","3327","0,493","","0","","","","","0,000","2","3","","2","2","0","1,150","0","0","0","0","0","0","","","","","","0,068","Wed, 17 Jun 2026 19:04:47 GMT","","","","","1.1","","","","","","https://unityverseacademy.com/uploads/p/o/X9cFsrJqWZGf.jpg","2026-07-30 13:41:16"
"https://unityverseacademy.com/uploads/fm/WhatsApp_Görsel_2025-09-23_saat_14_40_10_b4a342a21.jpg","image/jpeg","200","OK","Indexable","","","0","0","","0","0","","0","","0","","0","","","","","","","","","","230544","230544","230544","34,167","","0","","","","","0,000","2","2","","0","0","0","0,000","0","0","0","0","0","0","","","","","","0,250","Wed, 17 Jun 2026 19:04:46 GMT","","","","","1.1","","","","","","https://unityverseacademy.com/uploads/fm/WhatsApp_G%C3%B6rsel_2025-09-23_saat_14_40_10_b4a342a21.jpg","2026-07-30 13:41:16"
"https://unityverseacademy.com/uploads/fm/Ekran_görüntüsü_2023-03-21_182555.png","image/png","200","OK","Indexable","","","0","0","","0","0","","0","","0","","0","","","","","","","","","","394425","394425","394425","58,454","","0","","","","","0,000","2","2","","0","0","0","0,000","0","0","0","0","0","0","","","","","","0,251","Thu, 18 Jun 2026 12:21:14 GMT","","","","","1.1","","","","","","https://unityverseacademy.com/uploads/fm/Ekran_g%C3%B6r%C3%BCnt%C3%BCs%C3%BC_2023-03-21_182555.png","2026-07-30 13:41:16"
"https://unityverseacademy.com/uploads/p/p/unreal-engine-5-ile-blueprint-oyun-gelistirme-yuz-yuze-egitim_1.jpg?v=1711707239","image/jpeg","200","OK","Indexable","","","0","0","","0","0","","0","","0","","0","","","","","","","","","","124435","124435","124435","18,441","","0","","","","","0,000","2","3","","0","0","0","0,000","0","0","0","0","0","0","","","","","","0,244","Thu, 18 Jun 2026 12:14:51 GMT","","","","","1.1","","","","","","https://unityverseacademy.com/uploads/p/p/unreal-engine-5-ile-blueprint-oyun-gelistirme-yuz-yuze-egitim_1.jpg?v=1711707239","2026-07-30 13:41:17"
"https://unityverseacademy.com/uploads/p/p/yapay-zeka-destekli-unity-ile-oyun-gelistirme-egitimi-online_1.webp?v=1780419449","image/webp","200","OK","Indexable","","","0","0","","0","0","","0","","0","","0","","","","","","","","","","141338","141338","141338","20,946","","0","","","","","0,000","2","3","","1","1","0","0,570","0","0","0","0","0","0","","","","","","0,233","Thu, 18 Jun 2026 12:16:26 GMT","","","","","1.1","","","","","","https://unityverseacademy.com/uploads/p/p/yapay-zeka-destekli-unity-ile-oyun-gelistirme-egitimi-online_1.webp?v=1780419449","2026-07-30 13:41:17"
"https://unityverseacademy.com/uploads/p/p/s/Autodesk-Fusion-360-Endustriyel-Urun-Tasarimi-Egitimi_1.jpg?v=1660636265","image/jpeg","200","OK","Indexable","","","0","0","","0","0","","0","","0","","0","","","","","","","","","","78644","78644","78644","11,655","","0","","","","","0,000","2","4","","0","0","0","0,000","0","0","0","0","0","0","","","","","","0,257","Wed, 17 Jun 2026 19:04:47 GMT","","","","","1.1","","","","","","https://unityverseacademy.com/uploads/p/p/s/Autodesk-Fusion-360-Endustriyel-Urun-Tasarimi-Egitimi_1.jpg?v=1660636265","2026-07-30 13:41:17"
"https://unityverseacademy.com/uploads/p/p/sketchupta-mimari-ve-ic-mekân-modelleme-egitimi-uygulamali-yuz-yuze_1.jpg?v=1766155079","image/jpeg","200","OK","Indexable","","","0","0","","0","0","","0","","0","","0","","","","","","","","","","1253187","1253187","1253187","185,722","","0","","","","","0,000","2","3","","0","0","0","0,000","0","0","0","0","0","0","","","","","","0,248","Wed, 17 Jun 2026 19:04:47 GMT","","","","","1.1","","","","","","https://unityverseacademy.com/uploads/p/p/sketchupta-mimari-ve-ic-mek%C3%A2n-modelleme-egitimi-uygulamali-yuz-yuze_1.jpg?v=1766155079","2026-07-30 13:41:17"
"https://unityverseacademy.com/uploads/fm/IMG_508921.jpg","image/jpeg","200","OK","Indexable","","","0","0","","0","0","","0","","0","","0","","","","","","","","","","115759","115759","115759","17,155","","0","","","","","0,000","2","2","","0","0","0","0,000","0","0","0","0","0","0","","","","","","0,071","Wed, 17 Jun 2026 19:04:46 GMT","","","","","1.1","","","","","","https://unityverseacademy.com/uploads/fm/IMG_508921.jpg","2026-07-30 13:41:17"
"https://unityverseacademy.com/uploads/p/p/desinatorluk-canli-online-egitimi_2.jpg?v=1699876654","image/jpeg","200","OK","Indexable","","","0","0","","0","0","","0","","0","","0","","","","","","","","","","136653","136653","136653","20,252","","0","","","","","0,000","2","3","","0","0","0","0,000","0","0","0","0","0","0","","","","","","0,099","Wed, 17 Jun 2026 19:04:47 GMT","","","","","1.1","","","","","","https://unityverseacademy.com/uploads/p/p/desinatorluk-canli-online-egitimi_2.jpg?v=1699876654","2026-07-30 13:41:17"
"https://unityverseacademy.com/uploads/p/p/insan-kaynaklari-egitimi-ozel-ders_1.jpg?v=1759325510","image/jpeg","200","OK","Indexable","","","0","0","","0","0","","0","","0","","0","","","","","","","","","","150885","150885","150885","22,361","","0","","","","","0,000","2","3","","1","1","0","0,570","0","0","0","0","0","0","","","","","","0,253","Thu, 18 Jun 2026 12:14:51 GMT","","","","","1.1","","","","","","https://unityverseacademy.com/uploads/p/p/insan-kaynaklari-egitimi-ozel-ders_1.jpg?v=1759325510","2026-07-30 13:41:18"
"https://unityverseacademy.com/uploads/p/p/fizik-egitimi-ozel-ders_2.jpg?v=1757943503","image/jpeg","200","OK","Indexable","","","0","0","","0","0","","0","","0","","0","","","","","","","","","","417627","417627","417627","61,892","","0","","","","","0,000","2","3","","1","1","0","0,570","0","0","0","0","0","0","","","","","","0,061","Thu, 18 Jun 2026 12:14:51 GMT","","","","","1.1","","","","","","https://unityverseacademy.com/uploads/p/p/fizik-egitimi-ozel-ders_2.jpg?v=1757943503","2026-07-30 13:41:18"
"https://unityverseacademy.com/uploads/p/cd/FOQfsSMU84Pt.jpg","image/jpeg","200","OK","Indexable","","","0","0","","0","0","","0","","0","","0","","","","","","","","","","177368","177368","177368","26,286","","0","","","","","0,000","2","3","","0","0","0","0,000","0","0","0","0","0","0","","","","","","0,067","Wed, 17 Jun 2026 19:04:47 GMT","","","","","1.1","","","","","","https://unityverseacademy.com/uploads/p/cd/FOQfsSMU84Pt.jpg","2026-07-30 13:41:18"
"https://unityverseacademy.com/uploads/fm/3boyuntlu_modelleme_ve_animasyon3.jpg","image/jpeg","200","OK","Indexable","","","0","0","","0","0","","0","","0","","0","","","","","","","","","","85535","85535","85535","12,676","","0","","","","","0,000","2","2","","0","0","0","0,000","0","0","0","0","0","0","","","","","","0,062","Wed, 17 Jun 2026 19:04:45 GMT","","","","","1.1","","","","","","https://unityverseacademy.com/uploads/fm/3boyuntlu_modelleme_ve_animasyon3.jpg","2026-07-30 13:41:19"
"https://unityverseacademy.com/uploads/p/p/profesyonel-mimari-render-ve-etkilesim-egitimi-yuz-yuze-24-saat_1.jpg?v=1765798484","image/jpeg","200","OK","Indexable","","","0","0","","0","0","","0","","0","","0","","","","","","","","","","514693","514693","514693","76,278","","0","","","","","0,000","2","3","","1","1","0","0,570","0","0","0","0","0","0","","","","","","0,255","Wed, 17 Jun 2026 19:04:47 GMT","","","","","1.1","","","","","","https://unityverseacademy.com/uploads/p/p/profesyonel-mimari-render-ve-etkilesim-egitimi-yuz-yuze-24-saat_1.jpg?v=1765798484","2026-07-30 13:41:19"
"https://unityverseacademy.com/uploads/fm/2B-Oyun-Karakter-Tasarimi-ve-Animasyon-Hizlandirilmis-Egitimi_21.jpg","image/jpeg","200","OK","Indexable","","","0","0","","0","0","","0","","0","","0","","","","","","","","","","77804","77804","77804","11,531","","0","","","","","0,000","2","2","","0","0","0","0,000","0","0","0","0","0","0","","","","","","0,072","Wed, 17 Jun 2026 19:04:45 GMT","","","","","1.1","","","","","","https://unityverseacademy.com/uploads/fm/2B-Oyun-Karakter-Tasarimi-ve-Animasyon-Hizlandirilmis-Egitimi_21.jpg","2026-07-30 13:41:19"
"https://unityverseacademy.com/uploads/fm/IMG_50892.jpg","image/jpeg","200","OK","Indexable","","","0","0","","0","0","","0","","0","","0","","","","","","","","","","115759","115759","115759","17,155","","0","","","","","0,000","2","2","","0","0","0","0,000","0","0","0","0","0","0","","","","","","0,259","Wed, 17 Jun 2026 19:04:46 GMT","","","","","1.1","","","","","","https://unityverseacademy.com/uploads/fm/IMG_50892.jpg","2026-07-30 13:41:19"
"https://unityverseacademy.com/uploads/fm/Ekran_görüntüsü_2023-03-21_104838.png","image/png","200","OK","Indexable","","","0","0","","0","0","","0","","0","","0","","","","","","","","","","1468478","1468478","1468478","217,628","","0","","","","","0,000","2","2","","0","0","0","0,000","0","0","0","0","0","0","","","","","","0,257","Thu, 18 Jun 2026 12:21:14 GMT","","","","","1.1","","","","","","https://unityverseacademy.com/uploads/fm/Ekran_g%C3%B6r%C3%BCnt%C3%BCs%C3%BC_2023-03-21_104838.png","2026-07-30 13:41:19"
"https://unityverseacademy.com/uploads/fm/ACP_Logo_Adobe_Certified_Professional_Adobe_Illustrator_digital_badge.png","image/png","200","OK","Indexable","","","0","0","","0","0","","0","","0","","0","","","","","","","","","","13370","13370","13370","1,981","","0","","","","","0,000","2","2","","0","0","0","0,000","0","0","0","0","0","0","","","","","","0,235","Wed, 17 Jun 2026 19:04:45 GMT","","","","","1.1","","","","","","https://unityverseacademy.com/uploads/fm/ACP_Logo_Adobe_Certified_Professional_Adobe_Illustrator_digital_badge.png","2026-07-30 13:41:19"
"https://unityverseacademy.com/uploads/p/p/lumion-egitimi_1.jpg?v=1757507245","image/jpeg","200","OK","Indexable","","","0","0","","0","0","","0","","0","","0","","","","","","","","","","193494","193494","193494","28,676","","0","","","","","0,000","2","3","","1","1","0","0,570","0","0","0","0","0","0","","","","","","0,071","Thu, 18 Jun 2026 12:14:51 GMT","","","","","1.1","","","","","","https://unityverseacademy.com/uploads/p/p/lumion-egitimi_1.jpg?v=1757507245","2026-07-30 13:41:19"
"https://unityverseacademy.com/uploads/fm/WhatsApp_Image_2022-08-10_at_11_30_54_(1).jpg","image/jpeg","200","OK","Indexable","","","0","0","","0","0","","0","","0","","0","","","","","","","","","","206517","206517","206517","30,606","","0","","","","","0,000","2","2","","0","0","0","0,000","0","0","0","0","0","0","","","","","","0,256","Thu, 18 Jun 2026 12:14:51 GMT","","","","","1.1","","","","","","https://unityverseacademy.com/uploads/fm/WhatsApp_Image_2022-08-10_at_11_30_54_(1).jpg","2026-07-30 13:41:19"
"https://unityverseacademy.com/uploads/p/p/almanca-egitimi-ozel-ders_1.jpg?v=1759325961","image/jpeg","200","OK","Indexable","","","0","0","","0","0","","0","","0","","0","","","","","","","","","","142897","142897","142897","21,177","","0","","","","","0,000","2","3","","1","1","0","0,570","0","0","0","0","0","0","","","","","","0,257","Thu, 18 Jun 2026 12:14:51 GMT","","","","","1.1","","","","","","https://unityverseacademy.com/uploads/p/p/almanca-egitimi-ozel-ders_1.jpg?v=1759325961","2026-07-30 13:41:19"
"https://unityverseacademy.com/uploads/fm/projegeliştirmeai232.png","image/png","200","OK","Indexable","","","0","0","","0","0","","0","","0","","0","","","","","","","","","","104500","104500","104500","15,487","","0","","","","","0,000","2","2","","0","0","0","0,000","0","0","0","0","0","0","","","","","","0,238","Wed, 17 Jun 2026 19:04:46 GMT","","","","","1.1","","","","","","https://unityverseacademy.com/uploads/fm/projegeli%C5%9Ftirmeai232.png","2026-07-30 13:41:20"
"https://unityverseacademy.com/uploads/fm/IMG_50452.jpg","image/jpeg","200","OK","Indexable","","","0","0","","0","0","","0","","0","","0","","","","","","","","","","124548","124548","124548","18,458","","0","","","","","0,000","2","2","","0","0","0","0,000","0","0","0","0","0","0","","","","","","0,066","Wed, 17 Jun 2026 19:04:46 GMT","","","","","1.1","","","","","","https://unityverseacademy.com/uploads/fm/IMG_50452.jpg","2026-07-30 13:41:20"
"https://unityverseacademy.com/uploads/fm/Unity_Certified_User_Prog_Logo3.png","image/png","200","OK","Indexable","","","0","0","","0","0","","0","","0","","0","","","","","","","","","","146606","146606","146606","21,727","","0","","","","","0,000","2","2","","0","0","0","0,000","0","0","0","0","0","0","","","","","","0,246","Wed, 17 Jun 2026 19:04:46 GMT","","","","","1.1","","","","","","https://unityverseacademy.com/uploads/fm/Unity_Certified_User_Prog_Logo3.png","2026-07-30 13:41:20"
"https://unityverseacademy.com/uploads/fm/WhatsApp_Image_2025-02-20_at_17_31_198.jpg","image/jpeg","200","OK","Indexable","","","0","0","","0","0","","0","","0","","0","","","","","","","","","","165966","165966","165966","24,596","","0","","","","","0,000","2","2","","0","0","0","0,000","0","0","0","0","0","0","","","","","","0,063","Wed, 17 Jun 2026 19:04:46 GMT","","","","","1.1","","","","","","https://unityverseacademy.com/uploads/fm/WhatsApp_Image_2025-02-20_at_17_31_198.jpg","2026-07-30 13:41:20"
"https://unityverseacademy.com/uploads/fm/Microsoft®_Certified_Fundamentals1.png","image/png","200","OK","Indexable","","","0","0","","0","0","","0","","0","","0","","","","","","","","","","38625","38625","38625","5,724","","0","","","","","0,000","2","2","","0","0","0","0,000","0","0","0","0","0","0","","","","","","0,251","Wed, 17 Jun 2026 19:04:46 GMT","","","","","1.1","","","","","","https://unityverseacademy.com/uploads/fm/Microsoft%C2%AE_Certified_Fundamentals1.png","2026-07-30 13:41:20"
"https://unityverseacademy.com/uploads/p/p/unity-ile-oyun-gelistirme-online-ozel-ders_1.jpeg?v=1747057605","image/jpeg","200","OK","Indexable","","","0","0","","0","0","","0","","0","","0","","","","","","","","","","79877","79877","79877","11,838","","0","","","","","0,000","2","3","","0","0","0","0,000","0","0","0","0","0","0","","","","","","0,240","Thu, 18 Jun 2026 12:14:51 GMT","","","","","1.1","","","","","","https://unityverseacademy.com/uploads/p/p/unity-ile-oyun-gelistirme-online-ozel-ders_1.jpeg?v=1747057605","2026-07-30 13:41:20"
"https://unityverseacademy.com/uploads/p/p/3ds-max-corona-ile-fotogercekci-mimari-gorsellestirmeegitimi-online_2.jpg?v=1765798392","image/jpeg","200","OK","Indexable","","","0","0","","0","0","","0","","0","","0","","","","","","","","","","557771","557771","557771","82,662","","0","","","","","0,000","2","3","","1","1","0","0,570","0","0","0","0","0","0","","","","","","0,245","Wed, 17 Jun 2026 19:04:47 GMT","","","","","1.1","","","","","","https://unityverseacademy.com/uploads/p/p/3ds-max-corona-ile-fotogercekci-mimari-gorsellestirmeegitimi-online_2.jpg?v=1765798392","2026-07-30 13:41:20"
"https://unityverseacademy.com/uploads/p/p/unreal-engine-ile-metaverse-gelistirme-yuz-yuze-egitim_1.jpg?v=1759587967","image/jpeg","200","OK","Indexable","","","0","0","","0","0","","0","","0","","0","","","","","","","","","","111131","111131","111131","16,470","","0","","","","","0,000","2","3","","0","0","0","0,000","0","0","0","0","0","0","","","","","","0,232","Wed, 17 Jun 2026 19:04:47 GMT","","","","","1.1","","","","","","https://unityverseacademy.com/uploads/p/p/unreal-engine-ile-metaverse-gelistirme-yuz-yuze-egitim_1.jpg?v=1759587967","2026-07-30 13:41:20"
"https://unityverseacademy.com/uploads/fm/IMG_51231.jpg","image/jpeg","200","OK","Indexable","","","0","0","","0","0","","0","","0","","0","","","","","","","","","","59800","59800","59800","8,862","","0","","","","","0,000","2","2","","0","0","0","0,000","0","0","0","0","0","0","","","","","","0,068","Wed, 17 Jun 2026 19:04:46 GMT","","","","","1.1","","","","","","https://unityverseacademy.com/uploads/fm/IMG_51231.jpg","2026-07-30 13:41:20"
"https://unityverseacademy.com/uploads/p/p/rhino-egitimi-40-saat-online_1.jpeg?v=1756551659","image/jpeg","200","OK","Indexable","","","0","0","","0","0","","0","","0","","0","","","","","","","","","","145318","145318","145318","21,536","","0","","","","","0,000","2","3","","1","1","0","0,570","0","0","0","0","0","0","","","","","","0,289","Thu, 18 Jun 2026 12:14:51 GMT","","","","","1.1","","","","","","https://unityverseacademy.com/uploads/p/p/rhino-egitimi-40-saat-online_1.jpeg?v=1756551659","2026-07-30 13:41:20"
"https://unityverseacademy.com/uploads/p/p/autodesk-fusion-360-endustriyel-urun-tasarimi-uzmanligi-canli-online-ozel-ders_2.jpg?v=1762940154","image/jpeg","200","OK","Indexable","","","0","0","","0","0","","0","","0","","0","","","","","","","","","","145937","145937","145937","21,628","","0","","","","","0,000","2","3","","1","1","0","0,570","0","0","0","0","0","0","","","","","","0,246","Wed, 17 Jun 2026 19:04:47 GMT","","","","","1.1","","","","","","https://unityverseacademy.com/uploads/p/p/autodesk-fusion-360-endustriyel-urun-tasarimi-uzmanligi-canli-online-ozel-ders_2.jpg?v=1762940154","2026-07-30 13:41:20"
"https://unityverseacademy.com/uploads/p/p/rhino-egitimi-24-saat-online-ozel-ders_1.jpeg?v=1756551156","image/jpeg","200","OK","Indexable","","","0","0","","0","0","","0","","0","","0","","","","","","","","","","145318","145318","145318","21,536","","0","","","","","0,000","2","3","","1","1","0","0,570","0","0","0","0","0","0","","","","","","0,261","Thu, 18 Jun 2026 12:14:51 GMT","","","","","1.1","","","","","","https://unityverseacademy.com/uploads/p/p/rhino-egitimi-24-saat-online-ozel-ders_1.jpeg?v=1756551156","2026-07-30 13:41:20"
"https://unityverseacademy.com/uploads/fm/Adobe_ACP_Adobe_Certified_Professional_Certificate_-_B5_150.jpg","image/jpeg","200","OK","Indexable","","","0","0","","0","0","","0","","0","","0","","","","","","","","","","293442","293442","293442","43,488","","0","","","","","0,000","2","2","","0","0","0","0,000","0","0","0","0","0","0","","","","","","0,273","Wed, 17 Jun 2026 19:04:45 GMT","","","","","1.1","","","","","","https://unityverseacademy.com/uploads/fm/Adobe_ACP_Adobe_Certified_Professional_Certificate_-_B5_150.jpg","2026-07-30 13:41:20"
"https://unityverseacademy.com/uploads/p/p/3ds-max-egitimi-10-saat-ozel-ders_1.jpg?v=1762865299","image/jpeg","200","OK","Indexable","","","0","0","","0","0","","0","","0","","0","","","","","","","","","","258715","258715","258715","38,342","","0","","","","","0,000","2","3","","1","1","0","0,570","0","0","0","0","0","0","","","","","","0,267","Thu, 18 Jun 2026 12:14:51 GMT","","","","","1.1","","","","","","https://unityverseacademy.com/uploads/p/p/3ds-max-egitimi-10-saat-ozel-ders_1.jpg?v=1762865299","2026-07-30 13:41:21"
"https://unityverseacademy.com/uploads/p/p/sosyal-medya-ve-google-reklamciligi-yuz-yuze-egitimi_1.jpg?v=1761747539","image/jpeg","200","OK","Indexable","","","0","0","","0","0","","0","","0","","0","","","","","","","","","","39162","39162","39162","5,804","","0","","","","","0,000","2","3","","1","1","0","0,570","0","0","0","0","0","0","","","","","","0,264","Wed, 17 Jun 2026 19:04:47 GMT","","","","","1.1","","","","","","https://unityverseacademy.com/uploads/p/p/sosyal-medya-ve-google-reklamciligi-yuz-yuze-egitimi_1.jpg?v=1761747539","2026-07-30 13:41:21"
"https://unityverseacademy.com/uploads/fm/ACP_Logo_Adobe_Certified_Professional_Adobe_Photoshop_digital_badge.png","image/png","200","OK","Indexable","","","0","0","","0","0","","0","","0","","0","","","","","","","","","","14911","14911","14911","2,210","","0","","","","","0,000","2","2","","0","0","0","0,000","0","0","0","0","0","0","","","","","","0,262","Wed, 17 Jun 2026 19:04:45 GMT","","","","","1.1","","","","","","https://unityverseacademy.com/uploads/fm/ACP_Logo_Adobe_Certified_Professional_Adobe_Photoshop_digital_badge.png","2026-07-30 13:41:21"
"https://unityverseacademy.com/uploads/p/p/unity-ile-oyun-gelistirme-yuz-yuze-egitimi_2.jpeg?v=1753523081","image/jpeg","200","OK","Indexable","","","0","0","","0","0","","0","","0","","0","","","","","","","","","","79877","79877","79877","11,838","","0","","","","","0,000","2","3","","1","1","0","0,570","0","0","0","0","0","0","","","","","","0,227","Wed, 17 Jun 2026 19:04:47 GMT","","","","","1.1","","","","","","https://unityverseacademy.com/uploads/p/p/unity-ile-oyun-gelistirme-yuz-yuze-egitimi_2.jpeg?v=1753523081","2026-07-30 13:41:21"
"https://unityverseacademy.com/uploads/p/p/unreal-engine-ile-sanal-gerceklik-yuz-yuze-egitim_2.jpg?v=1759591008","image/jpeg","200","OK","Indexable","","","0","0","","0","0","","0","","0","","0","","","","","","","","","","110527","110527","110527","16,380","","0","","","","","0,000","2","3","","0","0","0","0,000","0","0","0","0","0","0","","","","","","0,246","Wed, 17 Jun 2026 19:04:47 GMT","","","","","1.1","","","","","","https://unityverseacademy.com/uploads/p/p/unreal-engine-ile-sanal-gerceklik-yuz-yuze-egitim_2.jpg?v=1759591008","2026-07-30 13:41:21"
"https://unityverseacademy.com/uploads/p/b/fatih-yilmazin-yazilim-yolculugu-ve-lufthansadaki-basarisi_1.webp?v=1779437179","image/webp","200","OK","Indexable","","","0","0","","0","0","","0","","0","","0","","","","","","","","","","8562","8562","8562","1,269","","0","","","","","0,000","2","3","","0","0","0","0,000","0","0","0","0","0","0","","","","","","0,201","Wed, 17 Jun 2026 19:04:47 GMT","","","","","1.1","","","","","","https://unityverseacademy.com/uploads/p/b/fatih-yilmazin-yazilim-yolculugu-ve-lufthansadaki-basarisi_1.webp?v=1779437179","2026-07-30 13:41:21"
"https://unityverseacademy.com/uploads/fm/Doç__Dr__Ali_Çivril_pdf_11.jpg","image/jpeg","200","OK","Indexable","","","0","0","","0","0","","0","","0","","0","","","","","","","","","","29408","29408","29408","4,358","","0","","","","","0,000","2","2","","0","0","0","0,000","0","0","0","0","0","0","","","","","","0,273","Wed, 17 Jun 2026 19:04:45 GMT","","","","","1.1","","","","","","https://unityverseacademy.com/uploads/fm/Doc%CC%A7__Dr__Ali_C%CC%A7ivril_pdf_11.jpg","2026-07-30 13:41:21"
"https://unityverseacademy.com/uploads/fm/Kurucu_Eğitmen_Öğr__Gör__Nevin_Eryılmaz_pdf_22.jpg","image/jpeg","200","OK","Indexable","","","0","0","","0","0","","0","","0","","0","","","","","","","","","","81275","81275","81275","12,045","","0","","","","","0,000","2","2","","0","0","0","0,000","0","0","0","0","0","0","","","","","","0,250","Wed, 17 Jun 2026 19:04:46 GMT","","","","","1.1","","","","","","https://unityverseacademy.com/uploads/fm/Kurucu_Eg%CC%86itmen_O%CC%88g%CC%86r__Go%CC%88r__Nevin_Ery%C4%B1lmaz_pdf_22.jpg","2026-07-30 13:41:21"
"https://unityverseacademy.com/uploads/fm/dijital_oyun_geliştirme_(1)3.jpg","image/jpeg","200","OK","Indexable","","","0","0","","0","0","","0","","0","","0","","","","","","","","","","84932","84932","84932","12,587","","0","","","","","0,000","2","2","","0","0","0","0,000","0","0","0","0","0","0","","","","","","0,059","Wed, 17 Jun 2026 19:04:46 GMT","","","","","1.1","","","","","","https://unityverseacademy.com/uploads/fm/dijital_oyun_geli%C5%9Ftirme_(1)3.jpg","2026-07-30 13:41:21"
"https://unityverseacademy.com/uploads/p/o/CLDIvixRzArT.png?v=1731497148","image/png","200","OK","Indexable","","","0","0","","0","0","","0","","0","","0","","","","","","","","","","213577","213577","213577","31,652","","0","","","","","0,000","2","3","","0","0","0","0,000","0","0","0","0","0","0","","","","","","0,251","Wed, 17 Jun 2026 19:04:47 GMT","","","","","1.1","","","","","","https://unityverseacademy.com/uploads/p/o/CLDIvixRzArT.png?v=1731497148","2026-07-30 13:41:21"
"https://unityverseacademy.com/uploads/p/b/elif-arslanin-yazilim-gelistirici-olarak-ayakkabi-dunyasindaki-baslangici_2.webp?v=1779437223","image/webp","200","OK","Indexable","","","0","0","","0","0","","0","","0","","0","","","","","","","","","","34090","34090","34090","5,052","","0","","","","","0,000","2","3","","0","0","0","0,000","0","0","0","0","0","0","","","","","","0,270","Wed, 17 Jun 2026 19:04:47 GMT","","","","","1.1","","","","","","https://unityverseacademy.com/uploads/p/b/elif-arslanin-yazilim-gelistirici-olarak-ayakkabi-dunyasindaki-baslangici_2.webp?v=1779437223","2026-07-30 13:41:21"
"https://unityverseacademy.com/uploads/p/p/microsoft-office-egitimi_1.jpg?v=1757933202","image/jpeg","200","OK","Indexable","","","0","0","","0","0","","0","","0","","0","","","","","","","","","","463121","463121","463121","68,635","","0","","","","","0,000","2","3","","2","2","0","1,150","0","0","0","0","0","0","","","","","","0,266","Wed, 17 Jun 2026 19:04:47 GMT","","","","","1.1","","","","","","https://unityverseacademy.com/uploads/p/p/microsoft-office-egitimi_1.jpg?v=1757933202","2026-07-30 13:41:21"
"https://unityverseacademy.com/uploads/p/p/unreal-engine-ile-oyun-gelistirme-ozel-ders-online-canli-egitim-100-saat_1.jpg?v=1757921756","image/jpeg","200","OK","Indexable","","","0","0","","0","0","","0","","0","","0","","","","","","","","","","38139","38139","38139","5,652","","0","","","","","0,000","2","3","","0","0","0","0,000","0","0","0","0","0","0","","","","","","0,070","Wed, 17 Jun 2026 19:04:47 GMT","","","","","1.1","","","","","","https://unityverseacademy.com/uploads/p/p/unreal-engine-ile-oyun-gelistirme-ozel-ders-online-canli-egitim-100-saat_1.jpg?v=1757921756","2026-07-30 13:41:22"
"https://unityverseacademy.com/uploads/fm/IMG_5023.jpg","image/jpeg","200","OK","Indexable","","","0","0","","0","0","","0","","0","","0","","","","","","","","","","80961","80961","80961","11,998","","0","","","","","0,000","2","2","","0","0","0","0,000","0","0","0","0","0","0","","","","","","0,148","Wed, 17 Jun 2026 19:04:46 GMT","","","","","1.1","","","","","","https://unityverseacademy.com/uploads/fm/IMG_5023.jpg","2026-07-30 13:41:22"
"https://unityverseacademy.com/uploads/fm/OYUN_ÖRNEK_SERTİFİKA3.jpg","image/jpeg","200","OK","Indexable","","","0","0","","0","0","","0","","0","","0","","","","","","","","","","162482","162482","162482","24,080","","0","","","","","0,000","2","2","","0","0","0","0,000","0","0","0","0","0","0","","","","","","0,247","Wed, 17 Jun 2026 19:04:46 GMT","","","","","1.1","","","","","","https://unityverseacademy.com/uploads/fm/OYUN_O%CC%88RNEK_SERTI%CC%87FI%CC%87KA3.jpg","2026-07-30 13:41:22"
"https://unityverseacademy.com/uploads/fm/Feyyaz_Ağırman_pdf_11.jpg","image/jpeg","200","OK","Indexable","","","0","0","","0","0","","0","","0","","0","","","","","","","","","","33388","33388","33388","4,948","","0","","","","","0,000","2","2","","0","0","0","0,000","0","0","0","0","0","0","","","","","","0,074","Wed, 17 Jun 2026 19:04:46 GMT","","","","","1.1","","","","","","https://unityverseacademy.com/uploads/fm/Feyyaz_Ag%CC%86%C4%B1rman_pdf_11.jpg","2026-07-30 13:41:22"
"https://unityverseacademy.com/uploads/p/p/cocuklar-icin-minecraft-ile-kodlama-egitimi_1.webp?v=1780424011","image/webp","200","OK","Indexable","","","0","0","","0","0","","0","","0","","0","","","","","","","","","","141338","141338","141338","20,946","","0","","","","","0,000","2","3","","1","1","0","0,570","0","0","0","0","0","0","","","","","","0,287","Thu, 18 Jun 2026 12:14:51 GMT","","","","","1.1","","","","","","https://unityverseacademy.com/uploads/p/p/cocuklar-icin-minecraft-ile-kodlama-egitimi_1.webp?v=1780424011","2026-07-30 13:41:22"
"https://unityverseacademy.com/uploads/p/p/revit-egitimi_1.jpg?v=1757507764","image/jpeg","200","OK","Indexable","","","0","0","","0","0","","0","","0","","0","","","","","","","","","","247032","247032","247032","36,610","","0","","","","","0,000","2","3","","1","1","0","0,570","0","0","0","0","0","0","","","","","","0,070","Thu, 18 Jun 2026 12:14:51 GMT","","","","","1.1","","","","","","https://unityverseacademy.com/uploads/p/p/revit-egitimi_1.jpg?v=1757507764","2026-07-30 13:41:22"
"https://unityverseacademy.com/uploads/p/p/excel-kursu-temelden-ileri-seviyeye_1.jpg?v=1757932029","image/jpeg","200","OK","Indexable","","","0","0","","0","0","","0","","0","","0","","","","","","","","","","466789","466789","466789","69,178","","0","","","","","0,000","2","3","","1","1","0","0,570","0","0","0","0","0","0","","","","","","0,062","Wed, 17 Jun 2026 19:04:47 GMT","","","","","1.1","","","","","","https://unityverseacademy.com/uploads/p/p/excel-kursu-temelden-ileri-seviyeye_1.jpg?v=1757932029","2026-07-30 13:41:22"
"https://unityverseacademy.com/uploads/p/p/ic-mimarlik-ve-dekorasyon-egitimi_1.jpg?v=1757507465","image/jpeg","200","OK","Indexable","","","0","0","","0","0","","0","","0","","0","","","","","","","","","","242116","242116","242116","35,882","","0","","","","","0,000","2","3","","1","1","0","0,570","0","0","0","0","0","0","","","","","","0,239","Thu, 18 Jun 2026 12:14:51 GMT","","","","","1.1","","","","","","https://unityverseacademy.com/uploads/p/p/ic-mimarlik-ve-dekorasyon-egitimi_1.jpg?v=1757507465","2026-07-30 13:41:22"
"https://unityverseacademy.com/uploads/p/p/sosyal-medya-ve-google-reklamciligi-canli-online-egitimi_1.jpg?v=1699715495","image/jpeg","200","OK","Indexable","","","0","0","","0","0","","0","","0","","0","","","","","","","","","","130041","130041","130041","19,272","","0","","","","","0,000","2","3","","1","1","0","0,570","0","0","0","0","0","0","","","","","","0,245","Wed, 17 Jun 2026 19:04:47 GMT","","","","","1.1","","","","","","https://unityverseacademy.com/uploads/p/p/sosyal-medya-ve-google-reklamciligi-canli-online-egitimi_1.jpg?v=1699715495","2026-07-30 13:41:22"
"https://unityverseacademy.com/uploads/fm/IMG_504523.jpg","image/jpeg","200","OK","Indexable","","","0","0","","0","0","","0","","0","","0","","","","","","","","","","124548","124548","124548","18,458","","0","","","","","0,000","2","2","","0","0","0","0,000","0","0","0","0","0","0","","","","","","0,074","Wed, 17 Jun 2026 19:04:46 GMT","","","","","1.1","","","","","","https://unityverseacademy.com/uploads/fm/IMG_504523.jpg","2026-07-30 13:41:23"
"https://unityverseacademy.com/uploads/p/p/film-ve-animasyon-icin-storyboard-yuz-yuze-egitimi-ozel-ders_1.jpg?v=1759586033","image/jpeg","200","OK","Indexable","","","0","0","","0","0","","0","","0","","0","","","","","","","","","","130456","130456","130456","19,334","","0","","","","","0,000","2","3","","1","1","0","0,570","0","0","0","0","0","0","","","","","","0,072","Wed, 17 Jun 2026 19:04:47 GMT","","","","","1.1","","","","","","https://unityverseacademy.com/uploads/p/p/film-ve-animasyon-icin-storyboard-yuz-yuze-egitimi-ozel-ders_1.jpg?v=1759586033","2026-07-30 13:41:23"
"https://unityverseacademy.com/uploads/p/p/cocuk-ve-gencler-icin-unity-ile-oyun-gelistirme-canli-online-egitimi_2.jpg?v=1759588466","image/jpeg","200","OK","Indexable","","","0","0","","0","0","","0","","0","","0","","","","","","","","","","126145","126145","126145","18,695","","0","","","","","0,000","2","3","","1","1","0","0,570","0","0","0","0","0","0","","","","","","0,063","Thu, 18 Jun 2026 12:14:51 GMT","","","","","1.1","","","","","","https://unityverseacademy.com/uploads/p/p/cocuk-ve-gencler-icin-unity-ile-oyun-gelistirme-canli-online-egitimi_2.jpg?v=1759588466","2026-07-30 13:41:23"
"https://unityverseacademy.com/uploads/p/p/film-ve-animasyon-icin-storyboard-yuz-yuze-egitimi_1.jpg?v=1759588333","image/jpeg","200","OK","Indexable","","","0","0","","0","0","","0","","0","","0","","","","","","","","","","136751","136751","136751","20,266","","0","","","","","0,000","2","3","","1","1","0","0,570","0","0","0","0","0","0","","","","","","0,254","Wed, 17 Jun 2026 19:04:47 GMT","","","","","1.1","","","","","","https://unityverseacademy.com/uploads/p/p/film-ve-animasyon-icin-storyboard-yuz-yuze-egitimi_1.jpg?v=1759588333","2026-07-30 13:41:23"
"https://unityverseacademy.com/uploads/fm/IMG_4921-min2.jpg","image/jpeg","200","OK","Indexable","","","0","0","","0","0","","0","","0","","0","","","","","","","","","","270844","270844","270844","40,139","","0","","","","","0,000","2","2","","0","0","0","0,000","0","0","0","0","0","0","","","","","","0,066","Wed, 17 Jun 2026 19:04:46 GMT","","","","","1.1","","","","","","https://unityverseacademy.com/uploads/fm/IMG_4921-min2.jpg","2026-07-30 13:41:23"
"https://unityverseacademy.com/uploads/fm/endüstriyell_modelleme114.jpg","image/jpeg","200","OK","Indexable","","","0","0","","0","0","","0","","0","","0","","","","","","","","","","84792","84792","84792","12,566","","0","","","","","0,000","2","2","","0","0","0","0,000","0","0","0","0","0","0","","","","","","0,239","Wed, 17 Jun 2026 19:04:46 GMT","","","","","1.1","","","","","","https://unityverseacademy.com/uploads/fm/end%C3%BCstriyell_modelleme114.jpg","2026-07-30 13:41:23"
"https://unityverseacademy.com/uploads/fm/2B_animasyon_01-1.png","image/png","200","OK","Indexable","","","0","0","","0","0","","0","","0","","0","","","","","","","","","","55242","55242","55242","8,187","","0","","","","","0,000","2","2","","0","0","0","0,000","0","0","0","0","0","0","","","","","","0,237","Wed, 17 Jun 2026 19:04:45 GMT","","","","","1.1","","","","","","https://unityverseacademy.com/uploads/fm/2B_animasyon_01-1.png","2026-07-30 13:41:23"
"https://unityverseacademy.com/uploads/p/p/kurumsal-iletisim-egitimi-ozel-ders_1.jpg?v=1759325379","image/jpeg","200","OK","Indexable","","","0","0","","0","0","","0","","0","","0","","","","","","","","","","147612","147612","147612","21,876","","0","","","","","0,000","2","3","","1","1","0","0,570","0","0","0","0","0","0","","","","","","0,265","Thu, 18 Jun 2026 12:14:51 GMT","","","","","1.1","","","","","","https://unityverseacademy.com/uploads/p/p/kurumsal-iletisim-egitimi-ozel-ders_1.jpg?v=1759325379","2026-07-30 13:41:23"
"https://unityverseacademy.com/uploads/fm/IMG_58715.jpg","image/jpeg","200","OK","Indexable","","","0","0","","0","0","","0","","0","","0","","","","","","","","","","80270","80270","80270","11,896","","0","","","","","0,000","2","2","","0","0","0","0,000","0","0","0","0","0","0","","","","","","0,068","Wed, 17 Jun 2026 19:04:46 GMT","","","","","1.1","","","","","","https://unityverseacademy.com/uploads/fm/IMG_58715.jpg","2026-07-30 13:41:23"
"https://unityverseacademy.com/uploads/fm/Adobe_Certified_Professional_Program_Provider_badge.png","image/png","200","OK","Indexable","","","0","0","","0","0","","0","","0","","0","","","","","","","","","","18348","18348","18348","2,719","","0","","","","","0,000","2","2","","0","0","0","0,000","0","0","0","0","0","0","","","","","","0,072","Wed, 17 Jun 2026 19:04:45 GMT","","","","","1.1","","","","","","https://unityverseacademy.com/uploads/fm/Adobe_Certified_Professional_Program_Provider_badge.png","2026-07-30 13:41:23"
"https://unityverseacademy.com/uploads/p/p/excel-kursu-temelden-ileri-seviyeye-10-saat_2.jpg?v=1775131223","image/jpeg","200","OK","Indexable","","","0","0","","0","0","","0","","0","","0","","","","","","","","","","40251","40251","40251","5,965","","0","","","","","0,000","2","3","","1","1","0","0,570","0","0","0","0","0","0","","","","","","0,248","Wed, 17 Jun 2026 19:04:47 GMT","","","","","1.1","","","","","","https://unityverseacademy.com/uploads/p/p/excel-kursu-temelden-ileri-seviyeye-10-saat_2.jpg?v=1775131223","2026-07-30 13:41:23"
"https://unityverseacademy.com/uploads/p/p/2b-cizgi-film-ve-animasyon-yuz-yuze-egitimi_2.jpg?v=1759405015","image/jpeg","200","OK","Indexable","","","0","0","","0","0","","0","","0","","0","","","","","","","","","","162717","162717","162717","24,115","","0","","","","","0,000","2","3","","1","1","0","0,570","0","0","0","0","0","0","","","","","","0,246","Wed, 17 Jun 2026 19:04:47 GMT","","","","","1.1","","","","","","https://unityverseacademy.com/uploads/p/p/2b-cizgi-film-ve-animasyon-yuz-yuze-egitimi_2.jpg?v=1759405015","2026-07-30 13:41:23"
"https://unityverseacademy.com/uploads/p/p/ingilizce-egitimi-ozel-ders_1.jpg?v=1759326463","image/jpeg","200","OK","Indexable","","","0","0","","0","0","","0","","0","","0","","","","","","","","","","134542","134542","134542","19,939","","0","","","","","0,000","2","3","","1","1","0","0,570","0","0","0","0","0","0","","","","","","0,064","Thu, 18 Jun 2026 12:14:51 GMT","","","","","1.1","","","","","","https://unityverseacademy.com/uploads/p/p/ingilizce-egitimi-ozel-ders_1.jpg?v=1759326463","2026-07-30 13:41:24"
